{
  "timestamp": "2025-10-13T15:43:54.902Z",
  "runId": "cmgpanpk30001xzcci9f6b9u2",
  "step": 69,
  "loss": 0.23436210262084212,
  "elapsedMs": 544179,
  "parameters": {
    "w": 2.4984034639387507,
    "b": 1.0127904462550075
  }
}