{
  "timestamp": "2025-10-13T15:46:02.931Z",
  "runId": "cmgpanpk30001xzcci9f6b9u2",
  "step": 85,
  "loss": 0.2343614672773338,
  "elapsedMs": 672207,
  "parameters": {
    "w": 2.4984101333300797,
    "b": 1.0133853098850147
  }
}