{
  "timestamp": "2025-10-13T15:40:42.841Z",
  "runId": "cmgpanpk30001xzcci9f6b9u2",
  "step": 45,
  "loss": 0.2344643271425947,
  "elapsedMs": 352115,
  "parameters": {
    "w": 2.498309250364054,
    "b": 1.0043872462816403
  }
}