{
  "timestamp": "2025-10-13T15:42:10.866Z",
  "runId": "cmgpanpk30001xzcci9f6b9u2",
  "step": 56,
  "loss": 0.2343716003107822,
  "elapsedMs": 440141,
  "parameters": {
    "w": 2.49837948006155,
    "b": 1.010651250105173
  }
}