{
  "timestamp": "2025-10-13T15:35:14.739Z",
  "runId": "cmgpanpk30001xzcci9f6b9u2",
  "step": 4,
  "loss": 0.8108162356653676,
  "elapsedMs": 24007,
  "parameters": {
    "w": 2.49012752001898,
    "b": 0.3299688627426327
  }
}