{
  "timestamp": "2025-10-13T15:38:18.796Z",
  "runId": "cmgpanpk30001xzcci9f6b9u2",
  "step": 27,
  "loss": 0.23891049311886753,
  "elapsedMs": 208069,
  "parameters": {
    "w": 2.497730723124311,
    "b": 0.9527866133447684
  }
}