{
  "timestamp": "2025-10-13T15:48:02.984Z",
  "runId": "cmgpanpk30001xzcci9f6b9u2",
  "step": 100,
  "loss": 0.23436144556905766,
  "elapsedMs": 792261,
  "parameters": {
    "w": 2.4984113400027144,
    "b": 1.0134929367475147
  }
}