{
  "timestamp": "2025-10-13T15:39:14.812Z",
  "runId": "cmgpanpk30001xzcci9f6b9u2",
  "step": 34,
  "loss": 0.2354036977597159,
  "elapsedMs": 264085,
  "parameters": {
    "w": 2.49808571997562,
    "b": 0.9844498799288904
  }
}