{
  "timestamp": "2025-10-13T15:47:30.963Z",
  "runId": "cmgpanpk30001xzcci9f6b9u2",
  "step": 96,
  "loss": 0.23436144684286175,
  "elapsedMs": 760239,
  "parameters": {
    "w": 2.4984111758870533,
    "b": 1.0134782987643929
  }
}