{
  "timestamp": "2025-10-13T15:45:38.923Z",
  "runId": "cmgpanpk30001xzcci9f6b9u2",
  "step": 82,
  "loss": 0.23436148723948172,
  "elapsedMs": 648200,
  "parameters": {
    "w": 2.498409568895153,
    "b": 1.0133349661890267
  }
}