{
  "timestamp": "2025-10-13T15:36:02.753Z",
  "runId": "cmgpanpk30001xzcci9f6b9u2",
  "step": 10,
  "loss": 0.3973204699811988,
  "elapsedMs": 72029,
  "parameters": {
    "w": 2.494336144150085,
    "b": 0.6500138388512722
  }
}