{
  "timestamp": "2025-10-13T15:34:50.726Z",
  "runId": "cmgpanpk30001xzcci9f6b9u2",
  "step": 1,
  "loss": 55.39178099142959,
  "elapsedMs": 0,
  "parameters": {
    "w": 2.175383145237051,
    "b": 0.0796622486098537
  }
}