{
  "timestamp": "2025-10-13T15:37:38.774Z",
  "runId": "cmgpanpk30001xzcci9f6b9u2",
  "step": 22,
  "loss": 0.2473938871355678,
  "elapsedMs": 168050,
  "parameters": {
    "w": 2.4972591152878842,
    "b": 0.9107224525138357
  }
}