{
  "timestamp": "2025-10-13T15:35:01.516Z",
  "runId": "cmgpanpk30001xzcci9f6b9u2",
  "step": 2,
  "loss": 1.9663105404374994,
  "elapsedMs": 8001,
  "parameters": {
    "w": 2.449676534576109,
    "b": 0.1702437570655981
  }
}