{
  "timestamp": "2025-10-13T15:45:54.927Z",
  "runId": "cmgpanpk30001xzcci9f6b9u2",
  "step": 84,
  "loss": 0.2343614725895244,
  "elapsedMs": 664203,
  "parameters": {
    "w": 2.498409964604914,
    "b": 1.0133702607658601
  }
}