{
  "timestamp": "2025-10-13T15:41:54.861Z",
  "runId": "cmgpanpk30001xzcci9f6b9u2",
  "step": 54,
  "loss": 0.23437691681007966,
  "elapsedMs": 424137,
  "parameters": {
    "w": 2.4983719417954666,
    "b": 1.0099788888498489
  }
}