{
  "timestamp": "2025-10-13T15:41:46.860Z",
  "runId": "cmgpanpk30001xzcci9f6b9u2",
  "step": 53,
  "loss": 0.2343805419618879,
  "elapsedMs": 416136,
  "parameters": {
    "w": 2.4983675341552245,
    "b": 1.0095857577911416
  }
}