{
  "timestamp": "2025-10-13T15:37:46.781Z",
  "runId": "cmgpanpk30001xzcci9f6b9u2",
  "step": 23,
  "loss": 0.2449200064598274,
  "elapsedMs": 176054,
  "parameters": {
    "w": 2.4973742569288655,
    "b": 0.9209922914149025
  }
}