{
  "timestamp": "2025-10-13T15:35:54.748Z",
  "runId": "cmgpanpk30001xzcci9f6b9u2",
  "step": 9,
  "loss": 0.43550191830288404,
  "elapsedMs": 64024,
  "parameters": {
    "w": 2.493883782724621,
    "b": 0.6096678416522184
  }
}