{
  "timestamp": "2025-10-13T15:35:30.743Z",
  "runId": "cmgpanpk30001xzcci9f6b9u2",
  "step": 6,
  "loss": 0.6125972857287493,
  "elapsedMs": 40015,
  "parameters": {
    "w": 2.492192826439755,
    "b": 0.4597184600958325
  }
}