{
  "timestamp": "2025-10-13T15:43:38.896Z",
  "runId": "cmgpanpk30001xzcci9f6b9u2",
  "step": 67,
  "loss": 0.2343624470914019,
  "elapsedMs": 528173,
  "parameters": {
    "w": 2.4984015451169768,
    "b": 1.012619300609287
  }
}