{
  "timestamp": "2025-10-13T15:36:42.766Z",
  "runId": "cmgpanpk30001xzcci9f6b9u2",
  "step": 15,
  "loss": 0.2912432233266528,
  "elapsedMs": 112041,
  "parameters": {
    "w": 2.4960038058295226,
    "b": 0.7987575213414704
  }
}