{
  "timestamp": "2025-10-13T15:45:30.918Z",
  "runId": "cmgpanpk30001xzcci9f6b9u2",
  "step": 81,
  "loss": 0.23436149722882185,
  "elapsedMs": 640195,
  "parameters": {
    "w": 2.4984093375228125,
    "b": 1.0133143293747437
  }
}