{
  "timestamp": "2025-10-13T15:46:34.943Z",
  "runId": "cmgpanpk30001xzcci9f6b9u2",
  "step": 89,
  "loss": 0.23436145437304118,
  "elapsedMs": 704219,
  "parameters": {
    "w": 2.4984106556851335,
    "b": 1.0134319003470238
  }
}