{
  "timestamp": "2025-10-13T15:46:58.948Z",
  "runId": "cmgpanpk30001xzcci9f6b9u2",
  "step": 92,
  "loss": 0.23436144979942286,
  "elapsedMs": 728224,
  "parameters": {
    "w": 2.498410925857051,
    "b": 1.013455997815518
  }
}