{
  "timestamp": "2025-10-13T15:36:34.763Z",
  "runId": "cmgpanpk30001xzcci9f6b9u2",
  "step": 14,
  "loss": 0.3045706759773135,
  "elapsedMs": 104039,
  "parameters": {
    "w": 2.4957365565053924,
    "b": 0.7749207280113913
  }
}