{
  "timestamp": "2025-10-13T15:40:02.826Z",
  "runId": "cmgpanpk30001xzcci9f6b9u2",
  "step": 40,
  "loss": 0.23465618992503848,
  "elapsedMs": 312102,
  "parameters": {
    "w": 2.498238326634868,
    "b": 0.9980613396262035
  }
}