{
  "timestamp": "2025-10-13T15:38:34.800Z",
  "runId": "cmgpanpk30001xzcci9f6b9u2",
  "step": 29,
  "loss": 0.23734736667219847,
  "elapsedMs": 224075,
  "parameters": {
    "w": 2.497859980590441,
    "b": 0.9643154863276391
  }
}