{
  "timestamp": "2025-10-13T15:38:50.802Z",
  "runId": "cmgpanpk30001xzcci9f6b9u2",
  "step": 31,
  "loss": 0.2363213556862089,
  "elapsedMs": 240078,
  "parameters": {
    "w": 2.4979647017851163,
    "b": 0.9736558934095015
  }
}