{
  "timestamp": "2025-10-13T15:45:14.917Z",
  "runId": "cmgpanpk30001xzcci9f6b9u2",
  "step": 79,
  "loss": 0.23436152477742042,
  "elapsedMs": 624193,
  "parameters": {
    "w": 2.4984087948871436,
    "b": 1.0132659300219427
  }
}