{
  "timestamp": "2025-10-13T15:43:14.888Z",
  "runId": "cmgpanpk30001xzcci9f6b9u2",
  "step": 64,
  "loss": 0.23436332973661456,
  "elapsedMs": 504165,
  "parameters": {
    "w": 2.4983977919029576,
    "b": 1.012284539848465
  }
}