{
  "timestamp": "2025-10-13T15:37:54.784Z",
  "runId": "cmgpanpk30001xzcci9f6b9u2",
  "step": 24,
  "loss": 0.24291572966558223,
  "elapsedMs": 184057,
  "parameters": {
    "w": 2.4974778956128576,
    "b": 0.9302361460225106
  }
}