{
  "timestamp": "2025-10-13T15:35:38.743Z",
  "runId": "cmgpanpk30001xzcci9f6b9u2",
  "step": 7,
  "loss": 0.5407987041344079,
  "elapsedMs": 48016,
  "parameters": {
    "w": 2.4928216911896075,
    "b": 0.5150447154944316
  }
}