{
  "timestamp": "2025-10-13T15:47:06.953Z",
  "runId": "cmgpanpk30001xzcci9f6b9u2",
  "step": 93,
  "loss": 0.23436144881335855,
  "elapsedMs": 736229,
  "parameters": {
    "w": 2.4984109985505647,
    "b": 1.0134624815747713
  }
}