{
  "timestamp": "2025-10-13T15:44:58.913Z",
  "runId": "cmgpanpk30001xzcci9f6b9u2",
  "step": 77,
  "loss": 0.2343615667476757,
  "elapsedMs": 608189,
  "parameters": {
    "w": 2.498408125111442,
    "b": 1.0132061906566232
  }
}