{
  "timestamp": "2025-10-13T15:46:18.936Z",
  "runId": "cmgpanpk30001xzcci9f6b9u2",
  "step": 87,
  "loss": 0.23436145948669246,
  "elapsedMs": 688212,
  "parameters": {
    "w": 2.4984104218960987,
    "b": 1.013411047980294
  }
}