{
  "timestamp": "2025-10-13T15:37:30.771Z",
  "runId": "cmgpanpk30001xzcci9f6b9u2",
  "step": 21,
  "loss": 0.2504474003106811,
  "elapsedMs": 160047,
  "parameters": {
    "w": 2.497131193965678,
    "b": 0.8993127543380269
  }
}