{
  "timestamp": "2025-10-13T15:42:42.880Z",
  "runId": "cmgpanpk30001xzcci9f6b9u2",
  "step": 60,
  "loss": 0.23436582008698822,
  "elapsedMs": 472157,
  "parameters": {
    "w": 2.498390535374115,
    "b": 1.0116373076085754
  }
}