{
  "timestamp": "2025-10-13T15:40:58.846Z",
  "runId": "cmgpanpk30001xzcci9f6b9u2",
  "step": 47,
  "loss": 0.23442897504309548,
  "elapsedMs": 368121,
  "parameters": {
    "w": 2.498328689017984,
    "b": 1.0061210399171572
  }
}