{
  "timestamp": "2025-10-13T15:41:30.854Z",
  "runId": "cmgpanpk30001xzcci9f6b9u2",
  "step": 51,
  "loss": 0.23439053940429272,
  "elapsedMs": 400130,
  "parameters": {
    "w": 2.49835719695239,
    "b": 1.0086637507145375
  }
}