{
  "timestamp": "2025-10-13T15:38:42.800Z",
  "runId": "cmgpanpk30001xzcci9f6b9u2",
  "step": 30,
  "loss": 0.2367805646407047,
  "elapsedMs": 232076,
  "parameters": {
    "w": 2.497915094185331,
    "b": 0.9692312382307049
  }
}