{
  "timestamp": "2025-10-13T15:46:42.946Z",
  "runId": "cmgpanpk30001xzcci9f6b9u2",
  "step": 90,
  "loss": 0.2343614525187907,
  "elapsedMs": 712222,
  "parameters": {
    "w": 2.4984107553695427,
    "b": 1.0134407915076418
  }
}