{
  "timestamp": "2025-10-13T15:38:02.788Z",
  "runId": "cmgpanpk30001xzcci9f6b9u2",
  "step": 25,
  "loss": 0.24129191429431437,
  "elapsedMs": 192062,
  "parameters": {
    "w": 2.4975711805159384,
    "b": 0.938556514903635
  }
}