{
  "timestamp": "2025-10-13T15:35:06.727Z",
  "runId": "cmgpanpk30001xzcci9f6b9u2",
  "step": 3,
  "loss": 0.9591060102541955,
  "elapsedMs": 16001,
  "parameters": {
    "w": 2.4849612807948938,
    "b": 0.2541483796133501
  }
}