{
  "timestamp": "2025-10-13T15:40:34.840Z",
  "runId": "cmgpanpk30001xzcci9f6b9u2",
  "step": 44,
  "loss": 0.2344884326150601,
  "elapsedMs": 344115,
  "parameters": {
    "w": 2.4982978845416794,
    "b": 1.0033734934484522
  }
}