{
  "timestamp": "2025-10-13T15:47:22.959Z",
  "runId": "cmgpanpk30001xzcci9f6b9u2",
  "step": 95,
  "loss": 0.23436144736723694,
  "elapsedMs": 752235,
  "parameters": {
    "w": 2.4984111228762864,
    "b": 1.0134735705701943
  }
}