{
  "timestamp": "2025-10-13T15:40:26.841Z",
  "runId": "cmgpanpk30001xzcci9f6b9u2",
  "step": 43,
  "loss": 0.23451818602171687,
  "elapsedMs": 336114,
  "parameters": {
    "w": 2.4982852572157728,
    "b": 1.002247223215494
  }
}