{
  "timestamp": "2025-10-13T15:37:06.770Z",
  "runId": "cmgpanpk30001xzcci9f6b9u2",
  "step": 18,
  "loss": 0.264610374717966,
  "elapsedMs": 136044,
  "parameters": {
    "w": 2.4966557629832433,
    "b": 0.856907595296017
  }
}