{
  "timestamp": "2025-10-13T15:39:54.822Z",
  "runId": "cmgpanpk30001xzcci9f6b9u2",
  "step": 39,
  "loss": 0.23472524902247677,
  "elapsedMs": 304097,
  "parameters": {
    "w": 2.4982190889197313,
    "b": 0.9963454683428805
  }
}