{
  "timestamp": "2025-10-13T15:47:54.977Z",
  "runId": "cmgpanpk30001xzcci9f6b9u2",
  "step": 99,
  "loss": 0.2343614457949793,
  "elapsedMs": 784253,
  "parameters": {
    "w": 2.4984113052073016,
    "b": 1.0134898332371096
  }
}