{
  "timestamp": "2025-10-13T15:36:10.756Z",
  "runId": "cmgpanpk30001xzcci9f6b9u2",
  "step": 11,
  "loss": 0.3663868070960559,
  "elapsedMs": 80030,
  "parameters": {
    "w": 2.49474330029529,
    "b": 0.686329163484495
  }
}