{
  "timestamp": "2025-10-13T15:35:46.746Z",
  "runId": "cmgpanpk30001xzcci9f6b9u2",
  "step": 8,
  "loss": 0.4826293148140077,
  "elapsedMs": 56021,
  "parameters": {
    "w": 2.493381096866606,
    "b": 0.5648438048124124
  }
}