{
  "timestamp": "2025-10-13T15:42:18.869Z",
  "runId": "cmgpanpk30001xzcci9f6b9u2",
  "step": 57,
  "loss": 0.23436967250602353,
  "elapsedMs": 448145,
  "parameters": {
    "w": 2.4983826942738934,
    "b": 1.0109379356402914
  }
}