{
  "timestamp": "2025-10-13T15:37:22.771Z",
  "runId": "cmgpanpk30001xzcci9f6b9u2",
  "step": 20,
  "loss": 0.2542163544085986,
  "elapsedMs": 152046,
  "parameters": {
    "w": 2.496989074533165,
    "b": 0.8866366828127445
  }
}