{
  "timestamp": "2025-10-13T15:41:06.846Z",
  "runId": "cmgpanpk30001xzcci9f6b9u2",
  "step": 48,
  "loss": 0.23441615609178382,
  "elapsedMs": 376122,
  "parameters": {
    "w": 2.4983369773910273,
    "b": 1.0068603055310623
  }
}