{
  "timestamp": "2025-10-13T15:44:42.909Z",
  "runId": "cmgpanpk30001xzcci9f6b9u2",
  "step": 75,
  "loss": 0.2343616306893068,
  "elapsedMs": 592184,
  "parameters": {
    "w": 2.4984072984066827,
    "b": 1.013132454303506
  }
}