{
  "timestamp": "2025-10-13T15:46:50.946Z",
  "runId": "cmgpanpk30001xzcci9f6b9u2",
  "step": 91,
  "loss": 0.23436145101652295,
  "elapsedMs": 720223,
  "parameters": {
    "w": 2.4984108450952136,
    "b": 1.0134487944176034
  }
}