{
  "timestamp": "2025-10-13T15:38:26.798Z",
  "runId": "cmgpanpk30001xzcci9f6b9u2",
  "step": 28,
  "loss": 0.23804697093679342,
  "elapsedMs": 216071,
  "parameters": {
    "w": 2.4977987498847662,
    "b": 0.9588541304036127
  }
}