{
  "timestamp": "2025-10-13T15:38:58.810Z",
  "runId": "cmgpanpk30001xzcci9f6b9u2",
  "step": 32,
  "loss": 0.23594931597538898,
  "elapsedMs": 248084,
  "parameters": {
    "w": 2.498009353453391,
    "b": 0.9776385137364229
  }
}