{
  "timestamp": "2025-10-13T15:42:26.873Z",
  "runId": "cmgpanpk30001xzcci9f6b9u2",
  "step": 58,
  "loss": 0.23436811064639976,
  "elapsedMs": 456149,
  "parameters": {
    "w": 2.498385587377852,
    "b": 1.0111959805259287
  }
}