{
  "timestamp": "2025-10-13T15:47:14.957Z",
  "runId": "cmgpanpk30001xzcci9f6b9u2",
  "step": 94,
  "loss": 0.23436144801447364,
  "elapsedMs": 744233,
  "parameters": {
    "w": 2.4984110639818033,
    "b": 1.0134683175891843
  }
}