{
  "timestamp": "2025-10-13T15:43:46.901Z",
  "runId": "cmgpanpk30001xzcci9f6b9u2",
  "step": 68,
  "loss": 0.2343622567945963,
  "elapsedMs": 536178,
  "parameters": {
    "w": 2.498402554971441,
    "b": 1.012709372650717
  }
}