{
  "timestamp": "2025-10-13T15:44:26.907Z",
  "runId": "cmgpanpk30001xzcci9f6b9u2",
  "step": 73,
  "loss": 0.2343617281043014,
  "elapsedMs": 576183,
  "parameters": {
    "w": 2.4984062780042438,
    "b": 1.0130414414555802
  }
}