{
  "timestamp": "2025-10-13T15:39:30.816Z",
  "runId": "cmgpanpk30001xzcci9f6b9u2",
  "step": 36,
  "loss": 0.23504556276390073,
  "elapsedMs": 280092,
  "parameters": {
    "w": 2.4981475902387507,
    "b": 0.9899682799594753
  }
}