{
  "timestamp": "2025-10-13T15:41:14.852Z",
  "runId": "cmgpanpk30001xzcci9f6b9u2",
  "step": 49,
  "loss": 0.23440577049522193,
  "elapsedMs": 384126,
  "parameters": {
    "w": 2.4983444377335005,
    "b": 1.007525716538691
  }
}