{
  "timestamp": "2025-10-13T15:40:18.835Z",
  "runId": "cmgpanpk30001xzcci9f6b9u2",
  "step": 42,
  "loss": 0.23455491067869894,
  "elapsedMs": 328110,
  "parameters": {
    "w": 2.4982712283708466,
    "b": 1.0009959471685916
  }
}