{
  "timestamp": "2025-10-13T15:47:46.970Z",
  "runId": "cmgpanpk30001xzcci9f6b9u2",
  "step": 98,
  "loss": 0.23436144607383466,
  "elapsedMs": 776246,
  "parameters": {
    "w": 2.498411266549913,
    "b": 1.0134863852651066
  }
}