{
  "timestamp": "2025-10-13T15:42:34.877Z",
  "runId": "cmgpanpk30001xzcci9f6b9u2",
  "step": 59,
  "loss": 0.23436684526645218,
  "elapsedMs": 464154,
  "parameters": {
    "w": 2.4983881914530097,
    "b": 1.011428246039346
  }
}