{
  "timestamp": "2025-10-13T15:44:10.902Z",
  "runId": "cmgpanpk30001xzcci9f6b9u2",
  "step": 71,
  "loss": 0.23436187651592308,
  "elapsedMs": 560179,
  "parameters": {
    "w": 2.498405018520583,
    "b": 1.0129291042143496
  }
}