{
  "timestamp": "2025-10-13T15:47:38.965Z",
  "runId": "cmgpanpk30001xzcci9f6b9u2",
  "step": 97,
  "loss": 0.23436144641802606,
  "elapsedMs": 768242,
  "parameters": {
    "w": 2.4984112236019036,
    "b": 1.0134825545993822
  }
}