{
  "timestamp": "2025-10-13T15:44:02.902Z",
  "runId": "cmgpanpk30001xzcci9f6b9u2",
  "step": 70,
  "loss": 0.2343619777130885,
  "elapsedMs": 552179,
  "parameters": {
    "w": 2.4984042820978023,
    "b": 1.012863420390025
  }
}