{
  "timestamp": "2025-10-13T15:43:22.891Z",
  "runId": "cmgpanpk30001xzcci9f6b9u2",
  "step": 65,
  "loss": 0.23436297189186628,
  "elapsedMs": 512167,
  "parameters": {
    "w": 2.498399176713511,
    "b": 1.0124080553826293
  }
}