{
  "timestamp": "2025-10-13T15:38:10.794Z",
  "runId": "cmgpanpk30001xzcci9f6b9u2",
  "step": 26,
  "loss": 0.23997633933603682,
  "elapsedMs": 200066,
  "parameters": {
    "w": 2.497655146008433,
    "b": 0.9460456567450704
  }
}