{
  "timestamp": "2025-10-13T15:42:50.882Z",
  "runId": "cmgpanpk30001xzcci9f6b9u2",
  "step": 61,
  "loss": 0.2343649895120015,
  "elapsedMs": 480158,
  "parameters": {
    "w": 2.498392645131251,
    "b": 1.0118254833695208
  }
}