{
  "timestamp": "2025-10-13T15:36:58.768Z",
  "runId": "cmgpanpk30001xzcci9f6b9u2",
  "step": 17,
  "loss": 0.2716977266411111,
  "elapsedMs": 128043,
  "parameters": {
    "w": 2.496460875009757,
    "b": 0.8395249344759489
  }
}