{
  "timestamp": "2025-10-13T15:46:26.939Z",
  "runId": "cmgpanpk30001xzcci9f6b9u2",
  "step": 88,
  "loss": 0.23436145666174424,
  "elapsedMs": 696215,
  "parameters": {
    "w": 2.498410544936656,
    "b": 1.0134220223479566
  }
}