{
  "timestamp": "2025-10-13T15:40:50.846Z",
  "runId": "cmgpanpk30001xzcci9f6b9u2",
  "step": 46,
  "loss": 0.2344447974863947,
  "elapsedMs": 360117,
  "parameters": {
    "w": 2.498319480710463,
    "b": 1.0052997225033529
  }
}