{
  "timestamp": "2025-10-13T15:42:58.882Z",
  "runId": "cmgpanpk30001xzcci9f6b9u2",
  "step": 62,
  "loss": 0.23436431660073778,
  "elapsedMs": 488159,
  "parameters": {
    "w": 2.498394544118023,
    "b": 1.0119948598701274
  }
}