{
  "timestamp": "2025-10-13T15:35:22.736Z",
  "runId": "cmgpanpk30001xzcci9f6b9u2",
  "step": 5,
  "loss": 0.7012215876197267,
  "elapsedMs": 32010,
  "parameters": {
    "w": 2.4914355190072768,
    "b": 0.39825214801766246
  }
}