{
  "timestamp": "2025-10-13T15:44:50.910Z",
  "runId": "cmgpanpk30001xzcci9f6b9u2",
  "step": 76,
  "loss": 0.2343615953658581,
  "elapsedMs": 600186,
  "parameters": {
    "w": 2.498407733492162,
    "b": 1.0131712609224237
  }
}