{
  "timestamp": "2025-10-13T15:42:02.865Z",
  "runId": "cmgpanpk30001xzcci9f6b9u2",
  "step": 55,
  "loss": 0.2343739798019546,
  "elapsedMs": 432141,
  "parameters": {
    "w": 2.4983759091006945,
    "b": 1.0103327450674033
  }
}