{
  "timestamp": "2025-10-13T15:46:10.932Z",
  "runId": "cmgpanpk30001xzcci9f6b9u2",
  "step": 86,
  "loss": 0.23436146297352872,
  "elapsedMs": 680208,
  "parameters": {
    "w": 2.498410285199152,
    "b": 1.0133988555570332
  }
}