{
  "timestamp": "2025-10-13T15:45:46.924Z",
  "runId": "cmgpanpk30001xzcci9f6b9u2",
  "step": 83,
  "loss": 0.23436147914636613,
  "elapsedMs": 656200,
  "parameters": {
    "w": 2.4984097771527796,
    "b": 1.0133535413305292
  }
}