{
  "timestamp": "2025-10-13T15:39:06.810Z",
  "runId": "cmgpanpk30001xzcci9f6b9u2",
  "step": 33,
  "loss": 0.23564789862480845,
  "elapsedMs": 256084,
  "parameters": {
    "w": 2.49804954430093,
    "b": 0.9812232596719741
  }
}