{
  "timestamp": "2025-10-13T15:44:18.907Z",
  "runId": "cmgpanpk30001xzcci9f6b9u2",
  "step": 72,
  "loss": 0.2343617945284884,
  "elapsedMs": 568183,
  "parameters": {
    "w": 2.4984056813727635,
    "b": 1.0129882260494607
  }
}