{
  "timestamp": "2025-10-13T15:44:34.908Z",
  "runId": "cmgpanpk30001xzcci9f6b9u2",
  "step": 74,
  "loss": 0.23436167428907168,
  "elapsedMs": 584184,
  "parameters": {
    "w": 2.498406815030648,
    "b": 1.0130893405007153
  }
}