{
  "timestamp": "2025-10-13T15:40:10.832Z",
  "runId": "cmgpanpk30001xzcci9f6b9u2",
  "step": 41,
  "loss": 0.2346002399563176,
  "elapsedMs": 320106,
  "parameters": {
    "w": 2.4982556424509594,
    "b": 0.9996057907924978
  }
}