{
  "timestamp": "2025-10-13T15:39:38.816Z",
  "runId": "cmgpanpk30001xzcci9f6b9u2",
  "step": 37,
  "loss": 0.2349157001775376,
  "elapsedMs": 288093,
  "parameters": {
    "w": 2.498173970862787,
    "b": 0.9923212493687603
  }
}