{
  "timestamp": "2025-10-13T15:36:50.767Z",
  "runId": "cmgpanpk30001xzcci9f6b9u2",
  "step": 16,
  "loss": 0.2804456515860002,
  "elapsedMs": 120042,
  "parameters": {
    "w": 2.4962443562330687,
    "b": 0.820212955450764
  }
}