{
  "timestamp": "2025-10-13T15:43:30.894Z",
  "runId": "cmgpanpk30001xzcci9f6b9u2",
  "step": 66,
  "loss": 0.2343626819749225,
  "elapsedMs": 520171,
  "parameters": {
    "w": 2.498400423177797,
    "b": 1.0125192313855438
  }
}