{
  "timestamp": "2025-10-13T15:36:18.755Z",
  "runId": "cmgpanpk30001xzcci9f6b9u2",
  "step": 12,
  "loss": 0.34132512029374723,
  "elapsedMs": 88031,
  "parameters": {
    "w": 2.4951097788009795,
    "b": 0.7190164903609922
  }
}