{
  "timestamp": "2025-10-13T15:41:22.853Z",
  "runId": "cmgpanpk30001xzcci9f6b9u2",
  "step": 50,
  "loss": 0.23439735634235379,
  "elapsedMs": 392130,
  "parameters": {
    "w": 2.4983511527678655,
    "b": 1.008124651212163
  }
}