{
  "timestamp": "2025-10-13T15:43:06.886Z",
  "runId": "cmgpanpk30001xzcci9f6b9u2",
  "step": 63,
  "loss": 0.2343637714247139,
  "elapsedMs": 496162,
  "parameters": {
    "w": 2.4983962533909523,
    "b": 1.012147315206636
  }
}