{
  "timestamp": "2025-10-13T15:45:22.916Z",
  "runId": "cmgpanpk30001xzcci9f6b9u2",
  "step": 80,
  "loss": 0.23436150955867335,
  "elapsedMs": 632193,
  "parameters": {
    "w": 2.498409080470234,
    "b": 1.01329140206064
  }
}