{
  "timestamp": "2025-10-13T15:39:46.816Z",
  "runId": "cmgpanpk30001xzcci9f6b9u2",
  "step": 38,
  "loss": 0.23481048872945087,
  "elapsedMs": 296093,
  "parameters": {
    "w": 2.498197715992131,
    "b": 0.9944391508592423
  }
}