{
  "timestamp": "2025-10-13T15:36:26.763Z",
  "runId": "cmgpanpk30001xzcci9f6b9u2",
  "step": 13,
  "loss": 0.32102076294333587,
  "elapsedMs": 96035,
  "parameters": {
    "w": 2.49543964491867,
    "b": 0.7484382661154548
  }
}