{
  "timestamp": "2025-10-13T15:39:22.815Z",
  "runId": "cmgpanpk30001xzcci9f6b9u2",
  "step": 35,
  "loss": 0.23520585227272897,
  "elapsedMs": 272090,
  "parameters": {
    "w": 2.498118281603937,
    "b": 0.9873541522175043
  }
}