{
  "timestamp": "2025-10-13T15:45:06.914Z",
  "runId": "cmgpanpk30001xzcci9f6b9u2",
  "step": 78,
  "loss": 0.23436154356193373,
  "elapsedMs": 616190,
  "parameters": {
    "w": 2.4984084776069113,
    "b": 1.0132376308172268
  }
}