{
  "timestamp": "2025-10-13T15:41:38.857Z",
  "runId": "cmgpanpk30001xzcci9f6b9u2",
  "step": 52,
  "loss": 0.2343850164900724,
  "elapsedMs": 408133,
  "parameters": {
    "w": 2.4983626373067622,
    "b": 1.0091489927389732
  }
}