{
  "timestamp": "2025-10-13T15:37:14.775Z",
  "runId": "cmgpanpk30001xzcci9f6b9u2",
  "step": 19,
  "loss": 0.2588683778902663,
  "elapsedMs": 144045,
  "parameters": {
    "w": 2.496831181128457,
    "b": 0.8725536819446968
  }
}