{
  "timestamp": "2025-10-10T19:33:52.275Z",
  "runId": "cmgl8vo8r00ri6wcdlenesao3",
  "step": 1,
  "loss": 52.78667477871751,
  "elapsedMs": 0,
  "parameters": {
    "w": 0.3446300564165698,
    "b": 0.019049446242723814
  }
}