{
  "timestamp": "2025-10-10T18:41:00.103Z",
  "runId": "cmgl6yiy100c34bwgpi1gkjqk",
  "step": 19,
  "loss": 0.44298709285532023,
  "elapsedMs": 54120,
  "parameters": {
    "w": 2.5212488916118923,
    "b": 0.5944603805362811
  }
}