{
  "timestamp": "2025-10-10T20:47:53.474Z",
  "runId": "cmglb7cuq00014nhizxmusl2p",
  "step": 68,
  "loss": 0.25592203123392926,
  "elapsedMs": 536284,
  "parameters": {
    "w": 2.501400968486268,
    "b": 1.0216294140248017
  }
}