{
  "timestamp": "2025-10-10T18:45:37.719Z",
  "runId": "cmgl74eri00o94bwg2vepljfr",
  "step": 20,
  "loss": 0.7363062287207839,
  "elapsedMs": 57136,
  "parameters": {
    "w": 2.4525488645885267,
    "b": 0.32613143353748886
  }
}