{
  "timestamp": "2025-10-10T18:49:49.879Z",
  "runId": "cmgl7afsf010p4bwg8hj2ac1n",
  "step": 10,
  "loss": 10.400307904684853,
  "elapsedMs": 27038,
  "parameters": {
    "w": 1.5802480360242357,
    "b": 0.11197869374988341
  }
}