{
  "timestamp": "2025-10-10T17:10:09.522Z",
  "runId": "cmgl3kbtb0039h6q6lb066m12",
  "step": 39,
  "loss": 0.2633563597253889,
  "elapsedMs": 304157,
  "parameters": {
    "w": 2.488068713414656,
    "b": 0.9719895474667062
  }
}