{
  "timestamp": "2025-10-10T17:09:24.392Z",
  "runId": "cmgl3g3cz0001h6q6xmybpgpv",
  "step": 58,
  "loss": 0.24223017330192095,
  "elapsedMs": 456182,
  "parameters": {
    "w": 2.5002167135248134,
    "b": 1.0101608270051983
  }
}