{
  "timestamp": "2025-10-10T20:14:21.941Z",
  "runId": "cmgla7z4y004y3dxh5c4aap3d",
  "step": 23,
  "loss": 0.2795819229913438,
  "elapsedMs": 176065,
  "parameters": {
    "w": 2.5009364183307587,
    "b": 0.7971660118654176
  }
}