{
  "timestamp": "2025-10-10T20:29:57.023Z",
  "runId": "cmglas6ov0002lfunaib5ijsh",
  "step": 22,
  "loss": 0.2691318441259069,
  "elapsedMs": 168090,
  "parameters": {
    "w": 2.4965797822250915,
    "b": 0.9097507388462496
  }
}