{
  "timestamp": "2025-10-10T17:28:54.422Z",
  "runId": "cmgl4bpjs005d59p39f6kzn3x",
  "step": 20,
  "loss": 0.3315441024964221,
  "elapsedMs": 152112,
  "parameters": {
    "w": 2.501077396731486,
    "b": 0.74708401915598
  }
}