{
  "timestamp": "2025-10-10T17:06:20.323Z",
  "runId": "cmgl3g3cz0001h6q6xmybpgpv",
  "step": 35,
  "loss": 0.2429719120333308,
  "elapsedMs": 272114,
  "parameters": {
    "w": 2.500516234891997,
    "b": 0.9877243121695704
  }
}