{
  "timestamp": "2025-10-10T17:47:13.268Z",
  "runId": "cmgl4zfkb00nu59p3nhm3kcwp",
  "step": 19,
  "loss": 0.7594022418454741,
  "elapsedMs": 144058,
  "parameters": {
    "w": 2.442940261264149,
    "b": 0.3366778574281657
  }
}