{
  "timestamp": "2025-10-10T17:20:59.291Z",
  "runId": "cmgl44rnc000159p35n5uexhp",
  "step": 1,
  "loss": 53.30735446081194,
  "elapsedMs": 0,
  "parameters": {
    "w": 2.0925548266426364,
    "b": 0.07837735188973433
  }
}