{
  "timestamp": "2025-10-10T17:52:02.809Z",
  "runId": "cmgl54fs100rr59p3m5p675ua",
  "step": 26,
  "loss": 0.6901395532297461,
  "elapsedMs": 200122,
  "parameters": {
    "w": 2.4535217436777934,
    "b": 0.3705699356511642
  }
}