{
  "timestamp": "2025-10-10T18:39:25.625Z",
  "runId": "cmgl6wtld008l4bwggktwxv95",
  "step": 14,
  "loss": 0.5194339394492806,
  "elapsedMs": 39105,
  "parameters": {
    "w": 2.4988732426160167,
    "b": 0.5157948523776233
  }
}