{
  "timestamp": "2025-10-10T17:44:31.745Z",
  "runId": "cmgl4urll00k759p3ddddxdkz",
  "step": 26,
  "loss": 0.4799204362071845,
  "elapsedMs": 200237,
  "parameters": {
    "w": 2.4973268029436206,
    "b": 0.4988357353865848
  }
}