{
  "timestamp": "2025-10-10T17:10:34.068Z",
  "runId": "cmgl3kopi003ph6q6ljucg8co",
  "step": 40,
  "loss": 0.24975428921863083,
  "elapsedMs": 312171,
  "parameters": {
    "w": 2.508621437082657,
    "b": 0.9631053371233955
  }
}