{
  "timestamp": "2025-10-10T17:02:20.229Z",
  "runId": "cmgl3g3cz0001h6q6xmybpgpv",
  "step": 5,
  "loss": 0.6546707684916137,
  "elapsedMs": 32018,
  "parameters": {
    "w": 2.5076279459210187,
    "b": 0.43395330776245317
  }
}