{
  "timestamp": "2025-10-10T18:40:33.044Z",
  "runId": "cmgl6yiy100c34bwgpi1gkjqk",
  "step": 10,
  "loss": 0.6915510473694119,
  "elapsedMs": 27060,
  "parameters": {
    "w": 2.487819407425586,
    "b": 0.4004370811879368
  }
}