{
  "timestamp": "2025-10-10T20:29:25.009Z",
  "runId": "cmglas6ov0002lfunaib5ijsh",
  "step": 18,
  "loss": 0.2853276465267561,
  "elapsedMs": 136075,
  "parameters": {
    "w": 2.496541587330713,
    "b": 0.8575572153139794
  }
}