{
  "timestamp": "2025-10-10T20:46:00.060Z",
  "runId": "cmglbcb2y001p4nhiwgg4wuky",
  "step": 25,
  "loss": 0.2541134000891801,
  "elapsedMs": 192086,
  "parameters": {
    "w": 2.5045442595489256,
    "b": 0.9188781433222478
  }
}