{
  "timestamp": "2025-10-10T18:35:44.861Z",
  "runId": "cmgl6slj300014bwgepuoxl5u",
  "step": 6,
  "loss": 0.5941747855727675,
  "elapsedMs": 15046,
  "parameters": {
    "w": 2.510731349201603,
    "b": 0.46374114482447404
  }
}