{
  "timestamp": "2025-10-10T18:37:28.566Z",
  "runId": "cmgl6tsm0002f4bwgl80qap6b",
  "step": 22,
  "loss": 0.2647452752846767,
  "elapsedMs": 63128,
  "parameters": {
    "w": 2.4948458684617543,
    "b": 0.8453135257671279
  }
}