{
  "timestamp": "2025-10-10T17:27:42.385Z",
  "runId": "cmgl4bpjs005d59p39f6kzn3x",
  "step": 11,
  "loss": 0.51936875126791,
  "elapsedMs": 80073,
  "parameters": {
    "w": 2.5014149197968663,
    "b": 0.5289606186438041
  }
}