{
  "timestamp": "2025-10-10T17:25:24.902Z",
  "runId": "cmgl482qh002k59p30ih5wuub",
  "step": 15,
  "loss": 0.34397011817452827,
  "elapsedMs": 112087,
  "parameters": {
    "w": 2.5027812922246655,
    "b": 0.6982298352021576
  }
}