{
  "timestamp": "2025-10-10T18:51:01.336Z",
  "runId": "cmgl7afsf010p4bwg8hj2ac1n",
  "step": 34,
  "loss": 0.8254865335532309,
  "elapsedMs": 99121,
  "parameters": {
    "w": 2.424459426412736,
    "b": 0.3207111428563225
  }
}