{
  "timestamp": "2025-10-10T20:01:44.319Z",
  "runId": "cmgl9rwek01gx6wcdq62ivwmo",
  "step": 22,
  "loss": 2.1604350556622802,
  "elapsedMs": 168057,
  "parameters": {
    "w": 2.1543639105369436,
    "b": 0.2242425420428946
  }
}