{
  "timestamp": "2025-10-10T18:42:16.529Z",
  "runId": "cmgl70ak600fq4bwgf9uu5c69",
  "step": 17,
  "loss": 0.6342026508057897,
  "elapsedMs": 48085,
  "parameters": {
    "w": 2.4717416483020163,
    "b": 0.3934837546939057
  }
}