{
  "timestamp": "2025-10-10T20:49:13.515Z",
  "runId": "cmglb7cuq00014nhizxmusl2p",
  "step": 78,
  "loss": 0.25592139194199454,
  "elapsedMs": 616324,
  "parameters": {
    "w": 2.501391410044193,
    "b": 1.022129629018483
  }
}