{
  "timestamp": "2025-10-10T19:56:46.379Z",
  "runId": "cmgl9l0fl01bh6wcdrrxrxgke",
  "step": 25,
  "loss": 1.6849187818887317,
  "elapsedMs": 191996,
  "parameters": {
    "w": 2.2153901631533683,
    "b": 0.21727237866314816
  }
}