{
  "timestamp": "2025-10-10T17:36:36.372Z",
  "runId": "cmgl4kebm00c359p3j7bxwbeg",
  "step": 27,
  "loss": 0.3254706777699293,
  "elapsedMs": 208111,
  "parameters": {
    "w": 2.4942092527552244,
    "b": 0.6685955840328955
  }
}