{
  "timestamp": "2025-10-10T17:32:33.911Z",
  "runId": "cmgl4fvzq008l59p3ozsfa6tx",
  "step": 23,
  "loss": 0.3211849503020404,
  "elapsedMs": 176098,
  "parameters": {
    "w": 2.5041378692458593,
    "b": 0.6918670032693126
  }
}