{
  "timestamp": "2025-10-10T19:11:33.445Z",
  "runId": "cmgl7zjlv002g6wcdql2u3d53",
  "step": 21,
  "loss": 0.27119937257772486,
  "elapsedMs": 160067,
  "parameters": {
    "w": 2.4912303476845277,
    "b": 0.8248615802000127
  }
}