{
  "timestamp": "2025-10-10T17:09:22.037Z",
  "runId": "cmgl3kopi003ph6q6ljucg8co",
  "step": 31,
  "loss": 0.2512285370419841,
  "elapsedMs": 240139,
  "parameters": {
    "w": 2.5085776340540944,
    "b": 0.9401435351796845
  }
}