{
  "timestamp": "2025-10-10T19:38:41.865Z",
  "runId": "cmgl90un200vk6wcdsop962ok",
  "step": 7,
  "loss": 13.95349948967675,
  "elapsedMs": 48019,
  "parameters": {
    "w": 1.3777260794658055,
    "b": 0.08216138756675967
  }
}