{
  "timestamp": "2025-10-10T19:38:25.857Z",
  "runId": "cmgl90un200vk6wcdsop962ok",
  "step": 5,
  "loss": 21.42526607408972,
  "elapsedMs": 32010,
  "parameters": {
    "w": 1.0887041120984242,
    "b": 0.05892807541621317
  }
}