{
  "timestamp": "2025-10-10T19:40:09.910Z",
  "runId": "cmgl90un200vk6wcdsop962ok",
  "step": 18,
  "loss": 1.9232455617488478,
  "elapsedMs": 136062,
  "parameters": {
    "w": 2.18488485569427,
    "b": 0.203197298493331
  }
}