{
  "timestamp": "2025-10-10T19:22:19.633Z",
  "runId": "cmgl8gnp400fr6wcdg48gl9pr",
  "step": 2,
  "loss": 28.854561543416974,
  "elapsedMs": 8002,
  "parameters": {
    "w": 1.1723535860209637,
    "b": 0.06814556509285685
  }
}