{
  "timestamp": "2025-10-10T18:44:40.581Z",
  "runId": "cmgl74eri00o94bwg2vepljfr",
  "step": 1,
  "loss": 54.786176820583464,
  "elapsedMs": 0,
  "parameters": {
    "w": 0.44942091368831916,
    "b": 0.017303016043322902
  }
}