{
  "timestamp": "2025-10-10T20:30:13.036Z",
  "runId": "cmglas6ov0002lfunaib5ijsh",
  "step": 24,
  "loss": 0.26492208469837364,
  "elapsedMs": 184099,
  "parameters": {
    "w": 2.49659362736666,
    "b": 0.9286701974289141
  }
}