{
  "timestamp": "2025-10-10T20:45:52.053Z",
  "runId": "cmglbcb2y001p4nhiwgg4wuky",
  "step": 24,
  "loss": 0.2556463737419664,
  "elapsedMs": 184081,
  "parameters": {
    "w": 2.5044764257215353,
    "b": 0.9107939545652809
  }
}