{
  "timestamp": "2025-10-10T19:33:02.811Z",
  "runId": "cmgl8qo2800nl6wcd5h2kd6qf",
  "step": 24,
  "loss": 0.6498653094138581,
  "elapsedMs": 184143,
  "parameters": {
    "w": 2.4726192969081158,
    "b": 0.37687804778911077
  }
}