{
  "timestamp": "2025-10-10T20:16:43.855Z",
  "runId": "cmglacw590001owoouwrbu1dl",
  "step": 12,
  "loss": 0.3520004474889962,
  "elapsedMs": 88045,
  "parameters": {
    "w": 2.5014895357045135,
    "b": 0.7196419422827912
  }
}