{
  "timestamp": "2025-10-10T17:22:11.322Z",
  "runId": "cmgl44rnc000159p35n5uexhp",
  "step": 10,
  "loss": 0.39921424339441003,
  "elapsedMs": 72035,
  "parameters": {
    "w": 2.4944912813984375,
    "b": 0.6389313313298219
  }
}