{
  "timestamp": "2025-10-10T20:21:43.519Z",
  "runId": "cmglaigvp002cowooff7wk6rf",
  "step": 17,
  "loss": 0.28742273582363076,
  "elapsedMs": 128046,
  "parameters": {
    "w": 2.4995537503482352,
    "b": 0.8240569854349438
  }
}