{
  "timestamp": "2025-10-10T17:12:18.111Z",
  "runId": "cmgl3kopi003ph6q6ljucg8co",
  "step": 53,
  "loss": 0.24951074229012557,
  "elapsedMs": 416215,
  "parameters": {
    "w": 2.508642098865864,
    "b": 0.9739363638670024
  }
}