{
  "timestamp": "2025-10-10T18:12:48.372Z",
  "runId": "cmgl5z2hw0001m5uqlbdm4yho",
  "step": 3,
  "loss": 0.9661985813883485,
  "elapsedMs": 16006,
  "parameters": {
    "w": 2.4907497794181044,
    "b": 0.2705290011432061
  }
}