{
  "timestamp": "2025-10-10T17:10:58.079Z",
  "runId": "cmgl3kopi003ph6q6ljucg8co",
  "step": 43,
  "loss": 0.2496322925193424,
  "elapsedMs": 336183,
  "parameters": {
    "w": 2.508628944700603,
    "b": 0.9670408740487783
  }
}