{
  "timestamp": "2025-10-10T19:09:01.381Z",
  "runId": "cmgl7zjlv002g6wcdql2u3d53",
  "step": 2,
  "loss": 6.574541039918126,
  "elapsedMs": 8004,
  "parameters": {
    "w": 2.2347732319784064,
    "b": 0.1693131500903921
  }
}