{
  "timestamp": "2025-10-10T18:36:43.470Z",
  "runId": "cmgl6tsm0002f4bwgl80qap6b",
  "step": 7,
  "loss": 0.6385056429591763,
  "elapsedMs": 18033,
  "parameters": {
    "w": 2.486830115686752,
    "b": 0.42639104123801236
  }
}