{
  "timestamp": "2025-10-10T17:13:06.135Z",
  "runId": "cmgl3kopi003ph6q6ljucg8co",
  "step": 59,
  "loss": 0.24949866998691847,
  "elapsedMs": 464238,
  "parameters": {
    "w": 2.5086453985193926,
    "b": 0.9756660614082059
  }
}