{
  "timestamp": "2025-10-10T17:17:05.818Z",
  "runId": "cmgl3kbtb0039h6q6lb066m12",
  "step": 91,
  "loss": 0.2630027502909745,
  "elapsedMs": 720452,
  "parameters": {
    "w": 2.4883130250611356,
    "b": 0.9888559377768409
  }
}