{
  "timestamp": "2025-10-10T17:22:03.322Z",
  "runId": "cmgl44rnc000159p35n5uexhp",
  "step": 9,
  "loss": 0.4362408044193757,
  "elapsedMs": 64034,
  "parameters": {
    "w": 2.4940337844185607,
    "b": 0.5992003067239965
  }
}