{
  "timestamp": "2025-10-10T17:56:52.485Z",
  "runId": "cmgl5dqby00yz59p3mdjadbc9",
  "step": 8,
  "loss": 0.47351930031525236,
  "elapsedMs": 56030,
  "parameters": {
    "w": 2.4976832384583303,
    "b": 0.5461433993712257
  }
}