{
  "timestamp": "2025-10-10T20:44:40.030Z",
  "runId": "cmglbcb2y001p4nhiwgg4wuky",
  "step": 15,
  "loss": 0.30130016182021613,
  "elapsedMs": 112058,
  "parameters": {
    "w": 2.5034041983337985,
    "b": 0.7830097973818464
  }
}