{
  "timestamp": "2025-10-10T19:53:25.030Z",
  "runId": "cmgl9dryo015r6wcdpzs47l9c",
  "step": 42,
  "loss": 0.7545306460556461,
  "elapsedMs": 328211,
  "parameters": {
    "w": 2.4271739651427167,
    "b": 0.34805156749080673
  }
}