{
  "timestamp": "2025-10-10T17:35:40.348Z",
  "runId": "cmgl4kebm00c359p3j7bxwbeg",
  "step": 20,
  "loss": 0.40435330762634086,
  "elapsedMs": 152086,
  "parameters": {
    "w": 2.4950728226084937,
    "b": 0.5659077819366668
  }
}