{
  "timestamp": "2025-10-10T17:11:30.089Z",
  "runId": "cmgl3kopi003ph6q6ljucg8co",
  "step": 47,
  "loss": 0.24955348523176768,
  "elapsedMs": 368192,
  "parameters": {
    "w": 2.508635890097224,
    "b": 0.9706816912904619
  }
}