{
  "timestamp": "2025-10-10T17:30:17.826Z",
  "runId": "cmgl4fvzq008l59p3ozsfa6tx",
  "step": 6,
  "loss": 0.964995984230697,
  "elapsedMs": 40017,
  "parameters": {
    "w": 2.419352695968644,
    "b": 0.2824733128192903
  }
}