{
  "timestamp": "2025-10-10T20:18:43.895Z",
  "runId": "cmglacw590001owoouwrbu1dl",
  "step": 27,
  "loss": 0.2539638650856098,
  "elapsedMs": 208085,
  "parameters": {
    "w": 2.5025742159001054,
    "b": 0.9483258772176301
  }
}