{
  "timestamp": "2025-10-10T19:45:31.409Z",
  "runId": "cmgl96vw2010b6wcdbnqi98ym",
  "step": 23,
  "loss": 1.9448284146139976,
  "elapsedMs": 176086,
  "parameters": {
    "w": 2.144339653826455,
    "b": 0.17707617784644042
  }
}