{
  "timestamp": "2025-10-10T18:49:08.588Z",
  "runId": "cmgl7856900vy4bwg1x0y62xj",
  "step": 32,
  "loss": 0.7687394017022964,
  "elapsedMs": 93157,
  "parameters": {
    "w": 2.4238489233984697,
    "b": 0.32356890783141334
  }
}