{
  "timestamp": "2025-10-10T19:58:54.412Z",
  "runId": "cmgl9l0fl01bh6wcdrrxrxgke",
  "step": 41,
  "loss": 0.7873949013175584,
  "elapsedMs": 320030,
  "parameters": {
    "w": 2.423387620556345,
    "b": 0.33689564201020533
  }
}