{
  "timestamp": "2025-10-10T17:32:25.902Z",
  "runId": "cmgl4fvzq008l59p3ozsfa6tx",
  "step": 22,
  "loss": 0.33104918588000587,
  "elapsedMs": 168093,
  "parameters": {
    "w": 2.5042984902216343,
    "b": 0.6765931357812359
  }
}