{
  "timestamp": "2025-10-10T18:50:58.335Z",
  "runId": "cmgl7afsf010p4bwg8hj2ac1n",
  "step": 33,
  "loss": 0.8535234004098345,
  "elapsedMs": 96120,
  "parameters": {
    "w": 2.4155244374490112,
    "b": 0.31319659310120307
  }
}