{
  "timestamp": "2025-10-10T17:46:17.251Z",
  "runId": "cmgl4zfkb00nu59p3nhm3kcwp",
  "step": 12,
  "loss": 1.635136023829409,
  "elapsedMs": 88038,
  "parameters": {
    "w": 2.2585623915350768,
    "b": 0.22839194077722752
  }
}