{
  "timestamp": "2025-10-10T18:06:13.049Z",
  "runId": "cmgl5qlvy002ncwvauonxnqvu",
  "step": 3,
  "loss": 1.4099210631679056,
  "elapsedMs": 16004,
  "parameters": {
    "w": 2.4375348968080477,
    "b": 0.2584464811002477
  }
}