{
  "timestamp": "2025-10-10T20:20:15.485Z",
  "runId": "cmglaigvp002cowooff7wk6rf",
  "step": 6,
  "loss": 0.611656389208176,
  "elapsedMs": 40013,
  "parameters": {
    "w": 2.4962418063023684,
    "b": 0.4536698366102095
  }
}