{
  "timestamp": "2025-10-10T17:26:38.320Z",
  "runId": "cmgl4bpjs005d59p39f6kzn3x",
  "step": 3,
  "loss": 3.2982336081736183,
  "elapsedMs": 16009,
  "parameters": {
    "w": 2.268802130033675,
    "b": 0.1890364134652797
  }
}