{
  "timestamp": "2025-10-10T19:23:55.723Z",
  "runId": "cmgl8gnp400fr6wcdg48gl9pr",
  "step": 14,
  "loss": 0.7214689347672315,
  "elapsedMs": 104092,
  "parameters": {
    "w": 2.4754703814188104,
    "b": 0.38698881169160204
  }
}