{
  "timestamp": "2025-10-10T17:58:46.014Z",
  "runId": "cmgl5fha7011s59p318sj78n8",
  "step": 12,
  "loss": 7.422052911663824,
  "elapsedMs": 88038,
  "parameters": {
    "w": 1.6864593979658788,
    "b": 0.09245646184494544
  }
}