{
  "timestamp": "2025-10-10T20:20:55.502Z",
  "runId": "cmglaigvp002cowooff7wk6rf",
  "step": 11,
  "loss": 0.377452025665238,
  "elapsedMs": 80029,
  "parameters": {
    "w": 2.4982350675913736,
    "b": 0.6746816511794778
  }
}