{
  "timestamp": "2025-10-10T18:52:07.071Z",
  "runId": "cmgl7cxp1015v4bwguml7zqxc",
  "step": 17,
  "loss": 4.290129398417175,
  "elapsedMs": 48125,
  "parameters": {
    "w": 1.9131912220146727,
    "b": 0.15244611683898462
  }
}