{
  "timestamp": "2025-10-10T20:17:31.875Z",
  "runId": "cmglacw590001owoouwrbu1dl",
  "step": 18,
  "loss": 0.27854267824949813,
  "elapsedMs": 136065,
  "parameters": {
    "w": 2.502129511232818,
    "b": 0.8545683156447061
  }
}