{
  "timestamp": "2025-10-10T20:51:05.676Z",
  "runId": "cmglb7cuq00014nhizxmusl2p",
  "step": 92,
  "loss": 0.2559213075541245,
  "elapsedMs": 728387,
  "parameters": {
    "w": 2.501387450284805,
    "b": 1.0223368522251526
  }
}