{
  "timestamp": "2025-10-10T20:49:36.149Z",
  "runId": "cmglbcb2y001p4nhiwgg4wuky",
  "step": 52,
  "loss": 0.24759639114859852,
  "elapsedMs": 408175,
  "parameters": {
    "w": 2.5051195334691148,
    "b": 0.9874371961827156
  }
}