{
  "timestamp": "2025-10-10T19:24:11.727Z",
  "runId": "cmgl8gnp400fr6wcdg48gl9pr",
  "step": 16,
  "loss": 0.6558666125987618,
  "elapsedMs": 120097,
  "parameters": {
    "w": 2.489583089898219,
    "b": 0.428548077174542
  }
}