{
  "timestamp": "2025-10-10T17:50:10.731Z",
  "runId": "cmgl54fs100rr59p3m5p675ua",
  "step": 12,
  "loss": 2.8446444595928906,
  "elapsedMs": 88045,
  "parameters": {
    "w": 2.090921606099632,
    "b": 0.19747574657678135
  }
}