{
  "timestamp": "2025-10-10T19:26:11.798Z",
  "runId": "cmgl8gnp400fr6wcdg48gl9pr",
  "step": 31,
  "loss": 0.4062840627578857,
  "elapsedMs": 240168,
  "parameters": {
    "w": 2.5051842550412076,
    "b": 0.6656876051296141
  }
}