{
  "timestamp": "2025-10-10T18:04:11.519Z",
  "runId": "cmgl5na850001cwva9g70z3sf",
  "step": 7,
  "loss": 0.5288753876972767,
  "elapsedMs": 48024,
  "parameters": {
    "w": 2.4971665761104243,
    "b": 0.5104341596249113
  }
}