{
  "timestamp": "2025-10-10T19:42:35.320Z",
  "runId": "cmgl96vw2010b6wcdbnqi98ym",
  "step": 1,
  "loss": 49.019128397669945,
  "elapsedMs": 0,
  "parameters": {
    "w": 0.2072174643067343,
    "b": 0.006343746710522386
  }
}