{
  "timestamp": "2025-10-10T17:07:32.355Z",
  "runId": "cmgl3g3cz0001h6q6xmybpgpv",
  "step": 44,
  "loss": 0.24233677474272583,
  "elapsedMs": 344147,
  "parameters": {
    "w": 2.5003150127035294,
    "b": 1.0027974425417434
  }
}