{
  "timestamp": "2025-10-10T19:16:00.774Z",
  "runId": "cmgl87bxu008h6wcdl4542jih",
  "step": 9,
  "loss": 0.7106455092953649,
  "elapsedMs": 64017,
  "parameters": {
    "w": 2.4848188204087442,
    "b": 0.3955138070106092
  }
}