{
  "timestamp": "2025-10-10T19:15:36.764Z",
  "runId": "cmgl87bxu008h6wcdl4542jih",
  "step": 6,
  "loss": 1.049199649244512,
  "elapsedMs": 40008,
  "parameters": {
    "w": 2.4183888482296565,
    "b": 0.28637059147236676
  }
}