{
  "timestamp": "2025-10-10T17:07:05.409Z",
  "runId": "cmgl3kbtb0039h6q6lb066m12",
  "step": 16,
  "loss": 0.30768154657683694,
  "elapsedMs": 120045,
  "parameters": {
    "w": 2.4855562658871166,
    "b": 0.7985392800247888
  }
}