{
  "timestamp": "2025-10-10T19:20:42.272Z",
  "runId": "cmgl8btqb00bz6wcdppfmiop5",
  "step": 18,
  "loss": 0.539413302536243,
  "elapsedMs": 136058,
  "parameters": {
    "w": 2.497498589897892,
    "b": 0.5218691545007668
  }
}