{
  "timestamp": "2025-10-10T17:29:10.426Z",
  "runId": "cmgl4bpjs005d59p39f6kzn3x",
  "step": 22,
  "loss": 0.3124672679938043,
  "elapsedMs": 168116,
  "parameters": {
    "w": 2.5009619746202523,
    "b": 0.780307384350977
  }
}