{
  "timestamp": "2025-10-10T18:53:44.663Z",
  "runId": "cmgl7foml01c34bwg1tweenyt",
  "step": 7,
  "loss": 19.49010281365567,
  "elapsedMs": 18014,
  "parameters": {
    "w": 1.09908511640136,
    "b": 0.05658462291221643
  }
}