{
  "timestamp": "2025-10-10T20:11:25.873Z",
  "runId": "cmgla7z4y004y3dxh5c4aap3d",
  "step": 1,
  "loss": 56.6448594890281,
  "elapsedMs": 0,
  "parameters": {
    "w": 1.4096203227738762,
    "b": 0.09091689520212082
  }
}