{
  "timestamp": "2025-10-10T18:45:13.661Z",
  "runId": "cmgl74eri00o94bwg2vepljfr",
  "step": 12,
  "loss": 1.570695175954766,
  "elapsedMs": 33078,
  "parameters": {
    "w": 2.267767464168223,
    "b": 0.2063797694099336
  }
}