{
  "timestamp": "2025-10-10T17:56:04.562Z",
  "runId": "cmgl5dqby00yz59p3mdjadbc9",
  "step": 2,
  "loss": 2.5201546905487167,
  "elapsedMs": 8006,
  "parameters": {
    "w": 2.4234408323821226,
    "b": 0.16738485319993235
  }
}