{
  "timestamp": "2025-10-10T17:55:56.750Z",
  "runId": "cmgl5dqby00yz59p3mdjadbc9",
  "step": 1,
  "loss": 52.905083902500756,
  "elapsedMs": 0,
  "parameters": {
    "w": 2.073493471914812,
    "b": 0.08067740551735622
  }
}