{
  "timestamp": "2025-10-10T20:47:36.097Z",
  "runId": "cmglbcb2y001p4nhiwgg4wuky",
  "step": 37,
  "loss": 0.24809652596498497,
  "elapsedMs": 288126,
  "parameters": {
    "w": 2.5049824698197827,
    "b": 0.9711024491169802
  }
}