{
  "timestamp": "2025-10-10T20:44:08.005Z",
  "runId": "cmglbcb2y001p4nhiwgg4wuky",
  "step": 11,
  "loss": 0.3723264125060664,
  "elapsedMs": 80033,
  "parameters": {
    "w": 2.502487031010818,
    "b": 0.6737069923903956
  }
}