{
  "timestamp": "2025-10-10T19:11:01.431Z",
  "runId": "cmgl7zjlv002g6wcdql2u3d53",
  "step": 17,
  "loss": 0.30306129400235193,
  "elapsedMs": 128051,
  "parameters": {
    "w": 2.491835123018909,
    "b": 0.7581077700885029
  }
}