{
  "timestamp": "2025-10-10T19:33:50.846Z",
  "runId": "cmgl8qo2800nl6wcd5h2kd6qf",
  "step": 30,
  "loss": 0.5533055835383693,
  "elapsedMs": 232178,
  "parameters": {
    "w": 2.4918612547937284,
    "b": 0.4501091746358287
  }
}