{
  "timestamp": "2025-10-10T20:40:25.238Z",
  "runId": "cmglb7cuq00014nhizxmusl2p",
  "step": 12,
  "loss": 0.3497921218761802,
  "elapsedMs": 88046,
  "parameters": {
    "w": 2.506663183873842,
    "b": 0.7462456965343959
  }
}