{
  "timestamp": "2025-10-10T17:47:05.265Z",
  "runId": "cmgl4zfkb00nu59p3nhm3kcwp",
  "step": 18,
  "loss": 0.8042866204902839,
  "elapsedMs": 136055,
  "parameters": {
    "w": 2.4291944002552266,
    "b": 0.32217963815509415
  }
}