{
  "timestamp": "2025-10-10T17:11:05.617Z",
  "runId": "cmgl3kbtb0039h6q6lb066m12",
  "step": 46,
  "loss": 0.2630838258048915,
  "elapsedMs": 360253,
  "parameters": {
    "w": 2.488196575741945,
    "b": 0.9808166989721313
  }
}