{
  "timestamp": "2025-10-10T17:04:44.289Z",
  "runId": "cmgl3g3cz0001h6q6xmybpgpv",
  "step": 23,
  "loss": 0.2515644545625589,
  "elapsedMs": 176079,
  "parameters": {
    "w": 2.501349470586206,
    "b": 0.9253083810775927
  }
}