{
  "timestamp": "2025-10-10T18:01:36.477Z",
  "runId": "cmgl5ku9x01af59p3n22aaa4d",
  "step": 2,
  "loss": 12.305317601977602,
  "elapsedMs": 8001,
  "parameters": {
    "w": 1.9686612458729862,
    "b": 0.11904352517504231
  }
}