{
  "timestamp": "2025-10-10T19:30:54.712Z",
  "runId": "cmgl8qo2800nl6wcd5h2kd6qf",
  "step": 8,
  "loss": 4.668374166387267,
  "elapsedMs": 56044,
  "parameters": {
    "w": 1.944384171767728,
    "b": 0.13518731088412414
  }
}