{
  "timestamp": "2025-10-10T17:12:17.644Z",
  "runId": "cmgl3kbtb0039h6q6lb066m12",
  "step": 55,
  "loss": 0.2630149499227972,
  "elapsedMs": 432281,
  "parameters": {
    "w": 2.4882684757925038,
    "b": 0.9857804177858531
  }
}