{
  "timestamp": "2025-10-10T20:16:11.842Z",
  "runId": "cmglacw590001owoouwrbu1dl",
  "step": 8,
  "loss": 0.48741899677978734,
  "elapsedMs": 56030,
  "parameters": {
    "w": 2.5007717739090847,
    "b": 0.5687185584346177
  }
}