{
  "timestamp": "2025-10-10T18:47:59.328Z",
  "runId": "cmgl7856900vy4bwg1x0y62xj",
  "step": 9,
  "loss": 9.124078860592217,
  "elapsedMs": 24020,
  "parameters": {
    "w": 1.5952211715211497,
    "b": 0.08970990800668364
  }
}