{
  "timestamp": "2025-10-10T18:18:29.286Z",
  "runId": "cmgl6674b0001g98wb8x1en6s",
  "step": 4,
  "loss": 0.7319043559834169,
  "elapsedMs": 24026,
  "parameters": {
    "w": 2.5078182534499556,
    "b": 0.37112649207927634
  }
}