{
  "timestamp": "2025-10-10T18:45:07.646Z",
  "runId": "cmgl74eri00o94bwg2vepljfr",
  "step": 10,
  "loss": 2.4516169910798915,
  "elapsedMs": 27063,
  "parameters": {
    "w": 2.1549903652807854,
    "b": 0.17364513072868482
  }
}