{
  "timestamp": "2025-10-10T18:47:06.208Z",
  "runId": "cmgl766gt00rw4bwglngil2h1",
  "step": 22,
  "loss": 0.7842963971391461,
  "elapsedMs": 63151,
  "parameters": {
    "w": 2.4201866362166156,
    "b": 0.33962624133576313
  }
}