{
  "timestamp": "2025-10-10T20:51:29.587Z",
  "runId": "cmglb7cuq00014nhizxmusl2p",
  "step": 95,
  "loss": 0.2559213053554701,
  "elapsedMs": 752396,
  "parameters": {
    "w": 2.50138713100733,
    "b": 1.0223535607408982
  }
}