{
  "timestamp": "2025-10-10T17:29:35.808Z",
  "runId": "cmgl4bpjs005d59p39f6kzn3x",
  "step": 25,
  "loss": 0.291833893490358,
  "elapsedMs": 192124,
  "parameters": {
    "w": 2.5008148065920914,
    "b": 0.8225865884560466
  }
}