{
  "timestamp": "2025-10-10T17:15:37.731Z",
  "runId": "cmgl3kbtb0039h6q6lb066m12",
  "step": 80,
  "loss": 0.2630028074467299,
  "elapsedMs": 632368,
  "parameters": {
    "w": 2.4883107722566495,
    "b": 0.9887004123227671
  }
}