{
  "timestamp": "2025-10-10T18:06:21.049Z",
  "runId": "cmgl5qlvy002ncwvauonxnqvu",
  "step": 4,
  "loss": 0.8279212446762902,
  "elapsedMs": 24005,
  "parameters": {
    "w": 2.49048014435914,
    "b": 0.3180598711956741
  }
}