{
  "timestamp": "2025-10-10T19:24:35.752Z",
  "runId": "cmgl8gnp400fr6wcdg48gl9pr",
  "step": 19,
  "loss": 0.5820410585523335,
  "elapsedMs": 144123,
  "parameters": {
    "w": 2.4993585254178274,
    "b": 0.48590352441123674
  }
}