{
  "timestamp": "2025-10-10T18:00:38.051Z",
  "runId": "cmgl5fha7011s59p318sj78n8",
  "step": 26,
  "loss": 1.3162083985253161,
  "elapsedMs": 200087,
  "parameters": {
    "w": 2.266628514648159,
    "b": 0.20957943013810887
  }
}