{
  "timestamp": "2025-10-10T19:48:44.839Z",
  "runId": "cmgl9dryo015r6wcdpzs47l9c",
  "step": 7,
  "loss": 19.595913714637614,
  "elapsedMs": 48020,
  "parameters": {
    "w": 1.1042040620699383,
    "b": 0.06710624747492064
  }
}