{
  "timestamp": "2025-10-10T17:13:00.520Z",
  "runId": "cmgl3g3cz0001h6q6xmybpgpv",
  "step": 85,
  "loss": 0.24222428092082246,
  "elapsedMs": 672311,
  "parameters": {
    "w": 2.5001891846753175,
    "b": 1.0122229551462816
  }
}