{
  "timestamp": "2025-10-10T20:55:28.287Z",
  "runId": "cmglbcb2y001p4nhiwgg4wuky",
  "step": 96,
  "loss": 0.24757421429138018,
  "elapsedMs": 760316,
  "parameters": {
    "w": 2.5051547624017525,
    "b": 0.991635652205399
  }
}