{
  "timestamp": "2025-10-10T18:45:16.672Z",
  "runId": "cmgl74eri00o94bwg2vepljfr",
  "step": 13,
  "loss": 1.3213746789431557,
  "elapsedMs": 36089,
  "parameters": {
    "w": 2.3094714526269686,
    "b": 0.22234153981585372
  }
}