{
  "timestamp": "2025-10-10T17:35:00.330Z",
  "runId": "cmgl4kebm00c359p3j7bxwbeg",
  "step": 15,
  "loss": 0.4972319126947176,
  "elapsedMs": 112070,
  "parameters": {
    "w": 2.49174523693318,
    "b": 0.4717795697843296
  }
}