{
  "timestamp": "2025-10-10T19:52:04.981Z",
  "runId": "cmgl9dryo015r6wcdpzs47l9c",
  "step": 32,
  "loss": 1.0916211966913119,
  "elapsedMs": 248161,
  "parameters": {
    "w": 2.3281949618235416,
    "b": 0.2770108436445327
  }
}