{
  "timestamp": "2025-10-10T17:12:10.107Z",
  "runId": "cmgl3kopi003ph6q6ljucg8co",
  "step": 52,
  "loss": 0.24951468855845266,
  "elapsedMs": 408211,
  "parameters": {
    "w": 2.508641316414432,
    "b": 0.9735261982823747
  }
}