{
  "timestamp": "2025-10-10T20:21:17.688Z",
  "runId": "cmglaifc40028owootgmhaq8r",
  "step": 14,
  "loss": 0.36479193923058095,
  "elapsedMs": 104037,
  "parameters": {
    "w": 2.493641748249971,
    "b": 0.6757922717434848
  }
}