{
  "timestamp": "2025-10-10T17:56:36.454Z",
  "runId": "cmgl59m5400vt59p3z5r7qzff",
  "step": 30,
  "loss": 0.7968125088469049,
  "elapsedMs": 232259,
  "parameters": {
    "w": 2.4269742681876,
    "b": 0.3520383916181459
  }
}