{
  "timestamp": "2025-10-10T20:55:12.282Z",
  "runId": "cmglbcb2y001p4nhiwgg4wuky",
  "step": 94,
  "loss": 0.24757421538940758,
  "elapsedMs": 744310,
  "parameters": {
    "w": 2.50515468132422,
    "b": 0.9916259896800599
  }
}