{
  "timestamp": "2025-10-10T18:44:09.155Z",
  "runId": "cmgl72bgt00jx4bwgrwqopomd",
  "step": 23,
  "loss": 0.6148569450615864,
  "elapsedMs": 66152,
  "parameters": {
    "w": 2.478554666425807,
    "b": 0.43412440029966987
  }
}