{
  "timestamp": "2025-10-10T17:03:56.269Z",
  "runId": "cmgl3g3cz0001h6q6xmybpgpv",
  "step": 17,
  "loss": 0.2752372077937604,
  "elapsedMs": 128055,
  "parameters": {
    "w": 2.5023720561040763,
    "b": 0.8487086534514067
  }
}