{
  "timestamp": "2025-10-10T18:46:27.116Z",
  "runId": "cmgl766gt00rw4bwglngil2h1",
  "step": 9,
  "loss": 5.667673691354918,
  "elapsedMs": 24062,
  "parameters": {
    "w": 1.8671532039446148,
    "b": 0.1687415416585352
  }
}