{
  "timestamp": "2025-10-10T18:53:35.659Z",
  "runId": "cmgl7foml01c34bwg1tweenyt",
  "step": 4,
  "loss": 31.350231886354642,
  "elapsedMs": 9010,
  "parameters": {
    "w": 0.70441695657508,
    "b": 0.03205932780779784
  }
}