{
  "timestamp": "2025-10-10T20:19:49.653Z",
  "runId": "cmglaifc40028owootgmhaq8r",
  "step": 3,
  "loss": 1.5230147407165084,
  "elapsedMs": 16003,
  "parameters": {
    "w": 2.409503654109421,
    "b": 0.1978629053736904
  }
}