{
  "timestamp": "2025-10-10T19:56:06.369Z",
  "runId": "cmgl9l0fl01bh6wcdrrxrxgke",
  "step": 20,
  "loss": 2.8278572182541093,
  "elapsedMs": 151986,
  "parameters": {
    "w": 2.0631782075094107,
    "b": 0.1763333342191112
  }
}