{
  "timestamp": "2025-10-10T18:37:45.064Z",
  "runId": "cmgl6v8sc005d4bwg0lsq0cvg",
  "step": 5,
  "loss": 1.0389171642199135,
  "elapsedMs": 12026,
  "parameters": {
    "w": 2.4361409235473053,
    "b": 0.27583239409586774
  }
}