{
  "timestamp": "2025-10-10T18:46:15.083Z",
  "runId": "cmgl766gt00rw4bwglngil2h1",
  "step": 5,
  "loss": 16.86611057880521,
  "elapsedMs": 12029,
  "parameters": {
    "w": 1.3319318981891581,
    "b": 0.10178554594163775
  }
}