{
  "timestamp": "2025-10-10T17:32:57.920Z",
  "runId": "cmgl4fvzq008l59p3ozsfa6tx",
  "step": 26,
  "loss": 0.29711032544676913,
  "elapsedMs": 200109,
  "parameters": {
    "w": 2.5036952710100646,
    "b": 0.7331582743546003
  }
}