{
  "timestamp": "2025-10-10T18:05:07.622Z",
  "runId": "cmgl5na850001cwva9g70z3sf",
  "step": 14,
  "loss": 0.3000462476509668,
  "elapsedMs": 104129,
  "parameters": {
    "w": 2.4996453094568936,
    "b": 0.7662022502283714
  }
}