{
  "timestamp": "2025-10-10T19:51:32.954Z",
  "runId": "cmgl9dryo015r6wcdpzs47l9c",
  "step": 28,
  "loss": 1.4116494966399047,
  "elapsedMs": 216135,
  "parameters": {
    "w": 2.2590777000077753,
    "b": 0.2466007626602212
  }
}