{
  "timestamp": "2025-10-10T17:56:04.458Z",
  "runId": "cmgl59m5400vt59p3z5r7qzff",
  "step": 26,
  "loss": 0.9421393387177464,
  "elapsedMs": 200248,
  "parameters": {
    "w": 2.3822911871138945,
    "b": 0.31411371844504526
  }
}