{
  "timestamp": "2025-10-10T19:56:22.371Z",
  "runId": "cmgl9l0fl01bh6wcdrrxrxgke",
  "step": 22,
  "loss": 2.2548277134963572,
  "elapsedMs": 167987,
  "parameters": {
    "w": 2.132195937843309,
    "b": 0.1929055010219707
  }
}