{
  "timestamp": "2025-10-10T18:12:56.374Z",
  "runId": "cmgl5z2hw0001m5uqlbdm4yho",
  "step": 4,
  "loss": 0.7787741652452806,
  "elapsedMs": 24008,
  "parameters": {
    "w": 2.5047813656509406,
    "b": 0.34279896106861985
  }
}