{
  "timestamp": "2025-10-10T17:38:38.013Z",
  "runId": "cmgl4p8ro00fv59p3xmz642an",
  "step": 14,
  "loss": 0.7742489843094562,
  "elapsedMs": 104044,
  "parameters": {
    "w": 2.4288756639585087,
    "b": 0.3046282841286581
  }
}