{
  "timestamp": "2025-10-10T19:06:59.826Z",
  "runId": "cmgl7wdqj00026wcditavcuvj",
  "step": 5,
  "loss": 0.6783478355329905,
  "elapsedMs": 32005,
  "parameters": {
    "w": 2.5101817250997533,
    "b": 0.4205316987316742
  }
}