{
  "timestamp": "2025-10-10T19:13:51.141Z",
  "runId": "cmgl836h500596wcddnzwnuoz",
  "step": 17,
  "loss": 0.3650467547379053,
  "elapsedMs": 128127,
  "parameters": {
    "w": 2.496604406247938,
    "b": 0.6743019167568062
  }
}