{
  "timestamp": "2025-10-10T20:53:12.243Z",
  "runId": "cmglbcb2y001p4nhiwgg4wuky",
  "step": 79,
  "loss": 0.24757428741948725,
  "elapsedMs": 624271,
  "parameters": {
    "w": 2.5051530364386374,
    "b": 0.9914299582007293
  }
}