{
  "timestamp": "2025-10-10T17:13:08.525Z",
  "runId": "cmgl3g3cz0001h6q6xmybpgpv",
  "step": 86,
  "loss": 0.24222427709691113,
  "elapsedMs": 680315,
  "parameters": {
    "w": 2.500189014223453,
    "b": 1.0122357233364885
  }
}