{
  "timestamp": "2025-10-10T17:18:09.874Z",
  "runId": "cmgl3kbtb0039h6q6lb066m12",
  "step": 99,
  "loss": 0.263002745187181,
  "elapsedMs": 784508,
  "parameters": {
    "w": 2.4883136127893373,
    "b": 0.9888965124010551
  }
}