{
  "timestamp": "2025-10-10T19:44:59.396Z",
  "runId": "cmgl96vw2010b6wcdbnqi98ym",
  "step": 19,
  "loss": 3.030890091220546,
  "elapsedMs": 144074,
  "parameters": {
    "w": 2.005345279975057,
    "b": 0.14492201825392959
  }
}