{
  "timestamp": "2025-10-10T20:38:57.190Z",
  "runId": "cmglb7cuq00014nhizxmusl2p",
  "step": 1,
  "loss": 54.77925929048445,
  "elapsedMs": 0,
  "parameters": {
    "w": 2.123413270811931,
    "b": 0.13777111121556748
  }
}