{
  "timestamp": "2025-10-10T17:28:06.407Z",
  "runId": "cmgl4bpjs005d59p39f6kzn3x",
  "step": 14,
  "loss": 0.43096353494909684,
  "elapsedMs": 104096,
  "parameters": {
    "w": 2.501493064384528,
    "b": 0.6164729484370834
  }
}