{
  "timestamp": "2025-10-10T19:48:52.845Z",
  "runId": "cmgl9dryo015r6wcdpzs47l9c",
  "step": 8,
  "loss": 16.7554067688208,
  "elapsedMs": 56026,
  "parameters": {
    "w": 1.2157822565000134,
    "b": 0.07641284318603461
  }
}