{
  "timestamp": "2025-10-10T20:50:17.550Z",
  "runId": "cmglb7cuq00014nhizxmusl2p",
  "step": 86,
  "loss": 0.25592131944047253,
  "elapsedMs": 680358,
  "parameters": {
    "w": 2.5013884875460533,
    "b": 1.0222825699870275
  }
}