{
  "timestamp": "2025-10-10T18:53:47.666Z",
  "runId": "cmgl7foml01c34bwg1tweenyt",
  "step": 8,
  "loss": 16.67249897053552,
  "elapsedMs": 21019,
  "parameters": {
    "w": 1.2103219516868358,
    "b": 0.06479813969970313
  }
}