{
  "timestamp": "2025-10-10T20:50:56.185Z",
  "runId": "cmglbcb2y001p4nhiwgg4wuky",
  "step": 62,
  "loss": 0.2475769116792099,
  "elapsedMs": 488211,
  "parameters": {
    "w": 2.505142697100188,
    "b": 0.9901977534606419
  }
}