{
  "timestamp": "2025-10-10T17:14:04.541Z",
  "runId": "cmgl3g3cz0001h6q6xmybpgpv",
  "step": 93,
  "loss": 0.24222426451261825,
  "elapsedMs": 736330,
  "parameters": {
    "w": 2.5001882134769913,
    "b": 1.0122957055675963
  }
}