{
  "timestamp": "2025-10-10T19:31:34.746Z",
  "runId": "cmgl8qo2800nl6wcd5h2kd6qf",
  "step": 13,
  "loss": 1.4289757638845981,
  "elapsedMs": 96079,
  "parameters": {
    "w": 2.2824945786711917,
    "b": 0.21775736496529516
  }
}