{
  "timestamp": "2025-10-10T17:09:30.040Z",
  "runId": "cmgl3kopi003ph6q6ljucg8co",
  "step": 32,
  "loss": 0.25089896787992605,
  "elapsedMs": 248143,
  "parameters": {
    "w": 2.508584784569849,
    "b": 0.9438918770623292
  }
}