{
  "timestamp": "2025-10-10T17:41:02.073Z",
  "runId": "cmgl4p8ro00fv59p3xmz642an",
  "step": 32,
  "loss": 0.4101671067890398,
  "elapsedMs": 248104,
  "parameters": {
    "w": 2.4777207034597417,
    "b": 0.6094460356428264
  }
}