{
  "timestamp": "2025-10-10T19:19:54.244Z",
  "runId": "cmgl8btqb00bz6wcdppfmiop5",
  "step": 12,
  "loss": 0.7135629417888834,
  "elapsedMs": 88030,
  "parameters": {
    "w": 2.4773934476198405,
    "b": 0.38377857011488153
  }
}