{
  "timestamp": "2025-10-10T18:37:31.574Z",
  "runId": "cmgl6tsm0002f4bwgl80qap6b",
  "step": 23,
  "loss": 0.25960535449332545,
  "elapsedMs": 66137,
  "parameters": {
    "w": 2.4950532811942536,
    "b": 0.8587770122688385
  }
}