{
  "timestamp": "2025-10-10T18:50:13.284Z",
  "runId": "cmgl7afsf010p4bwg8hj2ac1n",
  "step": 18,
  "loss": 2.8520408503149963,
  "elapsedMs": 51069,
  "parameters": {
    "w": 2.0901591500177665,
    "b": 0.18899841887597296
  }
}