{
  "timestamp": "2025-10-10T18:19:01.317Z",
  "runId": "cmgl6674b0001g98wb8x1en6s",
  "step": 8,
  "loss": 0.456298735179736,
  "elapsedMs": 56059,
  "parameters": {
    "w": 2.505702707916663,
    "b": 0.5861344586440107
  }
}