{
  "timestamp": "2025-10-10T18:36:40.470Z",
  "runId": "cmgl6tsm0002f4bwgl80qap6b",
  "step": 6,
  "loss": 0.7134215229556606,
  "elapsedMs": 15032,
  "parameters": {
    "w": 2.4831302526348598,
    "b": 0.3754408129043831
  }
}