{
  "timestamp": "2025-10-10T17:45:45.237Z",
  "runId": "cmgl4zfkb00nu59p3nhm3kcwp",
  "step": 8,
  "loss": 4.544276313781183,
  "elapsedMs": 56026,
  "parameters": {
    "w": 1.9697425429818745,
    "b": 0.15882244738704182
  }
}