{
  "timestamp": "2025-10-10T17:59:42.025Z",
  "runId": "cmgl5fha7011s59p318sj78n8",
  "step": 19,
  "loss": 2.6415665666248067,
  "elapsedMs": 144059,
  "parameters": {
    "w": 2.0698152006760524,
    "b": 0.15152296455573636
  }
}