{
  "timestamp": "2025-10-10T19:58:22.415Z",
  "runId": "cmgl9l0fl01bh6wcdrrxrxgke",
  "step": 37,
  "loss": 0.8745797125803807,
  "elapsedMs": 288022,
  "parameters": {
    "w": 2.3949394890118474,
    "b": 0.30862408341925573
  }
}