{
  "timestamp": "2025-10-10T17:18:34.360Z",
  "runId": "cmgl3kopi003ph6q6ljucg8co",
  "step": 100,
  "loss": 0.24949391903568455,
  "elapsedMs": 792463,
  "parameters": {
    "w": 2.508649091346313,
    "b": 0.9776018627247325
  }
}