{
  "timestamp": "2025-10-10T18:53:53.673Z",
  "runId": "cmgl7foml01c34bwg1tweenyt",
  "step": 10,
  "loss": 12.2549736007001,
  "elapsedMs": 27025,
  "parameters": {
    "w": 1.4069986979409448,
    "b": 0.08123531991739871
  }
}