{
  "timestamp": "2025-10-10T20:20:05.658Z",
  "runId": "cmglaifc40028owootgmhaq8r",
  "step": 5,
  "loss": 0.7885404904034015,
  "elapsedMs": 32010,
  "parameters": {
    "w": 2.4815602048506,
    "b": 0.31949408345711466
  }
}