{
  "timestamp": "2025-10-10T18:39:52.701Z",
  "runId": "cmgl6wtld008l4bwggktwxv95",
  "step": 23,
  "loss": 0.3603503857503973,
  "elapsedMs": 66181,
  "parameters": {
    "w": 2.5011421991153653,
    "b": 0.6981100133000253
  }
}