{
  "timestamp": "2025-10-10T20:30:05.030Z",
  "runId": "cmglas6ov0002lfunaib5ijsh",
  "step": 23,
  "loss": 0.2668060111521687,
  "elapsedMs": 176095,
  "parameters": {
    "w": 2.4965870691401078,
    "b": 0.9197083464420475
  }
}