{
  "timestamp": "2025-10-10T18:36:23.948Z",
  "runId": "cmgl6slj300014bwgepuoxl5u",
  "step": 19,
  "loss": 0.29183559274383036,
  "elapsedMs": 54134,
  "parameters": {
    "w": 2.508843206254698,
    "b": 0.8453654822296267
  }
}