{
  "timestamp": "2025-10-10T20:08:59.765Z",
  "runId": "cmgla4oab002f3dxhzweq11sz",
  "step": 2,
  "loss": 6.640404168393768,
  "elapsedMs": 8000,
  "parameters": {
    "w": 2.2615962463188364,
    "b": 0.20056929320925523
  }
}