{
  "timestamp": "2025-10-10T18:40:01.707Z",
  "runId": "cmgl6wtld008l4bwggktwxv95",
  "step": 26,
  "loss": 0.33304755304416667,
  "elapsedMs": 75189,
  "parameters": {
    "w": 2.5013306074794586,
    "b": 0.7420833465257077
  }
}