{
  "timestamp": "2025-10-10T19:08:53.379Z",
  "runId": "cmgl7zjlv002g6wcdql2u3d53",
  "step": 1,
  "loss": 53.928819677876916,
  "elapsedMs": 0,
  "parameters": {
    "w": 1.6881389901951636,
    "b": 0.09293113902313184
  }
}