{
  "timestamp": "2025-10-10T20:45:13.410Z",
  "runId": "cmglb7cuq00014nhizxmusl2p",
  "step": 48,
  "loss": 0.2559699906752363,
  "elapsedMs": 376219,
  "parameters": {
    "w": 2.501506447267916,
    "b": 1.0161094696988808
  }
}