{
  "timestamp": "2025-10-10T17:48:41.312Z",
  "runId": "cmgl4zfkb00nu59p3nhm3kcwp",
  "step": 30,
  "loss": 0.5305326331311047,
  "elapsedMs": 232102,
  "parameters": {
    "w": 2.4998865600786484,
    "b": 0.4773995031505528
  }
}