{
  "timestamp": "2025-10-10T17:26:54.337Z",
  "runId": "cmgl4bpjs005d59p39f6kzn3x",
  "step": 5,
  "loss": 0.9427457483459295,
  "elapsedMs": 32026,
  "parameters": {
    "w": 2.4543956480679756,
    "b": 0.2919444993411941
  }
}