{
  "timestamp": "2025-10-10T19:30:38.694Z",
  "runId": "cmgl8qo2800nl6wcd5h2kd6qf",
  "step": 6,
  "loss": 8.838571512754175,
  "elapsedMs": 40026,
  "parameters": {
    "w": 1.691069980244363,
    "b": 0.10097894448139735
  }
}