{
  "timestamp": "2025-10-10T17:27:26.367Z",
  "runId": "cmgl4bpjs005d59p39f6kzn3x",
  "step": 9,
  "loss": 0.6012646517516187,
  "elapsedMs": 64055,
  "parameters": {
    "w": 2.50002703917789,
    "b": 0.46018805337502644
  }
}