{
  "timestamp": "2025-10-10T17:59:26.020Z",
  "runId": "cmgl5fha7011s59p318sj78n8",
  "step": 17,
  "loss": 3.445621702058081,
  "elapsedMs": 128055,
  "parameters": {
    "w": 1.984965116991798,
    "b": 0.13464968865180194
  }
}