{
  "timestamp": "2025-10-10T17:58:54.001Z",
  "runId": "cmgl5h0vn014459p363ew48tj",
  "step": 4,
  "loss": 0.9439438842815097,
  "elapsedMs": 24006,
  "parameters": {
    "w": 2.467341267791686,
    "b": 0.28031238125993385
  }
}