{
  "timestamp": "2025-10-10T20:43:11.982Z",
  "runId": "cmglbcb2y001p4nhiwgg4wuky",
  "step": 4,
  "loss": 0.7941803972030148,
  "elapsedMs": 24009,
  "parameters": {
    "w": 2.496983652086726,
    "b": 0.32716484205549196
  }
}