{
  "timestamp": "2025-10-10T17:03:24.258Z",
  "runId": "cmgl3g3cz0001h6q6xmybpgpv",
  "step": 13,
  "loss": 0.3188256360394532,
  "elapsedMs": 96047,
  "parameters": {
    "w": 2.5035151744311186,
    "b": 0.7630800569277876
  }
}