{
  "timestamp": "2025-10-10T19:35:12.337Z",
  "runId": "cmgl8vo8r00ri6wcdlenesao3",
  "step": 11,
  "loss": 3.6318536928018013,
  "elapsedMs": 80059,
  "parameters": {
    "w": 2.0126177134201897,
    "b": 0.18286596742284492
  }
}