{
  "timestamp": "2025-10-10T20:20:29.669Z",
  "runId": "cmglaifc40028owootgmhaq8r",
  "step": 8,
  "loss": 0.5713721257436072,
  "elapsedMs": 56020,
  "parameters": {
    "w": 2.4909265115479684,
    "b": 0.4687964371530242
  }
}