{
  "timestamp": "2025-10-10T18:13:40.968Z",
  "runId": "cmgl60jkk0001dkqperk9p40e",
  "step": 1,
  "loss": 54.64790759244711,
  "elapsedMs": 0,
  "parameters": {
    "w": 2.1396010047741827,
    "b": 0.10648224532907172
  }
}