{
  "timestamp": "2025-10-10T17:14:49.703Z",
  "runId": "cmgl3kbtb0039h6q6lb066m12",
  "step": 74,
  "loss": 0.26300296814756574,
  "elapsedMs": 584339,
  "parameters": {
    "w": 2.4883078813422452,
    "b": 0.9885008340734304
  }
}