{
  "timestamp": "2025-10-10T19:12:07.015Z",
  "runId": "cmgl836h500596wcddnzwnuoz",
  "step": 4,
  "loss": 1.4266929648834228,
  "elapsedMs": 24008,
  "parameters": {
    "w": 2.3829020782767647,
    "b": 0.23033546933081048
  }
}