{
  "timestamp": "2025-10-10T19:23:39.711Z",
  "runId": "cmgl8gnp400fr6wcdg48gl9pr",
  "step": 12,
  "loss": 0.8208211920061034,
  "elapsedMs": 88081,
  "parameters": {
    "w": 2.4488980102803053,
    "b": 0.3425478024925647
  }
}