{
  "timestamp": "2025-10-10T19:58:38.409Z",
  "runId": "cmgl9l0fl01bh6wcdrrxrxgke",
  "step": 39,
  "loss": 0.8265526864074607,
  "elapsedMs": 304026,
  "parameters": {
    "w": 2.41040789120442,
    "b": 0.32289414438173253
  }
}