{
  "timestamp": "2025-10-10T18:42:07.508Z",
  "runId": "cmgl70ak600fq4bwgf9uu5c69",
  "step": 14,
  "loss": 0.7292123182965655,
  "elapsedMs": 39063,
  "parameters": {
    "w": 2.45202372680828,
    "b": 0.33156059798821613
  }
}