{
  "timestamp": "2025-10-10T17:50:58.769Z",
  "runId": "cmgl54fs100rr59p3m5p675ua",
  "step": 18,
  "loss": 1.1110025431877577,
  "elapsedMs": 136082,
  "parameters": {
    "w": 2.3363735423866205,
    "b": 0.2772910793952955
  }
}