{
  "timestamp": "2025-10-10T19:57:42.388Z",
  "runId": "cmgl9l0fl01bh6wcdrrxrxgke",
  "step": 32,
  "loss": 1.0597142541092588,
  "elapsedMs": 248006,
  "parameters": {
    "w": 2.3419975057972415,
    "b": 0.27175932189097685
  }
}