{
  "timestamp": "2025-10-10T17:16:49.812Z",
  "runId": "cmgl3kbtb0039h6q6lb066m12",
  "step": 89,
  "loss": 0.2630027535703379,
  "elapsedMs": 704446,
  "parameters": {
    "w": 2.4883127831769607,
    "b": 0.9888392389703655
  }
}