{
  "timestamp": "2025-10-10T19:08:43.841Z",
  "runId": "cmgl7wdqj00026wcditavcuvj",
  "step": 18,
  "loss": 0.28067779294054446,
  "elapsedMs": 136021,
  "parameters": {
    "w": 2.508343973436809,
    "b": 0.8581709490106519
  }
}