{
  "timestamp": "2025-10-10T17:08:25.484Z",
  "runId": "cmgl3kbtb0039h6q6lb066m12",
  "step": 26,
  "loss": 0.26845247978594206,
  "elapsedMs": 200120,
  "parameters": {
    "w": 2.487350897921059,
    "b": 0.9224341682610352
  }
}