{
  "timestamp": "2025-10-10T17:52:18.825Z",
  "runId": "cmgl54fs100rr59p3m5p675ua",
  "step": 28,
  "loss": 0.6495317314572765,
  "elapsedMs": 216139,
  "parameters": {
    "w": 2.4665313339283874,
    "b": 0.3918811858720702
  }
}