{
  "timestamp": "2025-10-10T17:05:24.307Z",
  "runId": "cmgl3g3cz0001h6q6xmybpgpv",
  "step": 28,
  "loss": 0.2454857469853593,
  "elapsedMs": 216097,
  "parameters": {
    "w": 2.5008741244269435,
    "b": 0.9609155608078449
  }
}