{
  "timestamp": "2025-10-10T18:44:21.188Z",
  "runId": "cmgl72bgt00jx4bwgrwqopomd",
  "step": 27,
  "loss": 0.5439648904240242,
  "elapsedMs": 78185,
  "parameters": {
    "w": 2.4845058454758253,
    "b": 0.49346175723574015
  }
}