{
  "timestamp": "2025-10-10T19:44:43.389Z",
  "runId": "cmgl96vw2010b6wcdbnqi98ym",
  "step": 17,
  "loss": 3.917619222306123,
  "elapsedMs": 128067,
  "parameters": {
    "w": 1.915420210836012,
    "b": 0.1287263815349543
  }
}