{
  "timestamp": "2025-10-10T20:08:10.412Z",
  "runId": "cmgla1jtd00013dxhvorihs03",
  "step": 14,
  "loss": 0.3247141304366019,
  "elapsedMs": 104042,
  "parameters": {
    "w": 2.5018484398860346,
    "b": 0.7746016824823696
  }
}