{
  "timestamp": "2025-10-10T18:39:37.659Z",
  "runId": "cmgl6wtld008l4bwggktwxv95",
  "step": 18,
  "loss": 0.4301464307961355,
  "elapsedMs": 51139,
  "parameters": {
    "w": 2.5006021187051073,
    "b": 0.6075107442254778
  }
}