{
  "timestamp": "2025-10-10T20:29:00.996Z",
  "runId": "cmglas6ov0002lfunaib5ijsh",
  "step": 15,
  "loss": 0.3103997980934124,
  "elapsedMs": 112063,
  "parameters": {
    "w": 2.4965003002468964,
    "b": 0.801138198757307
  }
}