{
  "timestamp": "2025-10-10T18:53:41.661Z",
  "runId": "cmgl7foml01c34bwg1tweenyt",
  "step": 6,
  "loss": 22.812311222180846,
  "elapsedMs": 15013,
  "parameters": {
    "w": 0.9782528211087451,
    "b": 0.04838454656286495
  }
}