{
  "timestamp": "2025-10-10T18:52:10.057Z",
  "runId": "cmgl7cxp1015v4bwguml7zqxc",
  "step": 18,
  "loss": 3.7565009843654926,
  "elapsedMs": 51128,
  "parameters": {
    "w": 1.960956317377456,
    "b": 0.1608607881655289
  }
}