{
  "timestamp": "2025-10-10T20:48:57.505Z",
  "runId": "cmglb7cuq00014nhizxmusl2p",
  "step": 76,
  "loss": 0.25592143847548593,
  "elapsedMs": 600314,
  "parameters": {
    "w": 2.5013926120798122,
    "b": 1.0220667237631078
  }
}