{
  "timestamp": "2025-10-10T20:06:26.370Z",
  "runId": "cmgla1jtd00013dxhvorihs03",
  "step": 1,
  "loss": 53.824856087742184,
  "elapsedMs": 0,
  "parameters": {
    "w": 2.100884494835417,
    "b": 0.09982310074542501
  }
}