{
  "timestamp": "2025-10-10T19:40:33.923Z",
  "runId": "cmgl90un200vk6wcdsop962ok",
  "step": 21,
  "loss": 1.3545452630160784,
  "elapsedMs": 160075,
  "parameters": {
    "w": 2.278386765905183,
    "b": 0.23384296277918748
  }
}