{
  "timestamp": "2025-10-10T20:51:12.191Z",
  "runId": "cmglbcb2y001p4nhiwgg4wuky",
  "step": 64,
  "loss": 0.2475759837259679,
  "elapsedMs": 504217,
  "parameters": {
    "w": 2.5051450540860483,
    "b": 0.9904786504603691
  }
}