{
  "timestamp": "2025-10-10T18:50:22.295Z",
  "runId": "cmgl7afsf010p4bwg8hj2ac1n",
  "step": 21,
  "loss": 1.9538045988130044,
  "elapsedMs": 60081,
  "parameters": {
    "w": 2.198438392099729,
    "b": 0.21573007058753013
  }
}