{
  "timestamp": "2025-10-10T20:20:37.674Z",
  "runId": "cmglaifc40028owootgmhaq8r",
  "step": 9,
  "loss": 0.5212072846627692,
  "elapsedMs": 64025,
  "parameters": {
    "w": 2.4915970958440834,
    "b": 0.510853668597798
  }
}