{
  "timestamp": "2025-10-10T17:40:06.049Z",
  "runId": "cmgl4p8ro00fv59p3xmz642an",
  "step": 25,
  "loss": 0.4990060206941606,
  "elapsedMs": 192080,
  "parameters": {
    "w": 2.472603332741487,
    "b": 0.5113413721478027
  }
}