{
  "timestamp": "2025-10-10T17:39:10.026Z",
  "runId": "cmgl4p8ro00fv59p3xmz642an",
  "step": 18,
  "loss": 0.6415868587927271,
  "elapsedMs": 136058,
  "parameters": {
    "w": 2.457941431197541,
    "b": 0.38812918344800335
  }
}