{
  "timestamp": "2025-10-10T17:17:21.822Z",
  "runId": "cmgl3kbtb0039h6q6lb066m12",
  "step": 93,
  "loss": 0.2630027481379729,
  "elapsedMs": 736459,
  "parameters": {
    "w": 2.4883132210515577,
    "b": 0.9888694682450031
  }
}