{
  "timestamp": "2025-10-10T20:00:00.291Z",
  "runId": "cmgl9rwek01gx6wcdq62ivwmo",
  "step": 9,
  "loss": 14.086322256054641,
  "elapsedMs": 64022,
  "parameters": {
    "w": 1.3790896223728872,
    "b": 0.10471884939233489
  }
}