{
  "timestamp": "2025-10-10T17:21:31.304Z",
  "runId": "cmgl44rnc000159p35n5uexhp",
  "step": 5,
  "loss": 0.6939398022353873,
  "elapsedMs": 32015,
  "parameters": {
    "w": 2.4913845341514724,
    "b": 0.39100967254226393
  }
}