{
  "timestamp": "2025-10-10T18:00:06.105Z",
  "runId": "cmgl5h0vn014459p363ew48tj",
  "step": 13,
  "loss": 0.3678125121195815,
  "elapsedMs": 96045,
  "parameters": {
    "w": 2.505601296334744,
    "b": 0.6634166655736655
  }
}