{
  "timestamp": "2025-10-10T17:48:50.703Z",
  "runId": "cmgl54fs100rr59p3m5p675ua",
  "step": 2,
  "loss": 39.87664473450987,
  "elapsedMs": 8005,
  "parameters": {
    "w": 0.6492937691254455,
    "b": 0.037784757282805545
  }
}