{
  "timestamp": "2025-10-10T17:56:44.457Z",
  "runId": "cmgl59m5400vt59p3z5r7qzff",
  "step": 31,
  "loss": 0.7718787257528416,
  "elapsedMs": 240263,
  "parameters": {
    "w": 2.435234959764045,
    "b": 0.36119059016318805
  }
}