{
  "timestamp": "2025-10-10T20:20:13.664Z",
  "runId": "cmglaifc40028owootgmhaq8r",
  "step": 6,
  "loss": 0.7011347671528995,
  "elapsedMs": 40015,
  "parameters": {
    "w": 2.487561137611741,
    "b": 0.373428045516935
  }
}