{
  "timestamp": "2025-10-10T17:10:01.521Z",
  "runId": "cmgl3kbtb0039h6q6lb066m12",
  "step": 38,
  "loss": 0.26343916352537233,
  "elapsedMs": 296156,
  "parameters": {
    "w": 2.4880414975813547,
    "b": 0.9701106650078122
  }
}