{
  "timestamp": "2025-10-10T19:59:28.273Z",
  "runId": "cmgl9rwek01gx6wcdq62ivwmo",
  "step": 5,
  "loss": 27.54941679809594,
  "elapsedMs": 32011,
  "parameters": {
    "w": 0.8977904882599457,
    "b": 0.06118379238151059
  }
}