{
  "timestamp": "2025-10-10T19:57:34.386Z",
  "runId": "cmgl9l0fl01bh6wcdrrxrxgke",
  "step": 31,
  "loss": 1.114090262023834,
  "elapsedMs": 240005,
  "parameters": {
    "w": 2.3283200148176655,
    "b": 0.264180948538393
  }
}