{
  "timestamp": "2025-10-10T18:40:42.061Z",
  "runId": "cmgl6yiy100c34bwgpi1gkjqk",
  "step": 13,
  "loss": 0.571803840775821,
  "elapsedMs": 36077,
  "parameters": {
    "w": 2.5144023782907716,
    "b": 0.47376907164003723
  }
}