{
  "timestamp": "2025-10-10T19:47:39.467Z",
  "runId": "cmgl96vw2010b6wcdbnqi98ym",
  "step": 39,
  "loss": 0.8029394099072912,
  "elapsedMs": 304145,
  "parameters": {
    "w": 2.3955277248921707,
    "b": 0.29830324035873595
  }
}