{
  "timestamp": "2025-10-10T19:15:44.768Z",
  "runId": "cmgl87bxu008h6wcdl4542jih",
  "step": 7,
  "loss": 0.8670440329415977,
  "elapsedMs": 48012,
  "parameters": {
    "w": 2.4537116127553995,
    "b": 0.3247273524772066
  }
}