{
  "timestamp": "2025-10-10T19:20:10.250Z",
  "runId": "cmgl8btqb00bz6wcdppfmiop5",
  "step": 14,
  "loss": 0.6424288764699004,
  "elapsedMs": 104036,
  "parameters": {
    "w": 2.4892555772590463,
    "b": 0.43366455131381976
  }
}