{
  "timestamp": "2025-10-10T19:35:44.360Z",
  "runId": "cmgl8vo8r00ri6wcdlenesao3",
  "step": 15,
  "loss": 1.6897493179436418,
  "elapsedMs": 112082,
  "parameters": {
    "w": 2.2319708684274953,
    "b": 0.2385051658171258
  }
}