{
  "timestamp": "2025-10-10T17:14:25.693Z",
  "runId": "cmgl3kbtb0039h6q6lb066m12",
  "step": 71,
  "loss": 0.2630031653387172,
  "elapsedMs": 560327,
  "parameters": {
    "w": 2.4883055893713655,
    "b": 0.9883426047135356
  }
}