{
  "timestamp": "2025-10-10T18:38:30.173Z",
  "runId": "cmgl6v8sc005d4bwg0lsq0cvg",
  "step": 20,
  "loss": 0.347185807939645,
  "elapsedMs": 57136,
  "parameters": {
    "w": 2.502763491461224,
    "b": 0.7456367078561502
  }
}