{
  "timestamp": "2025-10-10T20:45:45.425Z",
  "runId": "cmglb7cuq00014nhizxmusl2p",
  "step": 52,
  "loss": 0.2559423119839841,
  "elapsedMs": 408233,
  "parameters": {
    "w": 2.501465213215511,
    "b": 1.0182673413584638
  }
}