{
  "timestamp": "2025-10-10T18:36:08.912Z",
  "runId": "cmgl6slj300014bwgepuoxl5u",
  "step": 14,
  "loss": 0.330855894653683,
  "elapsedMs": 39099,
  "parameters": {
    "w": 2.509298274242991,
    "b": 0.7551548122120865
  }
}