{
  "timestamp": "2025-10-10T18:40:54.088Z",
  "runId": "cmgl6yiy100c34bwgpi1gkjqk",
  "step": 17,
  "loss": 0.4783751118943945,
  "elapsedMs": 48105,
  "parameters": {
    "w": 2.5211925450821076,
    "b": 0.5575852412188558
  }
}