{
  "timestamp": "2025-10-10T19:27:49.215Z",
  "runId": "cmgl8lu1b00jt6wcdu8xpy8ib",
  "step": 13,
  "loss": 0.8707400809552155,
  "elapsedMs": 96062,
  "parameters": {
    "w": 2.395678902449708,
    "b": 0.26102223423128174
  }
}