{
  "timestamp": "2025-10-10T19:12:39.026Z",
  "runId": "cmgl836h500596wcddnzwnuoz",
  "step": 8,
  "loss": 0.6435476158476157,
  "elapsedMs": 56020,
  "parameters": {
    "w": 2.4911589675741186,
    "b": 0.4091948631795247
  }
}