{
  "timestamp": "2025-10-10T18:18:05.261Z",
  "runId": "cmgl6674b0001g98wb8x1en6s",
  "step": 1,
  "loss": 54.336916947584754,
  "elapsedMs": 0,
  "parameters": {
    "w": 2.112137895054139,
    "b": 0.13197759076435778
  }
}