{
  "timestamp": "2025-10-10T17:30:33.837Z",
  "runId": "cmgl4fvzq008l59p3ozsfa6tx",
  "step": 8,
  "loss": 0.6843769412849766,
  "elapsedMs": 56026,
  "parameters": {
    "w": 2.4784973642055896,
    "b": 0.352084860543308
  }
}