{
  "timestamp": "2025-10-10T20:28:28.998Z",
  "runId": "cmglas6ov0002lfunaib5ijsh",
  "step": 11,
  "loss": 0.3811951135585274,
  "elapsedMs": 80060,
  "parameters": {
    "w": 2.4964204442548135,
    "b": 0.6920148606805842
  }
}