{
  "timestamp": "2025-10-10T17:05:37.909Z",
  "runId": "cmgl3kopi003ph6q6ljucg8co",
  "step": 3,
  "loss": 0.9165316740422631,
  "elapsedMs": 16010,
  "parameters": {
    "w": 2.49719548271953,
    "b": 0.2614638749292031
  }
}