{
  "timestamp": "2025-10-10T18:02:40.365Z",
  "runId": "cmgl5m7by01ch59p3aivgbmz9",
  "step": 2,
  "loss": 47.449912765191954,
  "elapsedMs": 8004,
  "parameters": {
    "w": 0.42704921786348937,
    "b": 0.018045595401614517
  }
}