{
  "timestamp": "2025-10-10T17:52:26.827Z",
  "runId": "cmgl54fs100rr59p3m5p675ua",
  "step": 29,
  "loss": 0.6323233613025985,
  "elapsedMs": 224142,
  "parameters": {
    "w": 2.47169721930382,
    "b": 0.40226097258019583
  }
}