{
  "timestamp": "2025-10-10T17:00:08.729Z",
  "runId": "cmgl3d9qe00011qpodoj7t04t",
  "step": 5,
  "loss": 0.6876768058418846,
  "elapsedMs": 32010,
  "parameters": {
    "w": 2.4925480674838547,
    "b": 0.408344165826791
  }
}