{
  "timestamp": "2025-10-10T17:33:05.921Z",
  "runId": "cmgl4fvzq008l59p3ozsfa6tx",
  "step": 27,
  "loss": 0.29062961293007833,
  "elapsedMs": 208113,
  "parameters": {
    "w": 2.503561431597306,
    "b": 0.745538465333157
  }
}