{
  "timestamp": "2025-10-10T18:18:21.275Z",
  "runId": "cmgl6674b0001g98wb8x1en6s",
  "step": 3,
  "loss": 0.8785334744488871,
  "elapsedMs": 16018,
  "parameters": {
    "w": 2.5004382801247593,
    "b": 0.30155987968214093
  }
}