{
  "timestamp": "2025-10-10T17:54:12.274Z",
  "runId": "cmgl59m5400vt59p3z5r7qzff",
  "step": 12,
  "loss": 4.986529153048788,
  "elapsedMs": 88080,
  "parameters": {
    "w": 1.8865689473836176,
    "b": 0.16233792519437118
  }
}