{
  "timestamp": "2025-10-10T17:43:03.599Z",
  "runId": "cmgl4urll00k759p3ddddxdkz",
  "step": 15,
  "loss": 0.7195704177958171,
  "elapsedMs": 112090,
  "parameters": {
    "w": 2.4377545484160117,
    "b": 0.3401770125920436
  }
}