{
  "timestamp": "2025-10-10T18:39:58.707Z",
  "runId": "cmgl6wtld008l4bwggktwxv95",
  "step": 25,
  "loss": 0.3412104339533981,
  "elapsedMs": 72188,
  "parameters": {
    "w": 2.5012725243046954,
    "b": 0.7281887486157579
  }
}