{
  "timestamp": "2025-10-10T19:40:57.933Z",
  "runId": "cmgl90un200vk6wcdsop962ok",
  "step": 24,
  "loss": 1.0468377160040023,
  "elapsedMs": 184085,
  "parameters": {
    "w": 2.344864492026057,
    "b": 0.26341230830950396
  }
}