{
  "timestamp": "2025-10-10T17:41:10.075Z",
  "runId": "cmgl4p8ro00fv59p3xmz642an",
  "step": 33,
  "loss": 0.4005021649164694,
  "elapsedMs": 256108,
  "parameters": {
    "w": 2.4782544698542037,
    "b": 0.6217087736170889
  }
}