{
  "timestamp": "2025-10-10T19:36:32.377Z",
  "runId": "cmgl8vo8r00ri6wcdlenesao3",
  "step": 21,
  "loss": 0.8974937816493227,
  "elapsedMs": 160099,
  "parameters": {
    "w": 2.39155788591493,
    "b": 0.31425547674393334
  }
}