{
  "timestamp": "2025-10-10T20:02:48.351Z",
  "runId": "cmgl9rwek01gx6wcdq62ivwmo",
  "step": 30,
  "loss": 1.0744662122107753,
  "elapsedMs": 232088,
  "parameters": {
    "w": 2.336502457271037,
    "b": 0.28650038624367175
  }
}