{
  "timestamp": "2025-10-10T19:42:17.967Z",
  "runId": "cmgl90un200vk6wcdsop962ok",
  "step": 34,
  "loss": 0.6791392864336496,
  "elapsedMs": 264120,
  "parameters": {
    "w": 2.456041854259209,
    "b": 0.35431398454736124
  }
}