{
  "timestamp": "2025-10-10T17:34:52.331Z",
  "runId": "cmgl4kebm00c359p3j7bxwbeg",
  "step": 14,
  "loss": 0.5214857866520105,
  "elapsedMs": 104067,
  "parameters": {
    "w": 2.4893193335128356,
    "b": 0.4504539852124988
  }
}