{
  "timestamp": "2025-10-10T20:52:56.236Z",
  "runId": "cmglbcb2y001p4nhiwgg4wuky",
  "step": 77,
  "loss": 0.24757432682306593,
  "elapsedMs": 608266,
  "parameters": {
    "w": 2.505152550745727,
    "b": 0.9913720750867171
  }
}