{
  "timestamp": "2025-10-10T17:17:46.346Z",
  "runId": "cmgl3kopi003ph6q6ljucg8co",
  "step": 94,
  "loss": 0.24949392117257674,
  "elapsedMs": 744448,
  "parameters": {
    "w": 2.5086490474463075,
    "b": 0.9775788500869613
  }
}