{
  "timestamp": "2025-10-10T19:56:14.370Z",
  "runId": "cmgl9l0fl01bh6wcdrrxrxgke",
  "step": 21,
  "loss": 2.5172724846521843,
  "elapsedMs": 159987,
  "parameters": {
    "w": 2.099206574866682,
    "b": 0.18465159281277352
  }
}