{
  "timestamp": "2025-10-10T18:44:12.163Z",
  "runId": "cmgl72bgt00jx4bwgrwqopomd",
  "step": 24,
  "loss": 0.595590243858856,
  "elapsedMs": 69159,
  "parameters": {
    "w": 2.4805134671216047,
    "b": 0.44954147662687555
  }
}