{
  "timestamp": "2025-10-10T20:37:12.133Z",
  "runId": "cmglb15x5000410aty7a0wpll",
  "step": 24,
  "loss": 0.2628955584210953,
  "elapsedMs": 184132,
  "parameters": {
    "w": 2.4964946011585987,
    "b": 0.9199808233774578
  }
}