{
  "timestamp": "2025-10-10T17:14:36.561Z",
  "runId": "cmgl3g3cz0001h6q6xmybpgpv",
  "step": 97,
  "loss": 0.24222426238288228,
  "elapsedMs": 768346,
  "parameters": {
    "w": 2.5001879607983577,
    "b": 1.0123146331919068
  }
}