{
  "timestamp": "2025-10-10T19:21:22.296Z",
  "runId": "cmgl8btqb00bz6wcdppfmiop5",
  "step": 23,
  "loss": 0.4520076833651886,
  "elapsedMs": 176083,
  "parameters": {
    "w": 2.4999557805930435,
    "b": 0.6133347136245216
  }
}