{
  "timestamp": "2025-10-10T19:28:29.255Z",
  "runId": "cmgl8lu1b00jt6wcdu8xpy8ib",
  "step": 18,
  "loss": 0.6440770377502627,
  "elapsedMs": 136102,
  "parameters": {
    "w": 2.4626068690885474,
    "b": 0.34576478115527903
  }
}