{
  "timestamp": "2025-10-10T20:21:57.705Z",
  "runId": "cmglaifc40028owootgmhaq8r",
  "step": 19,
  "loss": 0.2967836936764679,
  "elapsedMs": 144055,
  "parameters": {
    "w": 2.4949388754965622,
    "b": 0.784551615114801
  }
}