{
  "timestamp": "2025-10-10T18:42:01.493Z",
  "runId": "cmgl70ak600fq4bwgf9uu5c69",
  "step": 12,
  "loss": 0.8296853659254889,
  "elapsedMs": 33049,
  "parameters": {
    "w": 2.424726384580116,
    "b": 0.28702577055183065
  }
}