{
  "timestamp": "2025-10-10T17:14:01.683Z",
  "runId": "cmgl3kbtb0039h6q6lb066m12",
  "step": 68,
  "loss": 0.26300353602391724,
  "elapsedMs": 536317,
  "parameters": {
    "w": 2.4883024469240347,
    "b": 0.9881256615429024
  }
}