{
  "timestamp": "2025-10-10T17:48:01.297Z",
  "runId": "cmgl4zfkb00nu59p3nhm3kcwp",
  "step": 25,
  "loss": 0.6056743677236219,
  "elapsedMs": 192086,
  "parameters": {
    "w": 2.487289768046529,
    "b": 0.4174871329970032
  }
}