{
  "timestamp": "2025-10-10T19:59:04.265Z",
  "runId": "cmgl9rwek01gx6wcdq62ivwmo",
  "step": 2,
  "loss": 46.06916231931209,
  "elapsedMs": 8003,
  "parameters": {
    "w": 0.407190232613836,
    "b": 0.02551799182361727
  }
}