{
  "timestamp": "2025-10-10T17:06:25.391Z",
  "runId": "cmgl3kbtb0039h6q6lb066m12",
  "step": 11,
  "loss": 0.3909304360391688,
  "elapsedMs": 80027,
  "parameters": {
    "w": 2.483647496386465,
    "b": 0.6667676905931599
  }
}