{
  "timestamp": "2025-10-10T17:38:54.021Z",
  "runId": "cmgl4p8ro00fv59p3xmz642an",
  "step": 16,
  "loss": 0.6993770733376232,
  "elapsedMs": 120051,
  "parameters": {
    "w": 2.4472046733402184,
    "b": 0.3476205044567467
  }
}