{
  "timestamp": "2025-10-10T17:42:07.538Z",
  "runId": "cmgl4urll00k759p3ddddxdkz",
  "step": 8,
  "loss": 2.5889866999873408,
  "elapsedMs": 56029,
  "parameters": {
    "w": 2.1441835985544286,
    "b": 0.20869683504583075
  }
}