{
  "timestamp": "2025-10-10T19:09:57.410Z",
  "runId": "cmgl7zjlv002g6wcdql2u3d53",
  "step": 9,
  "loss": 0.4859822788059351,
  "elapsedMs": 64028,
  "parameters": {
    "w": 2.4937586224623334,
    "b": 0.5349326765813749
  }
}