{
  "timestamp": "2025-10-10T19:38:17.853Z",
  "runId": "cmgl90un200vk6wcdsop962ok",
  "step": 4,
  "loss": 26.641097264681182,
  "elapsedMs": 24005,
  "parameters": {
    "w": 0.9175491552479771,
    "b": 0.047215433285627585
  }
}