{
  "timestamp": "2025-10-10T18:45:22.683Z",
  "runId": "cmgl74eri00o94bwg2vepljfr",
  "step": 15,
  "loss": 1.0212202222512148,
  "elapsedMs": 42101,
  "parameters": {
    "w": 2.3717795337363783,
    "b": 0.2534220724963028
  }
}