{
  "timestamp": "2025-10-10T17:10:33.611Z",
  "runId": "cmgl3kbtb0039h6q6lb066m12",
  "step": 42,
  "loss": 0.26319085481738214,
  "elapsedMs": 328247,
  "parameters": {
    "w": 2.488135113834076,
    "b": 0.976573591685775
  }
}