{
  "timestamp": "2025-10-10T18:42:22.543Z",
  "runId": "cmgl70ak600fq4bwgf9uu5c69",
  "step": 19,
  "loss": 0.5857234409469604,
  "elapsedMs": 54100,
  "parameters": {
    "w": 2.4780577779662765,
    "b": 0.43160780108908603
  }
}