{
  "timestamp": "2025-10-10T19:25:07.782Z",
  "runId": "cmgl8gnp400fr6wcdg48gl9pr",
  "step": 23,
  "loss": 0.5070438567003336,
  "elapsedMs": 176151,
  "parameters": {
    "w": 2.5037363660257372,
    "b": 0.5539724330795766
  }
}