{
  "timestamp": "2025-10-10T20:43:45.374Z",
  "runId": "cmglb7cuq00014nhizxmusl2p",
  "step": 37,
  "loss": 0.25641244142599856,
  "elapsedMs": 288181,
  "parameters": {
    "w": 2.501767964579989,
    "b": 1.0024236745052573
  }
}