{
  "timestamp": "2025-10-10T20:10:11.881Z",
  "runId": "cmgla4oab002f3dxhzweq11sz",
  "step": 11,
  "loss": 0.43199005812626395,
  "elapsedMs": 80114,
  "parameters": {
    "w": 2.5148813810773563,
    "b": 0.6165453284486243
  }
}