{
  "timestamp": "2025-10-10T18:42:55.629Z",
  "runId": "cmgl70ak600fq4bwgf9uu5c69",
  "step": 30,
  "loss": 0.41360602886487274,
  "elapsedMs": 87185,
  "parameters": {
    "w": 2.4880365341255803,
    "b": 0.6019563258128899
  }
}