{
  "timestamp": "2025-10-10T18:16:47.915Z",
  "runId": "cmgl63irq0001phvacuo2rrtr",
  "step": 7,
  "loss": 0.5611605756780352,
  "elapsedMs": 48039,
  "parameters": {
    "w": 2.4818049325944513,
    "b": 0.478439405658142
  }
}