{
  "timestamp": "2025-10-10T18:49:02.392Z",
  "runId": "cmgl7856900vy4bwg1x0y62xj",
  "step": 30,
  "loss": 0.8198754811166167,
  "elapsedMs": 87085,
  "parameters": {
    "w": 2.4069906313166,
    "b": 0.30509167613556915
  }
}