{
  "timestamp": "2025-10-10T17:11:22.086Z",
  "runId": "cmgl3kopi003ph6q6ljucg8co",
  "step": 46,
  "loss": 0.2495674573060202,
  "elapsedMs": 360190,
  "parameters": {
    "w": 2.5086344178032776,
    "b": 0.9699099062538713
  }
}