{
  "timestamp": "2025-10-10T18:43:39.082Z",
  "runId": "cmgl72bgt00jx4bwgrwqopomd",
  "step": 13,
  "loss": 0.9861289674881041,
  "elapsedMs": 36079,
  "parameters": {
    "w": 2.39143856910823,
    "b": 0.2569325870563861
  }
}