{
  "timestamp": "2025-10-10T18:40:04.718Z",
  "runId": "cmgl6wtld008l4bwggktwxv95",
  "step": 27,
  "loss": 0.32569906196081905,
  "elapsedMs": 78198,
  "parameters": {
    "w": 2.501385032153611,
    "b": 0.7552666252907585
  }
}