{
  "timestamp": "2025-10-10T20:41:13.268Z",
  "runId": "cmglb7cuq00014nhizxmusl2p",
  "step": 18,
  "loss": 0.28252930286995337,
  "elapsedMs": 136075,
  "parameters": {
    "w": 2.5041957167863305,
    "b": 0.8753738849000073
  }
}