{
  "timestamp": "2025-10-10T20:13:57.930Z",
  "runId": "cmgla7z4y004y3dxh5c4aap3d",
  "step": 20,
  "loss": 0.3037343847142139,
  "elapsedMs": 152055,
  "parameters": {
    "w": 2.5019142122945204,
    "b": 0.751424755436852
  }
}