{
  "timestamp": "2025-10-10T17:49:38.714Z",
  "runId": "cmgl54fs100rr59p3m5p675ua",
  "step": 8,
  "loss": 7.413845123677047,
  "elapsedMs": 56028,
  "parameters": {
    "w": 1.7505928515830669,
    "b": 0.1383715787217313
  }
}