{
  "timestamp": "2025-10-10T20:31:17.063Z",
  "runId": "cmglas6ov0002lfunaib5ijsh",
  "step": 32,
  "loss": 0.25837883659776,
  "elapsedMs": 248127,
  "parameters": {
    "w": 2.496627243553802,
    "b": 0.9746068935041041
  }
}