{
  "timestamp": "2025-10-10T20:18:51.899Z",
  "runId": "cmglacw590001owoouwrbu1dl",
  "step": 28,
  "loss": 0.2531389502742733,
  "elapsedMs": 216089,
  "parameters": {
    "w": 2.502602343766434,
    "b": 0.9542561054194978
  }
}