{
  "timestamp": "2025-10-10T20:39:37.227Z",
  "runId": "cmglb7cuq00014nhizxmusl2p",
  "step": 6,
  "loss": 0.587090249602068,
  "elapsedMs": 40014,
  "parameters": {
    "w": 2.5112605439923805,
    "b": 0.5037067320117581
  }
}