{
  "timestamp": "2025-10-10T20:38:08.151Z",
  "runId": "cmglb15x5000410aty7a0wpll",
  "step": 31,
  "loss": 0.257048014953421,
  "elapsedMs": 240150,
  "parameters": {
    "w": 2.4962249860601062,
    "b": 0.9608662616152432
  }
}