{
  "timestamp": "2025-10-10T17:52:10.817Z",
  "runId": "cmgl54fs100rr59p3m5p675ua",
  "step": 27,
  "loss": 0.6686306972402092,
  "elapsedMs": 208131,
  "parameters": {
    "w": 2.460518570530577,
    "b": 0.38131885060164233
  }
}