{
  "timestamp": "2025-10-10T19:39:37.893Z",
  "runId": "cmgl90un200vk6wcdsop962ok",
  "step": 14,
  "loss": 3.5560236048677907,
  "elapsedMs": 104046,
  "parameters": {
    "w": 1.9985345547234659,
    "b": 0.16069055491101353
  }
}