{
  "timestamp": "2025-10-10T18:53:50.672Z",
  "runId": "cmgl7foml01c34bwg1tweenyt",
  "step": 9,
  "loss": 14.282530089203485,
  "elapsedMs": 24023,
  "parameters": {
    "w": 1.3127258407007918,
    "b": 0.07301738340286898
  }
}