{
  "timestamp": "2025-10-10T19:36:48.384Z",
  "runId": "cmgl8vo8r00ri6wcdlenesao3",
  "step": 23,
  "loss": 0.8026349332399443,
  "elapsedMs": 176106,
  "parameters": {
    "w": 2.4200749859494834,
    "b": 0.3377032694973799
  }
}