{
  "timestamp": "2025-10-10T18:53:29.654Z",
  "runId": "cmgl7foml01c34bwg1tweenyt",
  "step": 2,
  "loss": 43.227452641358504,
  "elapsedMs": 3005,
  "parameters": {
    "w": 0.38129184544760575,
    "b": 0.01590016857998265
  }
}