{
  "timestamp": "2025-10-10T20:38:24.155Z",
  "runId": "cmglb15x5000410aty7a0wpll",
  "step": 33,
  "loss": 0.2564512834167382,
  "elapsedMs": 256154,
  "parameters": {
    "w": 2.496178013105465,
    "b": 0.9679894154985194
  }
}