{
  "timestamp": "2025-10-10T18:46:51.168Z",
  "runId": "cmgl766gt00rw4bwglngil2h1",
  "step": 17,
  "loss": 1.1950860460095767,
  "elapsedMs": 48115,
  "parameters": {
    "w": 2.3187859210879513,
    "b": 0.28011949706223677
  }
}