{
  "timestamp": "2025-10-10T17:05:08.299Z",
  "runId": "cmgl3g3cz0001h6q6xmybpgpv",
  "step": 26,
  "loss": 0.24719237626300014,
  "elapsedMs": 200087,
  "parameters": {
    "w": 2.501034941969627,
    "b": 0.9488690573607861
  }
}