{
  "timestamp": "2025-10-10T17:11:08.522Z",
  "runId": "cmgl3g3cz0001h6q6xmybpgpv",
  "step": 71,
  "loss": 0.24222464423742088,
  "elapsedMs": 560255,
  "parameters": {
    "w": 2.500194923341621,
    "b": 1.0117930837388878
  }
}