{
  "timestamp": "2025-10-10T18:52:46.180Z",
  "runId": "cmgl7cxp1015v4bwguml7zqxc",
  "step": 30,
  "loss": 1.1774769488789847,
  "elapsedMs": 87251,
  "parameters": {
    "w": 2.304120658839622,
    "b": 0.25633100403732373
  }
}