{
  "timestamp": "2025-10-10T17:15:05.714Z",
  "runId": "cmgl3kbtb0039h6q6lb066m12",
  "step": 76,
  "loss": 0.26300289116742936,
  "elapsedMs": 600348,
  "parameters": {
    "w": 2.4883090532731726,
    "b": 0.9885817399357781
  }
}