{
  "timestamp": "2025-10-10T18:15:33.103Z",
  "runId": "cmgl60jkk0001dkqperk9p40e",
  "step": 15,
  "loss": 0.3034138648657597,
  "elapsedMs": 112100,
  "parameters": {
    "w": 2.49456648600336,
    "b": 0.7775069335417742
  }
}