{
  "timestamp": "2025-10-10T18:39:55.706Z",
  "runId": "cmgl6wtld008l4bwggktwxv95",
  "step": 24,
  "loss": 0.3502779590500693,
  "elapsedMs": 69187,
  "parameters": {
    "w": 2.501210083424742,
    "b": 0.7135444533800663
  }
}