{
  "timestamp": "2025-10-10T20:28:20.988Z",
  "runId": "cmglas6ov0002lfunaib5ijsh",
  "step": 10,
  "loss": 0.41035282739577517,
  "elapsedMs": 72054,
  "parameters": {
    "w": 2.4963946420192324,
    "b": 0.6567580940628637
  }
}