{
  "timestamp": "2025-10-10T17:36:52.387Z",
  "runId": "cmgl4kebm00c359p3j7bxwbeg",
  "step": 29,
  "loss": 0.31019508453799827,
  "elapsedMs": 224127,
  "parameters": {
    "w": 2.4938715461000047,
    "b": 0.6928278717782201
  }
}