{
  "timestamp": "2025-10-10T18:38:06.111Z",
  "runId": "cmgl6v8sc005d4bwg0lsq0cvg",
  "step": 12,
  "loss": 0.512136301122579,
  "elapsedMs": 33073,
  "parameters": {
    "w": 2.5010427447240766,
    "b": 0.5523430258433901
  }
}