{
  "timestamp": "2025-10-10T17:33:40.282Z",
  "runId": "cmgl4kebm00c359p3j7bxwbeg",
  "step": 5,
  "loss": 2.7995006638026187,
  "elapsedMs": 32018,
  "parameters": {
    "w": 2.1769823932027843,
    "b": 0.20834773941406182
  }
}