{
  "timestamp": "2025-10-10T17:01:12.749Z",
  "runId": "cmgl3d9qe00011qpodoj7t04t",
  "step": 13,
  "loss": 0.3240836494234834,
  "elapsedMs": 96029,
  "parameters": {
    "w": 2.493902691952114,
    "b": 0.7507695154886653
  }
}