{
  "timestamp": "2025-10-10T18:09:19.248Z",
  "runId": "cmgl5u8r5005hcwvace9t3wiy",
  "step": 5,
  "loss": 1.0207947768580203,
  "elapsedMs": 32016,
  "parameters": {
    "w": 2.437615483623249,
    "b": 0.2684876395778971
  }
}