{
  "timestamp": "2025-10-10T17:57:49.971Z",
  "runId": "cmgl5fha7011s59p318sj78n8",
  "step": 5,
  "loss": 25.342861099911723,
  "elapsedMs": 32009,
  "parameters": {
    "w": 0.9387802521000177,
    "b": 0.035661534780829215
  }
}