{
  "timestamp": "2025-10-10T19:47:56.816Z",
  "runId": "cmgl9dryo015r6wcdpzs47l9c",
  "step": 1,
  "loss": 51.24908609629857,
  "elapsedMs": 0,
  "parameters": {
    "w": 0.1996465218735103,
    "b": 0.00978547639846776
  }
}