{
  "timestamp": "2025-10-10T18:44:03.138Z",
  "runId": "cmgl72bgt00jx4bwgrwqopomd",
  "step": 21,
  "loss": 0.6572195536605412,
  "elapsedMs": 60135,
  "parameters": {
    "w": 2.4731008282877966,
    "b": 0.40207522449711375
  }
}