{
  "timestamp": "2025-10-10T18:15:24.718Z",
  "runId": "cmgl62lbu001gdkqpfjwsax3u",
  "step": 2,
  "loss": 2.611699457700103,
  "elapsedMs": 8007,
  "parameters": {
    "w": 2.4300815570449985,
    "b": 0.21298551445698616
  }
}