{
  "timestamp": "2025-10-10T18:52:01.099Z",
  "runId": "cmgl7cxp1015v4bwguml7zqxc",
  "step": 15,
  "loss": 5.667105416221035,
  "elapsedMs": 42123,
  "parameters": {
    "w": 1.804472996502947,
    "b": 0.13541066462536175
  }
}