{
  "timestamp": "2025-10-10T19:24:19.735Z",
  "runId": "cmgl8gnp400fr6wcdg48gl9pr",
  "step": 17,
  "loss": 0.6289328711206742,
  "elapsedMs": 128105,
  "parameters": {
    "w": 2.4939143938462514,
    "b": 0.4483083624280185
  }
}