{
  "timestamp": "2025-10-10T19:24:43.764Z",
  "runId": "cmgl8gnp400fr6wcdg48gl9pr",
  "step": 20,
  "loss": 0.5612482945679435,
  "elapsedMs": 152133,
  "parameters": {
    "w": 2.5010234060900944,
    "b": 0.5037810140466805
  }
}