{
  "timestamp": "2025-10-10T17:11:48.479Z",
  "runId": "cmgl3g3cz0001h6q6xmybpgpv",
  "step": 76,
  "loss": 0.24222439467224208,
  "elapsedMs": 600270,
  "parameters": {
    "w": 2.5001918775768575,
    "b": 1.0120212355630582
  }
}