{
  "timestamp": "2025-10-10T18:01:52.424Z",
  "runId": "cmgl5ku9x01af59p3n22aaa4d",
  "step": 4,
  "loss": 1.4139341424120462,
  "elapsedMs": 24005,
  "parameters": {
    "w": 2.3877366262905153,
    "b": 0.22541972466750293
  }
}