{
  "timestamp": "2025-10-10T17:57:56.515Z",
  "runId": "cmgl5dqby00yz59p3mdjadbc9",
  "step": 16,
  "loss": 0.28709780086795944,
  "elapsedMs": 120058,
  "parameters": {
    "w": 2.4999637871060387,
    "b": 0.7913493175941707
  }
}