{
  "timestamp": "2025-10-10T18:41:55.485Z",
  "runId": "cmgl70ak600fq4bwgf9uu5c69",
  "step": 10,
  "loss": 1.028119720191656,
  "elapsedMs": 27042,
  "parameters": {
    "w": 2.374277505655882,
    "b": 0.2399370878504266
  }
}