{
  "timestamp": "2025-10-10T17:35:32.344Z",
  "runId": "cmgl4kebm00c359p3j7bxwbeg",
  "step": 19,
  "loss": 0.41988390351075333,
  "elapsedMs": 144081,
  "parameters": {
    "w": 2.4949746303882896,
    "b": 0.5486281791049319
  }
}