{
  "timestamp": "2025-10-10T20:49:28.145Z",
  "runId": "cmglbcb2y001p4nhiwgg4wuky",
  "step": 51,
  "loss": 0.24760159053295797,
  "elapsedMs": 400174,
  "parameters": {
    "w": 2.505115582942988,
    "b": 0.9869663868516567
  }
}