{
  "timestamp": "2025-10-10T18:41:43.470Z",
  "runId": "cmgl70ak600fq4bwgf9uu5c69",
  "step": 6,
  "loss": 3.1919314222031074,
  "elapsedMs": 15027,
  "parameters": {
    "w": 2.10483409910399,
    "b": 0.1395663456566792
  }
}