{
  "timestamp": "2025-10-10T20:37:36.139Z",
  "runId": "cmglb15x5000410aty7a0wpll",
  "step": 27,
  "loss": 0.259343243289267,
  "elapsedMs": 208139,
  "parameters": {
    "w": 2.4963545571827375,
    "b": 0.9412176137414292
  }
}