{
  "timestamp": "2025-10-10T17:23:15.406Z",
  "runId": "cmgl44rnc000159p35n5uexhp",
  "step": 18,
  "loss": 0.2705174311290205,
  "elapsedMs": 136115,
  "parameters": {
    "w": 2.496836657557935,
    "b": 0.8426722903773094
  }
}