{
  "timestamp": "2025-10-10T18:37:16.537Z",
  "runId": "cmgl6tsm0002f4bwgl80qap6b",
  "step": 18,
  "loss": 0.2964592000280156,
  "elapsedMs": 51101,
  "parameters": {
    "w": 2.4938198614969536,
    "b": 0.7787146873905036
  }
}