{
  "timestamp": "2025-10-10T17:13:29.679Z",
  "runId": "cmgl3kbtb0039h6q6lb066m12",
  "step": 64,
  "loss": 0.2630045814760275,
  "elapsedMs": 504312,
  "parameters": {
    "w": 2.488296372468605,
    "b": 0.9877063031632243
  }
}