{
  "timestamp": "2025-10-10T19:45:47.416Z",
  "runId": "cmgl96vw2010b6wcdbnqi98ym",
  "step": 25,
  "loss": 1.6181064601894917,
  "elapsedMs": 192093,
  "parameters": {
    "w": 2.1976582307693318,
    "b": 0.1929557315488874
  }
}