{
  "timestamp": "2025-10-10T17:07:24.353Z",
  "runId": "cmgl3g3cz0001h6q6xmybpgpv",
  "step": 43,
  "loss": 0.2423631263228197,
  "elapsedMs": 336143,
  "parameters": {
    "w": 2.500329162532271,
    "b": 1.00173750866968
  }
}