{
  "timestamp": "2025-10-10T17:13:24.565Z",
  "runId": "cmgl3g3cz0001h6q6xmybpgpv",
  "step": 88,
  "loss": 0.2422242714883028,
  "elapsedMs": 696317,
  "parameters": {
    "w": 2.5001887226879953,
    "b": 1.0122575616436529
  }
}