{
  "timestamp": "2025-10-10T17:15:21.725Z",
  "runId": "cmgl3kbtb0039h6q6lb066m12",
  "step": 78,
  "loss": 0.26300284062763624,
  "elapsedMs": 616358,
  "parameters": {
    "w": 2.488310002848469,
    "b": 0.9886472951714914
  }
}