{
  "timestamp": "2025-10-10T20:12:05.892Z",
  "runId": "cmgla7z4y004y3dxh5c4aap3d",
  "step": 6,
  "loss": 0.7127328694292427,
  "elapsedMs": 40017,
  "parameters": {
    "w": 2.492062587028584,
    "b": 0.3645265473833278
  }
}