{
  "timestamp": "2025-10-10T18:47:24.221Z",
  "runId": "cmgl766gt00rw4bwglngil2h1",
  "step": 28,
  "loss": 0.625036477937576,
  "elapsedMs": 81165,
  "parameters": {
    "w": 2.473178073886416,
    "b": 0.4036292512700851
  }
}