{
  "timestamp": "2025-10-10T18:00:22.051Z",
  "runId": "cmgl5fha7011s59p318sj78n8",
  "step": 24,
  "loss": 1.5465638743591292,
  "elapsedMs": 184082,
  "parameters": {
    "w": 2.223034320157684,
    "b": 0.1932056572600476
  }
}