{
  "timestamp": "2025-10-10T17:36:28.368Z",
  "runId": "cmgl4kebm00c359p3j7bxwbeg",
  "step": 26,
  "loss": 0.33412020260432174,
  "elapsedMs": 200107,
  "parameters": {
    "w": 2.4943806371546153,
    "b": 0.6556990007259224
  }
}