{
  "timestamp": "2025-10-10T18:53:22.226Z",
  "runId": "cmgl7cxp1015v4bwguml7zqxc",
  "step": 42,
  "loss": 0.7426963652677311,
  "elapsedMs": 123297,
  "parameters": {
    "w": 2.4271118464445047,
    "b": 0.3417230816416216
  }
}