{
  "timestamp": "2025-10-10T17:38:22.004Z",
  "runId": "cmgl4p8ro00fv59p3xmz642an",
  "step": 12,
  "loss": 0.8893544270306152,
  "elapsedMs": 88034,
  "parameters": {
    "w": 2.3967978880014558,
    "b": 0.25920907208773963
  }
}