{
  "timestamp": "2025-10-10T18:14:13.001Z",
  "runId": "cmgl60jkk0001dkqperk9p40e",
  "step": 5,
  "loss": 0.6550759887814205,
  "elapsedMs": 32032,
  "parameters": {
    "w": 2.496158946770917,
    "b": 0.4066116382375357
  }
}