{
  "timestamp": "2025-10-10T19:40:01.904Z",
  "runId": "cmgl90un200vk6wcdsop962ok",
  "step": 17,
  "loss": 2.2089907109976954,
  "elapsedMs": 128057,
  "parameters": {
    "w": 2.145923592558543,
    "b": 0.1927447798005055
  }
}