{
  "timestamp": "2025-10-10T18:12:32.368Z",
  "runId": "cmgl5z2hw0001m5uqlbdm4yho",
  "step": 1,
  "loss": 52.15426959639762,
  "elapsedMs": 0,
  "parameters": {
    "w": 2.029835685900852,
    "b": 0.10067854352764394
  }
}