{
  "timestamp": "2025-10-10T19:07:55.844Z",
  "runId": "cmgl7wdqj00026wcditavcuvj",
  "step": 12,
  "loss": 0.35047316771932774,
  "elapsedMs": 88022,
  "parameters": {
    "w": 2.5090591360649297,
    "b": 0.7266508289977465
  }
}