{
  "timestamp": "2025-10-10T19:48:12.825Z",
  "runId": "cmgl9dryo015r6wcdpzs47l9c",
  "step": 3,
  "loss": 37.075720327302186,
  "elapsedMs": 16007,
  "parameters": {
    "w": 0.5524387277291912,
    "b": 0.029164967288203884
  }
}