{
  "timestamp": "2025-10-10T19:27:01.180Z",
  "runId": "cmgl8lu1b00jt6wcdu8xpy8ib",
  "step": 7,
  "loss": 3.4568123036259637,
  "elapsedMs": 48025,
  "parameters": {
    "w": 2.0652775908633183,
    "b": 0.1454917995090763
  }
}