{
  "timestamp": "2025-10-10T18:05:57.040Z",
  "runId": "cmgl5qlvy002ncwvauonxnqvu",
  "step": 1,
  "loss": 55.52776453667006,
  "elapsedMs": 0,
  "parameters": {
    "w": 1.7242228031907618,
    "b": 0.11093767330558837
  }
}