{
  "timestamp": "2025-10-10T19:18:24.821Z",
  "runId": "cmgl87bxu008h6wcdl4542jih",
  "step": 27,
  "loss": 0.3214221675029237,
  "elapsedMs": 208064,
  "parameters": {
    "w": 2.498000301160592,
    "b": 0.7855769713541814
  }
}