{
  "timestamp": "2025-10-10T17:41:51.526Z",
  "runId": "cmgl4urll00k759p3ddddxdkz",
  "step": 6,
  "loss": 5.503268747895721,
  "elapsedMs": 40018,
  "parameters": {
    "w": 1.9194462065961382,
    "b": 0.16452604253747358
  }
}