{
  "timestamp": "2025-10-10T18:40:05.981Z",
  "runId": "cmgl6yiy100c34bwgpi1gkjqk",
  "step": 1,
  "loss": 54.444242969601504,
  "elapsedMs": 0,
  "parameters": {
    "w": 0.8580481088929701,
    "b": 0.06641336263256413
  }
}