{
  "timestamp": "2025-10-10T17:11:46.096Z",
  "runId": "cmgl3kopi003ph6q6ljucg8co",
  "step": 49,
  "loss": 0.24953300059603487,
  "elapsedMs": 384199,
  "parameters": {
    "w": 2.508638407730988,
    "b": 0.9720014495299034
  }
}