{
  "timestamp": "2025-10-10T18:49:05.393Z",
  "runId": "cmgl7856900vy4bwg1x0y62xj",
  "step": 31,
  "loss": 0.7927505157202999,
  "elapsedMs": 90087,
  "parameters": {
    "w": 2.4158910970811687,
    "b": 0.31438431689171037
  }
}