{
  "timestamp": "2025-10-10T19:20:34.267Z",
  "runId": "cmgl8btqb00bz6wcdppfmiop5",
  "step": 17,
  "loss": 0.5617831742068866,
  "elapsedMs": 128053,
  "parameters": {
    "w": 2.4963840675309217,
    "b": 0.5011733522900905
  }
}