{
  "timestamp": "2025-10-10T18:44:27.205Z",
  "runId": "cmgl72bgt00jx4bwgrwqopomd",
  "step": 29,
  "loss": 0.5139587606781315,
  "elapsedMs": 84201,
  "parameters": {
    "w": 2.4861967187541714,
    "b": 0.5208863111954504
  }
}