{
  "timestamp": "2025-10-10T17:17:30.346Z",
  "runId": "cmgl3kopi003ph6q6ljucg8co",
  "step": 92,
  "loss": 0.2494939227334628,
  "elapsedMs": 728441,
  "parameters": {
    "w": 2.5086490254695293,
    "b": 0.9775673297320746
  }
}