{
  "timestamp": "2025-10-10T20:45:36.047Z",
  "runId": "cmglbcb2y001p4nhiwgg4wuky",
  "step": 22,
  "loss": 0.25987468773225525,
  "elapsedMs": 168076,
  "parameters": {
    "w": 2.50431732302307,
    "b": 0.8918326738057801
  }
}