{
  "timestamp": "2025-10-10T20:01:20.311Z",
  "runId": "cmgl9rwek01gx6wcdq62ivwmo",
  "step": 19,
  "loss": 3.117428923295944,
  "elapsedMs": 144050,
  "parameters": {
    "w": 2.0451622344635414,
    "b": 0.1989906076941849
  }
}