{
  "timestamp": "2025-10-10T19:57:26.388Z",
  "runId": "cmgl9l0fl01bh6wcdrrxrxgke",
  "step": 30,
  "loss": 1.17689791281615,
  "elapsedMs": 232004,
  "parameters": {
    "w": 2.313384940231436,
    "b": 0.25653391145048515
  }
}