{
  "timestamp": "2025-10-10T20:18:59.900Z",
  "runId": "cmglacw590001owoouwrbu1dl",
  "step": 29,
  "loss": 0.2524707449580293,
  "elapsedMs": 224089,
  "parameters": {
    "w": 2.502627659306808,
    "b": 0.9595934079265427
  }
}