{
  "timestamp": "2025-10-10T18:11:45.680Z",
  "runId": "cmgl5xjy700013nvz1epx7c4m",
  "step": 4,
  "loss": 0.7507054695993889,
  "elapsedMs": 24007,
  "parameters": {
    "w": 2.5038374673563872,
    "b": 0.36277495972265456
  }
}