{
  "timestamp": "2025-10-10T17:04:36.295Z",
  "runId": "cmgl3g3cz0001h6q6xmybpgpv",
  "step": 22,
  "loss": 0.25375199499476836,
  "elapsedMs": 168076,
  "parameters": {
    "w": 2.5014783922486767,
    "b": 0.9156511308457854
  }
}