{
  "timestamp": "2025-10-10T20:39:21.200Z",
  "runId": "cmglb7cuq00014nhizxmusl2p",
  "step": 4,
  "loss": 0.7608572727261346,
  "elapsedMs": 24010,
  "parameters": {
    "w": 2.512098222739069,
    "b": 0.3823962221928671
  }
}