{
  "timestamp": "2025-10-10T17:53:08.216Z",
  "runId": "cmgl59m5400vt59p3z5r7qzff",
  "step": 4,
  "loss": 26.816844351246097,
  "elapsedMs": 24022,
  "parameters": {
    "w": 0.9341642259553917,
    "b": 0.058504757632789735
  }
}