{
  "timestamp": "2025-10-10T17:15:29.730Z",
  "runId": "cmgl3kbtb0039h6q6lb066m12",
  "step": 79,
  "loss": 0.2630028222983332,
  "elapsedMs": 624363,
  "parameters": {
    "w": 2.4883104077687013,
    "b": 0.9886752493962696
  }
}