{
  "timestamp": "2025-10-10T17:50:42.752Z",
  "runId": "cmgl54fs100rr59p3m5p675ua",
  "step": 16,
  "loss": 1.4117437886634518,
  "elapsedMs": 120065,
  "parameters": {
    "w": 2.2775797166056004,
    "b": 0.2517318005571497
  }
}