{
  "timestamp": "2025-10-10T18:40:51.081Z",
  "runId": "cmgl6yiy100c34bwgpi1gkjqk",
  "step": 16,
  "loss": 0.4984768797606055,
  "elapsedMs": 45097,
  "parameters": {
    "w": 2.5206821310618444,
    "b": 0.5379522707680882
  }
}