{
  "timestamp": "2025-10-10T18:45:01.631Z",
  "runId": "cmgl74eri00o94bwg2vepljfr",
  "step": 8,
  "loss": 4.336585272842858,
  "elapsedMs": 21048,
  "parameters": {
    "w": 1.9874241467506188,
    "b": 0.13990785731169667
  }
}