{
  "timestamp": "2025-10-10T20:48:17.483Z",
  "runId": "cmglb7cuq00014nhizxmusl2p",
  "step": 71,
  "loss": 0.25592169064505177,
  "elapsedMs": 560293,
  "parameters": {
    "w": 2.5013969946951984,
    "b": 1.021837371541227
  }
}