{
  "timestamp": "2025-10-10T20:37:44.139Z",
  "runId": "cmglb15x5000410aty7a0wpll",
  "step": 28,
  "loss": 0.2585776074152411,
  "elapsedMs": 216140,
  "parameters": {
    "w": 2.496316882049163,
    "b": 0.9469308113905124
  }
}