{
  "timestamp": "2025-10-10T18:00:14.056Z",
  "runId": "cmgl5fha7011s59p318sj78n8",
  "step": 23,
  "loss": 1.6951769443111102,
  "elapsedMs": 176076,
  "parameters": {
    "w": 2.197927076626167,
    "b": 0.18494676100199825
  }
}