{
  "timestamp": "2025-10-10T17:46:49.261Z",
  "runId": "cmgl4zfkb00nu59p3nhm3kcwp",
  "step": 16,
  "loss": 0.9361788867520207,
  "elapsedMs": 120049,
  "parameters": {
    "w": 2.3923309992454653,
    "b": 0.2922409690245285
  }
}