{
  "timestamp": "2025-10-10T17:07:29.420Z",
  "runId": "cmgl3kbtb0039h6q6lb066m12",
  "step": 19,
  "loss": 0.28677025488935315,
  "elapsedMs": 144056,
  "parameters": {
    "w": 2.48630263871664,
    "b": 0.850066153305307
  }
}