{
  "timestamp": "2025-10-10T18:47:35.308Z",
  "runId": "cmgl7856900vy4bwg1x0y62xj",
  "step": 1,
  "loss": 50.92970934692469,
  "elapsedMs": 0,
  "parameters": {
    "w": 0.267908577092989,
    "b": 0.008926392901833244
  }
}