{
  "timestamp": "2025-10-10T20:09:31.822Z",
  "runId": "cmgla4oab002f3dxhzweq11sz",
  "step": 6,
  "loss": 0.6389460330881908,
  "elapsedMs": 40055,
  "parameters": {
    "w": 2.517051611222183,
    "b": 0.4270421698618536
  }
}