{
  "timestamp": "2025-10-10T18:01:26.071Z",
  "runId": "cmgl5h0vn014459p363ew48tj",
  "step": 23,
  "loss": 0.25516978454797234,
  "elapsedMs": 176078,
  "parameters": {
    "w": 2.506161439644917,
    "b": 0.8573115912439658
  }
}