{
  "timestamp": "2025-10-10T17:32:09.896Z",
  "runId": "cmgl4fvzq008l59p3ozsfa6tx",
  "step": 20,
  "loss": 0.3541755625676832,
  "elapsedMs": 152084,
  "parameters": {
    "w": 2.504632565085739,
    "b": 0.6435304420950824
  }
}