{
  "timestamp": "2025-10-10T19:06:43.822Z",
  "runId": "cmgl7wdqj00026wcditavcuvj",
  "step": 3,
  "loss": 0.961098357118125,
  "elapsedMs": 16001,
  "parameters": {
    "w": 2.4956061986690417,
    "b": 0.28282584523346194
  }
}