{
  "timestamp": "2025-10-10T17:34:36.320Z",
  "runId": "cmgl4kebm00c359p3j7bxwbeg",
  "step": 12,
  "loss": 0.5800668619331281,
  "elapsedMs": 88058,
  "parameters": {
    "w": 2.4796524964596296,
    "b": 0.404969282978325
  }
}