{
  "timestamp": "2025-10-10T18:41:31.453Z",
  "runId": "cmgl70ak600fq4bwgf9uu5c69",
  "step": 2,
  "loss": 28.161378455921994,
  "elapsedMs": 3009,
  "parameters": {
    "w": 1.1588090312634711,
    "b": 0.03998315932111399
  }
}