{
  "timestamp": "2025-10-10T20:44:25.391Z",
  "runId": "cmglb7cuq00014nhizxmusl2p",
  "step": 42,
  "loss": 0.25609306945732246,
  "elapsedMs": 328202,
  "parameters": {
    "w": 2.501611996609356,
    "b": 1.0105858328186967
  }
}