{
  "timestamp": "2025-10-10T18:00:30.049Z",
  "runId": "cmgl5h0vn014459p363ew48tj",
  "step": 16,
  "loss": 0.31315968524874294,
  "elapsedMs": 120056,
  "parameters": {
    "w": 2.50582208350563,
    "b": 0.7392825825277747
  }
}