{
  "timestamp": "2025-10-10T18:12:01.873Z",
  "runId": "cmgl5xjy700013nvz1epx7c4m",
  "step": 6,
  "loss": 0.5729794375705799,
  "elapsedMs": 40011,
  "parameters": {
    "w": 2.5078542752250392,
    "b": 0.48392321157390306
  }
}