{
  "timestamp": "2025-10-10T17:13:21.673Z",
  "runId": "cmgl3kbtb0039h6q6lb066m12",
  "step": 63,
  "loss": 0.2630050117400856,
  "elapsedMs": 496308,
  "parameters": {
    "w": 2.488294410626564,
    "b": 0.9875708647014836
  }
}