{
  "timestamp": "2025-10-10T19:16:40.782Z",
  "runId": "cmgl87bxu008h6wcdl4542jih",
  "step": 14,
  "loss": 0.5203263803179967,
  "elapsedMs": 104026,
  "parameters": {
    "w": 2.498119807944754,
    "b": 0.5428988286628996
  }
}