{
  "timestamp": "2025-10-10T20:40:33.243Z",
  "runId": "cmglb7cuq00014nhizxmusl2p",
  "step": 13,
  "loss": 0.3320025362545322,
  "elapsedMs": 96049,
  "parameters": {
    "w": 2.5061369251419983,
    "b": 0.7737860360793456
  }
}