{
  "timestamp": "2025-10-10T17:14:28.551Z",
  "runId": "cmgl3g3cz0001h6q6xmybpgpv",
  "step": 96,
  "loss": 0.24222426276066236,
  "elapsedMs": 760341,
  "parameters": {
    "w": 2.5001880143739994,
    "b": 1.0123106199534069
  }
}