{
  "timestamp": "2025-10-10T19:34:40.320Z",
  "runId": "cmgl8vo8r00ri6wcdlenesao3",
  "step": 7,
  "loss": 9.788493798615287,
  "elapsedMs": 48044,
  "parameters": {
    "w": 1.6157944734478555,
    "b": 0.12224052541415828
  }
}