{
  "timestamp": "2025-10-10T17:08:42.000Z",
  "runId": "cmgl3kopi003ph6q6ljucg8co",
  "step": 26,
  "loss": 0.25446860742119654,
  "elapsedMs": 200103,
  "parameters": {
    "w": 2.5085280450763223,
    "b": 0.9141487050601813
  }
}