{
  "timestamp": "2025-10-10T20:13:09.912Z",
  "runId": "cmgla7z4y004y3dxh5c4aap3d",
  "step": 14,
  "loss": 0.3928580298742663,
  "elapsedMs": 104038,
  "parameters": {
    "w": 2.5045331723473434,
    "b": 0.6277608676187839
  }
}