{
  "timestamp": "2025-10-10T17:06:57.411Z",
  "runId": "cmgl3kbtb0039h6q6lb066m12",
  "step": 15,
  "loss": 0.318143679906516,
  "elapsedMs": 112044,
  "parameters": {
    "w": 2.485250346711407,
    "b": 0.777419732799954
  }
}