{
  "timestamp": "2025-10-10T19:23:31.700Z",
  "runId": "cmgl8gnp400fr6wcdg48gl9pr",
  "step": 11,
  "loss": 0.9000038429167221,
  "elapsedMs": 80071,
  "parameters": {
    "w": 2.4278184786613766,
    "b": 0.31918042635151694
  }
}