{
  "timestamp": "2025-10-10T20:51:53.608Z",
  "runId": "cmglb7cuq00014nhizxmusl2p",
  "step": 98,
  "loss": 0.2559213041848991,
  "elapsedMs": 776408,
  "parameters": {
    "w": 2.5013868980433993,
    "b": 1.022365752272775
  }
}