{
  "timestamp": "2025-10-10T19:23:47.718Z",
  "runId": "cmgl8gnp400fr6wcdg48gl9pr",
  "step": 13,
  "loss": 0.7645847446953583,
  "elapsedMs": 96087,
  "parameters": {
    "w": 2.4642670403844478,
    "b": 0.365141401948921
  }
}