{
  "timestamp": "2025-10-10T20:35:20.038Z",
  "runId": "cmglb15x5000410aty7a0wpll",
  "step": 10,
  "loss": 0.40006548907630723,
  "elapsedMs": 72036,
  "parameters": {
    "w": 2.498236093638522,
    "b": 0.6558901615263454
  }
}