{
  "timestamp": "2025-10-10T18:46:45.158Z",
  "runId": "cmgl766gt00rw4bwglngil2h1",
  "step": 15,
  "loss": 1.5823110330634826,
  "elapsedMs": 42104,
  "parameters": {
    "w": 2.2510867305981086,
    "b": 0.25441174898571395
  }
}