{
  "timestamp": "2025-10-10T20:53:44.250Z",
  "runId": "cmglbcb2y001p4nhiwgg4wuky",
  "step": 83,
  "loss": 0.2475742445913725,
  "elapsedMs": 656279,
  "parameters": {
    "w": 2.505153748629206,
    "b": 0.9915148344816447
  }
}