{
  "timestamp": "2025-10-10T19:14:56.755Z",
  "runId": "cmgl87bxu008h6wcdl4542jih",
  "step": 1,
  "loss": 54.41389229751499,
  "elapsedMs": 0,
  "parameters": {
    "w": 1.0870649169237963,
    "b": 0.05672555452991906
  }
}