{
  "timestamp": "2025-10-10T19:18:58.226Z",
  "runId": "cmgl8btqb00bz6wcdppfmiop5",
  "step": 5,
  "loss": 3.0946237294789354,
  "elapsedMs": 32011,
  "parameters": {
    "w": 2.157093684386198,
    "b": 0.17477757240625202
  }
}