{
  "timestamp": "2025-10-10T17:11:38.093Z",
  "runId": "cmgl3kopi003ph6q6ljucg8co",
  "step": 48,
  "loss": 0.2495421677838098,
  "elapsedMs": 376196,
  "parameters": {
    "w": 2.5086372151657454,
    "b": 0.971376299904417
  }
}