{
  "timestamp": "2025-10-10T18:38:55.544Z",
  "runId": "cmgl6wtld008l4bwggktwxv95",
  "step": 4,
  "loss": 3.110425896140075,
  "elapsedMs": 9024,
  "parameters": {
    "w": 2.196454545594273,
    "b": 0.1825431972316866
  }
}