{
  "timestamp": "2025-10-10T20:45:29.414Z",
  "runId": "cmglb7cuq00014nhizxmusl2p",
  "step": 50,
  "loss": 0.2559532854864109,
  "elapsedMs": 392224,
  "parameters": {
    "w": 2.5014836721721423,
    "b": 1.0173013422131683
  }
}