{
  "timestamp": "2025-10-10T17:13:46.150Z",
  "runId": "cmgl3kopi003ph6q6ljucg8co",
  "step": 64,
  "loss": 0.24949557509175976,
  "elapsedMs": 504254,
  "parameters": {
    "w": 2.508646931126745,
    "b": 0.9764694630825392
  }
}