{
  "timestamp": "2025-10-10T17:37:33.989Z",
  "runId": "cmgl4p8ro00fv59p3xmz642an",
  "step": 6,
  "loss": 3.4670737630758706,
  "elapsedMs": 40020,
  "parameters": {
    "w": 2.0523471086601335,
    "b": 0.11292331898320056
  }
}