{
  "timestamp": "2025-10-10T19:46:11.427Z",
  "runId": "cmgl96vw2010b6wcdbnqi98ym",
  "step": 28,
  "loss": 1.2873978669646022,
  "elapsedMs": 216104,
  "parameters": {
    "w": 2.2621125168782736,
    "b": 0.21644503572318288
  }
}