{
  "timestamp": "2025-10-10T19:58:56.261Z",
  "runId": "cmgl9rwek01gx6wcdq62ivwmo",
  "step": 1,
  "loss": 54.758129521129355,
  "elapsedMs": 0,
  "parameters": {
    "w": 0.21257690152633402,
    "b": 0.012949061180840268
  }
}