{
  "timestamp": "2025-10-10T18:36:37.461Z",
  "runId": "cmgl6tsm0002f4bwgl80qap6b",
  "step": 5,
  "loss": 0.8101827292864894,
  "elapsedMs": 12023,
  "parameters": {
    "w": 2.4739237850798035,
    "b": 0.3201481728152863
  }
}