{
  "timestamp": "2025-10-10T19:53:34.381Z",
  "runId": "cmgl9l0fl01bh6wcdrrxrxgke",
  "step": 1,
  "loss": 53.62708778071115,
  "elapsedMs": 0,
  "parameters": {
    "w": 0.21021493234470917,
    "b": 0.009003158730980326
  }
}