{
  "timestamp": "2025-10-10T18:50:46.329Z",
  "runId": "cmgl7afsf010p4bwg8hj2ac1n",
  "step": 29,
  "loss": 1.015817907265679,
  "elapsedMs": 84112,
  "parameters": {
    "w": 2.3693899054607472,
    "b": 0.28225242905150527
  }
}