{
  "timestamp": "2025-10-10T19:46:35.439Z",
  "runId": "cmgl96vw2010b6wcdbnqi98ym",
  "step": 31,
  "loss": 1.0782344090334168,
  "elapsedMs": 240117,
  "parameters": {
    "w": 2.3117887886071173,
    "b": 0.2394749578358088
  }
}