{
  "timestamp": "2025-10-10T18:50:40.319Z",
  "runId": "cmgl7afsf010p4bwg8hj2ac1n",
  "step": 27,
  "loss": 1.1442903813545193,
  "elapsedMs": 78105,
  "parameters": {
    "w": 2.338447151201193,
    "b": 0.2662253062516606
  }
}