{
  "timestamp": "2025-10-10T20:48:25.489Z",
  "runId": "cmglb7cuq00014nhizxmusl2p",
  "step": 72,
  "loss": 0.25592161715388456,
  "elapsedMs": 568298,
  "parameters": {
    "w": 2.50139592506328,
    "b": 1.0218933478100747
  }
}