{
  "timestamp": "2025-10-10T17:12:57.665Z",
  "runId": "cmgl3kbtb0039h6q6lb066m12",
  "step": 60,
  "loss": 0.2630070069385888,
  "elapsedMs": 472300,
  "parameters": {
    "w": 2.488287120107681,
    "b": 0.9870675537098784
  }
}