{
  "timestamp": "2025-10-10T19:46:27.434Z",
  "runId": "cmgl96vw2010b6wcdbnqi98ym",
  "step": 30,
  "loss": 1.1379755423736373,
  "elapsedMs": 232111,
  "parameters": {
    "w": 2.296643304747176,
    "b": 0.23185292229390742
  }
}