{
  "timestamp": "2025-10-10T19:22:02.301Z",
  "runId": "cmgl8btqb00bz6wcdppfmiop5",
  "step": 28,
  "loss": 0.39450233575063276,
  "elapsedMs": 216087,
  "parameters": {
    "w": 2.500844458741761,
    "b": 0.6875599843162253
  }
}