{
  "timestamp": "2025-10-10T17:32:17.897Z",
  "runId": "cmgl4fvzq008l59p3ozsfa6tx",
  "step": 21,
  "loss": 0.3420057345186365,
  "elapsedMs": 160088,
  "parameters": {
    "w": 2.5044641866275392,
    "b": 0.6604957578861023
  }
}