{
  "timestamp": "2025-10-10T17:37:09.975Z",
  "runId": "cmgl4p8ro00fv59p3xmz642an",
  "step": 3,
  "loss": 15.60475720585224,
  "elapsedMs": 16005,
  "parameters": {
    "w": 1.4576056081974667,
    "b": 0.0440134535209942
  }
}