{
  "timestamp": "2025-10-10T18:38:42.196Z",
  "runId": "cmgl6v8sc005d4bwg0lsq0cvg",
  "step": 24,
  "loss": 0.311150202925586,
  "elapsedMs": 69158,
  "parameters": {
    "w": 2.5032153055961444,
    "b": 0.8100721545123597
  }
}