{
  "timestamp": "2025-10-10T17:15:00.563Z",
  "runId": "cmgl3g3cz0001h6q6xmybpgpv",
  "step": 100,
  "loss": 0.24222426162784064,
  "elapsedMs": 792351,
  "parameters": {
    "w": 2.500187830090514,
    "b": 1.0123244242412095
  }
}