{
  "timestamp": "2025-10-10T19:18:34.217Z",
  "runId": "cmgl8btqb00bz6wcdppfmiop5",
  "step": 2,
  "loss": 23.763110999880222,
  "elapsedMs": 8002,
  "parameters": {
    "w": 1.3723234658206533,
    "b": 0.07023653123179144
  }
}