{
  "timestamp": "2025-10-10T20:54:32.263Z",
  "runId": "cmglbcb2y001p4nhiwgg4wuky",
  "step": 89,
  "loss": 0.24757422135100116,
  "elapsedMs": 704291,
  "parameters": {
    "w": 2.5051543854489067,
    "b": 0.9915907283366628
  }
}