{
  "timestamp": "2025-10-10T20:27:08.935Z",
  "runId": "cmglas6ov0002lfunaib5ijsh",
  "step": 1,
  "loss": 55.99783001300716,
  "elapsedMs": 0,
  "parameters": {
    "w": 2.1923975528010238,
    "b": 0.09951062215721031
  }
}