{
  "timestamp": "2025-10-10T17:33:32.280Z",
  "runId": "cmgl4kebm00c359p3j7bxwbeg",
  "step": 4,
  "loss": 5.321525312152088,
  "elapsedMs": 24014,
  "parameters": {
    "w": 2.0137583556448124,
    "b": 0.17359952866551093
  }
}