{
  "timestamp": "2025-10-10T17:22:51.424Z",
  "runId": "cmgl44rnc000159p35n5uexhp",
  "step": 15,
  "loss": 0.29634504445752574,
  "elapsedMs": 112096,
  "parameters": {
    "w": 2.496177465651085,
    "b": 0.7854081870896078
  }
}