{
  "timestamp": "2025-10-10T17:07:21.970Z",
  "runId": "cmgl3kopi003ph6q6ljucg8co",
  "step": 16,
  "loss": 0.29040959540157646,
  "elapsedMs": 120073,
  "parameters": {
    "w": 2.5083018514260966,
    "b": 0.795576680288842
  }
}