{
  "timestamp": "2025-10-10T20:19:23.908Z",
  "runId": "cmglacw590001owoouwrbu1dl",
  "step": 32,
  "loss": 0.2511358870547809,
  "elapsedMs": 248096,
  "parameters": {
    "w": 2.502689406078259,
    "b": 0.9726115459239295
  }
}