{
  "timestamp": "2025-10-10T17:51:06.776Z",
  "runId": "cmgl54fs100rr59p3m5p675ua",
  "step": 19,
  "loss": 1.009998288888419,
  "elapsedMs": 144090,
  "parameters": {
    "w": 2.359766948682131,
    "b": 0.28971097003087476
  }
}