{
  "timestamp": "2025-10-10T17:10:50.077Z",
  "runId": "cmgl3kopi003ph6q6ljucg8co",
  "step": 42,
  "loss": 0.24966474967067157,
  "elapsedMs": 328180,
  "parameters": {
    "w": 2.508626700719041,
    "b": 0.965864565882849
  }
}