{
  "timestamp": "2025-10-10T19:49:08.854Z",
  "runId": "cmgl9dryo015r6wcdpzs47l9c",
  "step": 10,
  "loss": 12.305992893140369,
  "elapsedMs": 72035,
  "parameters": {
    "w": 1.4129522600187487,
    "b": 0.09480428347432793
  }
}