{
  "timestamp": "2025-10-10T20:34:32.017Z",
  "runId": "cmglb15x5000410aty7a0wpll",
  "step": 4,
  "loss": 0.7685132741237501,
  "elapsedMs": 24013,
  "parameters": {
    "w": 2.498573905110314,
    "b": 0.3540628293148171
  }
}