{
  "timestamp": "2025-10-10T20:10:35.907Z",
  "runId": "cmgla4oab002f3dxhzweq11sz",
  "step": 14,
  "loss": 0.369384724987226,
  "elapsedMs": 104139,
  "parameters": {
    "w": 2.5127300549624625,
    "b": 0.6977453941669466
  }
}