{
  "timestamp": "2025-10-10T18:03:39.501Z",
  "runId": "cmgl5na850001cwva9g70z3sf",
  "step": 3,
  "loss": 0.9683250721405434,
  "elapsedMs": 16006,
  "parameters": {
    "w": 2.4815385151456013,
    "b": 0.2536897698471546
  }
}