{
  "timestamp": "2025-10-10T17:16:02.227Z",
  "runId": "cmgl3kopi003ph6q6ljucg8co",
  "step": 81,
  "loss": 0.24949396428228898,
  "elapsedMs": 640318,
  "parameters": {
    "w": 2.508648772553084,
    "b": 0.9774347494628908
  }
}