{
  "timestamp": "2025-10-10T17:28:22.409Z",
  "runId": "cmgl4bpjs005d59p39f6kzn3x",
  "step": 16,
  "loss": 0.38877793634011504,
  "elapsedMs": 120098,
  "parameters": {
    "w": 2.501352389296329,
    "b": 0.6658782098206061
  }
}