{
  "timestamp": "2025-10-10T18:47:33.232Z",
  "runId": "cmgl766gt00rw4bwglngil2h1",
  "step": 31,
  "loss": 0.581167563244328,
  "elapsedMs": 90176,
  "parameters": {
    "w": 2.486019025920733,
    "b": 0.43306300138683346
  }
}