{
  "timestamp": "2025-10-10T17:08:28.369Z",
  "runId": "cmgl3g3cz0001h6q6xmybpgpv",
  "step": 51,
  "loss": 0.24225005306466874,
  "elapsedMs": 400160,
  "parameters": {
    "w": 2.500248539829617,
    "b": 1.0077767855373005
  }
}