{
  "timestamp": "2025-10-10T19:37:12.392Z",
  "runId": "cmgl8vo8r00ri6wcdlenesao3",
  "step": 26,
  "loss": 0.7119992912225793,
  "elapsedMs": 200114,
  "parameters": {
    "w": 2.44969167193502,
    "b": 0.3713452171883526
  }
}