{
  "timestamp": "2025-10-10T18:41:46.472Z",
  "runId": "cmgl70ak600fq4bwgf9uu5c69",
  "step": 7,
  "loss": 2.1337499136592872,
  "elapsedMs": 18030,
  "parameters": {
    "w": 2.2062452661239935,
    "b": 0.1651991266732689
  }
}