{
  "timestamp": "2025-10-10T17:40:54.067Z",
  "runId": "cmgl4p8ro00fv59p3xmz642an",
  "step": 31,
  "loss": 0.4204902288857926,
  "elapsedMs": 240099,
  "parameters": {
    "w": 2.477155445444957,
    "b": 0.5967732575063575
  }
}