{
  "timestamp": "2025-10-10T18:44:39.235Z",
  "runId": "cmgl72bgt00jx4bwgrwqopomd",
  "step": 33,
  "loss": 0.4627438351692841,
  "elapsedMs": 96232,
  "parameters": {
    "w": 2.488428885926379,
    "b": 0.5715955515299975
  }
}