{
  "timestamp": "2025-10-10T19:32:54.802Z",
  "runId": "cmgl8qo2800nl6wcd5h2kd6qf",
  "step": 23,
  "loss": 0.670974446745314,
  "elapsedMs": 176136,
  "parameters": {
    "w": 2.4668423549376968,
    "b": 0.3637722876441852
  }
}