{
  "timestamp": "2025-10-10T18:48:32.363Z",
  "runId": "cmgl7856900vy4bwg1x0y62xj",
  "step": 20,
  "loss": 1.5601569464211975,
  "elapsedMs": 57055,
  "parameters": {
    "w": 2.2327941855756044,
    "b": 0.20648699265827014
  }
}