{
  "timestamp": "2025-10-10T18:47:53.327Z",
  "runId": "cmgl7856900vy4bwg1x0y62xj",
  "step": 7,
  "loss": 13.792102182073366,
  "elapsedMs": 18018,
  "parameters": {
    "w": 1.3669698710103495,
    "b": 0.06855277398967584
  }
}