{
  "timestamp": "2025-10-10T18:10:15.272Z",
  "runId": "cmgl5u8r5005hcwvace9t3wiy",
  "step": 12,
  "loss": 0.5049757997878329,
  "elapsedMs": 88040,
  "parameters": {
    "w": 2.503662767240529,
    "b": 0.5397962380648889
  }
}