{
  "timestamp": "2025-10-10T18:41:49.476Z",
  "runId": "cmgl70ak600fq4bwgf9uu5c69",
  "step": 8,
  "loss": 1.5504665070665828,
  "elapsedMs": 21032,
  "parameters": {
    "w": 2.2803695247991698,
    "b": 0.19056011125822836
  }
}