{
  "timestamp": "2025-10-10T19:35:20.343Z",
  "runId": "cmgl8vo8r00ri6wcdlenesao3",
  "step": 12,
  "loss": 2.92431165230619,
  "elapsedMs": 88064,
  "parameters": {
    "w": 2.080180817223049,
    "b": 0.1972068259833414
  }
}