{
  "timestamp": "2025-10-10T20:10:51.912Z",
  "runId": "cmgla4oab002f3dxhzweq11sz",
  "step": 16,
  "loss": 0.3419705214873309,
  "elapsedMs": 120145,
  "parameters": {
    "w": 2.5115610282208705,
    "b": 0.7416803830857952
  }
}