{
  "timestamp": "2025-10-10T19:37:52.410Z",
  "runId": "cmgl8vo8r00ri6wcdlenesao3",
  "step": 31,
  "loss": 0.6212112972375164,
  "elapsedMs": 240131,
  "parameters": {
    "w": 2.47725435326508,
    "b": 0.42363521190149855
  }
}