{
  "timestamp": "2025-10-10T20:16:35.852Z",
  "runId": "cmglacw590001owoouwrbu1dl",
  "step": 11,
  "loss": 0.37601065420986124,
  "elapsedMs": 80043,
  "parameters": {
    "w": 2.5013377771216594,
    "b": 0.6876482175281028
  }
}