{
  "timestamp": "2025-10-10T20:53:28.244Z",
  "runId": "cmglbcb2y001p4nhiwgg4wuky",
  "step": 81,
  "loss": 0.24757426156097048,
  "elapsedMs": 640274,
  "parameters": {
    "w": 2.5051534298942415,
    "b": 0.9914768488081859
  }
}