{
  "timestamp": "2025-10-10T20:54:24.261Z",
  "runId": "cmglbcb2y001p4nhiwgg4wuky",
  "step": 88,
  "loss": 0.24757422349739233,
  "elapsedMs": 696290,
  "parameters": {
    "w": 2.5051543051825753,
    "b": 0.9915811624873373
  }
}