{
  "timestamp": "2025-10-10T17:41:59.532Z",
  "runId": "cmgl4urll00k759p3ddddxdkz",
  "step": 7,
  "loss": 3.7072221910824936,
  "elapsedMs": 48023,
  "parameters": {
    "w": 2.045377776447202,
    "b": 0.18708025170098744
  }
}