{
  "timestamp": "2025-10-10T20:40:01.218Z",
  "runId": "cmglb7cuq00014nhizxmusl2p",
  "step": 9,
  "loss": 0.43223651928731155,
  "elapsedMs": 64023,
  "parameters": {
    "w": 2.508618147652224,
    "b": 0.6439305390262594
  }
}