{
  "timestamp": "2025-10-10T20:50:33.562Z",
  "runId": "cmglb7cuq00014nhizxmusl2p",
  "step": 88,
  "loss": 0.255921313748864,
  "elapsedMs": 696367,
  "parameters": {
    "w": 2.5013880671563937,
    "b": 1.0223045699331548
  }
}