{
  "timestamp": "2025-10-10T20:42:33.345Z",
  "runId": "cmglb7cuq00014nhizxmusl2p",
  "step": 28,
  "loss": 0.2591757828542117,
  "elapsedMs": 216148,
  "parameters": {
    "w": 2.50236882141744,
    "b": 0.9709794708581921
  }
}