{
  "timestamp": "2025-10-10T17:39:50.048Z",
  "runId": "cmgl4p8ro00fv59p3xmz642an",
  "step": 23,
  "loss": 0.5329215175542661,
  "elapsedMs": 176079,
  "parameters": {
    "w": 2.4701898069596493,
    "b": 0.47892860961116396
  }
}