{
  "timestamp": "2025-10-10T19:22:10.304Z",
  "runId": "cmgl8btqb00bz6wcdppfmiop5",
  "step": 29,
  "loss": 0.38561476645667586,
  "elapsedMs": 224090,
  "parameters": {
    "w": 2.5009733148641096,
    "b": 0.7006329240743993
  }
}