{
  "timestamp": "2025-10-10T18:39:04.567Z",
  "runId": "cmgl6wtld008l4bwggktwxv95",
  "step": 7,
  "loss": 0.8908158133777545,
  "elapsedMs": 18047,
  "parameters": {
    "w": 2.4374164444092283,
    "b": 0.30092028648795316
  }
}