{
  "timestamp": "2025-10-10T20:18:35.894Z",
  "runId": "cmglacw590001owoouwrbu1dl",
  "step": 26,
  "loss": 0.254982241368198,
  "elapsedMs": 200085,
  "parameters": {
    "w": 2.502542963284025,
    "b": 0.9417368546767849
  }
}