{
  "timestamp": "2025-10-10T19:42:01.960Z",
  "runId": "cmgl90un200vk6wcdsop962ok",
  "step": 32,
  "loss": 0.7178306672034257,
  "elapsedMs": 248113,
  "parameters": {
    "w": 2.442613275238095,
    "b": 0.3370555791749801
  }
}