{
  "timestamp": "2025-10-10T17:15:53.745Z",
  "runId": "cmgl3kbtb0039h6q6lb066m12",
  "step": 82,
  "loss": 0.263002785662459,
  "elapsedMs": 648377,
  "parameters": {
    "w": 2.4883113956816176,
    "b": 0.988743451322306
  }
}