{
  "timestamp": "2025-10-10T17:07:56.368Z",
  "runId": "cmgl3g3cz0001h6q6xmybpgpv",
  "step": 47,
  "loss": 0.24228410775207684,
  "elapsedMs": 368158,
  "parameters": {
    "w": 2.5002804915379344,
    "b": 1.0053833503562706
  }
}