{
  "timestamp": "2025-10-10T20:49:21.544Z",
  "runId": "cmglb7cuq00014nhizxmusl2p",
  "step": 79,
  "loss": 0.25592137505844686,
  "elapsedMs": 624328,
  "parameters": {
    "w": 2.5013908973615258,
    "b": 1.0221564588674592
  }
}