{
  "timestamp": "2025-10-10T18:06:45.060Z",
  "runId": "cmgl5qlvy002ncwvauonxnqvu",
  "step": 7,
  "loss": 0.5637618437994346,
  "elapsedMs": 48017,
  "parameters": {
    "w": 2.5115554208766464,
    "b": 0.46749935507184226
  }
}