{
  "timestamp": "2025-10-10T20:48:00.109Z",
  "runId": "cmglbcb2y001p4nhiwgg4wuky",
  "step": 40,
  "loss": 0.24785188502742156,
  "elapsedMs": 312138,
  "parameters": {
    "w": 2.5050292335545765,
    "b": 0.976675580895028
  }
}