{
  "timestamp": "2025-10-10T17:43:35.615Z",
  "runId": "cmgl4urll00k759p3ddddxdkz",
  "step": 19,
  "loss": 0.5908757078310984,
  "elapsedMs": 144107,
  "parameters": {
    "w": 2.4780905038076915,
    "b": 0.40352859106514616
  }
}