{
  "timestamp": "2025-10-10T17:25:16.893Z",
  "runId": "cmgl482qh002k59p30ih5wuub",
  "step": 14,
  "loss": 0.362051269421519,
  "elapsedMs": 104078,
  "parameters": {
    "w": 2.5025254414818274,
    "b": 0.6729778481955873
  }
}