{
  "timestamp": "2025-10-10T17:13:05.665Z",
  "runId": "cmgl3kbtb0039h6q6lb066m12",
  "step": 61,
  "loss": 0.2630061981167057,
  "elapsedMs": 480302,
  "parameters": {
    "w": 2.4882898099260107,
    "b": 0.9872532490153214
  }
}