{
  "timestamp": "2025-10-10T18:52:52.191Z",
  "runId": "cmgl7cxp1015v4bwguml7zqxc",
  "step": 32,
  "loss": 1.0514444140416503,
  "elapsedMs": 93263,
  "parameters": {
    "w": 2.334246011121741,
    "b": 0.27125121136664354
  }
}