{
  "timestamp": "2025-10-10T18:09:11.241Z",
  "runId": "cmgl5u8r5005hcwvace9t3wiy",
  "step": 4,
  "loss": 1.5897064615591758,
  "elapsedMs": 24011,
  "parameters": {
    "w": 2.367809326794679,
    "b": 0.21888336345458942
  }
}