{
  "timestamp": "2025-10-10T19:26:21.155Z",
  "runId": "cmgl8lu1b00jt6wcdu8xpy8ib",
  "step": 2,
  "loss": 32.93919228098052,
  "elapsedMs": 8000,
  "parameters": {
    "w": 0.9888278085719908,
    "b": 0.04107100642738189
  }
}