{
  "timestamp": "2025-10-10T20:11:57.886Z",
  "runId": "cmgla7z4y004y3dxh5c4aap3d",
  "step": 5,
  "loss": 0.8409196992387272,
  "elapsedMs": 32012,
  "parameters": {
    "w": 2.4698851115928817,
    "b": 0.32033458920804847
  }
}