{
  "timestamp": "2025-10-10T18:41:52.476Z",
  "runId": "cmgl70ak600fq4bwgf9uu5c69",
  "step": 9,
  "loss": 1.2211323446911122,
  "elapsedMs": 24034,
  "parameters": {
    "w": 2.334586122410125,
    "b": 0.21550538845106393
  }
}