{
  "timestamp": "2025-10-10T17:04:28.282Z",
  "runId": "cmgl3g3cz0001h6q6xmybpgpv",
  "step": 21,
  "loss": 0.2564518730988465,
  "elapsedMs": 160070,
  "parameters": {
    "w": 2.5016216176115273,
    "b": 0.9049224205415591
  }
}