{
  "timestamp": "2025-10-10T20:42:55.975Z",
  "runId": "cmglbcb2y001p4nhiwgg4wuky",
  "step": 2,
  "loss": 2.7268783418709264,
  "elapsedMs": 8004,
  "parameters": {
    "w": 2.417774459112878,
    "b": 0.17203268179722025
  }
}