{
  "timestamp": "2025-10-10T18:46:06.061Z",
  "runId": "cmgl766gt00rw4bwglngil2h1",
  "step": 2,
  "loss": 40.276734872802756,
  "elapsedMs": 3007,
  "parameters": {
    "w": 0.6551356712397134,
    "b": 0.04379562400615107
  }
}