{
  "timestamp": "2025-10-10T20:54:08.258Z",
  "runId": "cmglbcb2y001p4nhiwgg4wuky",
  "step": 86,
  "loss": 0.24757422941766094,
  "elapsedMs": 680286,
  "parameters": {
    "w": 2.505154116919722,
    "b": 0.9915587260054322
  }
}