{
  "timestamp": "2025-10-10T17:11:24.466Z",
  "runId": "cmgl3g3cz0001h6q6xmybpgpv",
  "step": 73,
  "loss": 0.24222451251001684,
  "elapsedMs": 576257,
  "parameters": {
    "w": 2.5001935104726334,
    "b": 1.0118989187793004
  }
}