{
  "timestamp": "2025-10-10T19:27:09.181Z",
  "runId": "cmgl8lu1b00jt6wcdu8xpy8ib",
  "step": 8,
  "loss": 2.4192866523456957,
  "elapsedMs": 56027,
  "parameters": {
    "w": 2.1598287802681497,
    "b": 0.16571855748264674
  }
}