{
  "timestamp": "2025-10-10T19:37:04.388Z",
  "runId": "cmgl8vo8r00ri6wcdlenesao3",
  "step": 25,
  "loss": 0.7375372083716388,
  "elapsedMs": 192111,
  "parameters": {
    "w": 2.4412492445763108,
    "b": 0.36032870800584876
  }
}