{
  "timestamp": "2025-10-10T18:46:12.074Z",
  "runId": "cmgl766gt00rw4bwglngil2h1",
  "step": 4,
  "loss": 22.471995863698737,
  "elapsedMs": 9020,
  "parameters": {
    "w": 1.1394386362364912,
    "b": 0.08333230647863374
  }
}