{
  "timestamp": "2025-10-10T20:48:16.113Z",
  "runId": "cmglbcb2y001p4nhiwgg4wuky",
  "step": 42,
  "loss": 0.24775643441514136,
  "elapsedMs": 328143,
  "parameters": {
    "w": 2.50505313825414,
    "b": 0.9795244560194907
  }
}