{
  "timestamp": "2025-10-10T20:02:00.327Z",
  "runId": "cmgl9rwek01gx6wcdq62ivwmo",
  "step": 24,
  "loss": 1.7448780472841972,
  "elapsedMs": 184066,
  "parameters": {
    "w": 2.2126165757815093,
    "b": 0.2404580587476884
  }
}