{
  "timestamp": "2025-10-10T18:52:22.069Z",
  "runId": "cmgl7cxp1015v4bwguml7zqxc",
  "step": 22,
  "loss": 2.322601411977134,
  "elapsedMs": 63140,
  "parameters": {
    "w": 2.115919414543427,
    "b": 0.1938193433146748
  }
}