{
  "timestamp": "2025-10-10T20:44:56.031Z",
  "runId": "cmglbcb2y001p4nhiwgg4wuky",
  "step": 17,
  "loss": 0.2828317551512088,
  "elapsedMs": 128060,
  "parameters": {
    "w": 2.503736711361604,
    "b": 0.8226374884219452
  }
}