{
  "timestamp": "2025-10-10T17:31:29.872Z",
  "runId": "cmgl4fvzq008l59p3ozsfa6tx",
  "step": 15,
  "loss": 0.4384913931532923,
  "elapsedMs": 112062,
  "parameters": {
    "w": 2.505153024112541,
    "b": 0.5439518208048946
  }
}