{
  "timestamp": "2025-10-10T18:35:56.885Z",
  "runId": "cmgl6slj300014bwgepuoxl5u",
  "step": 10,
  "loss": 0.41010501769964514,
  "elapsedMs": 27070,
  "parameters": {
    "w": 2.509880668420201,
    "b": 0.6396991678563085
  }
}