{
  "timestamp": "2025-10-10T20:21:01.686Z",
  "runId": "cmglaifc40028owootgmhaq8r",
  "step": 12,
  "loss": 0.41236362818067274,
  "elapsedMs": 88036,
  "parameters": {
    "w": 2.492949401870702,
    "b": 0.6179166835979147
  }
}