{
  "timestamp": "2025-10-10T20:46:25.442Z",
  "runId": "cmglb7cuq00014nhizxmusl2p",
  "step": 57,
  "loss": 0.25592865040623597,
  "elapsedMs": 448251,
  "parameters": {
    "w": 2.5014329552143866,
    "b": 1.019955475858053
  }
}