{
  "timestamp": "2025-10-10T19:09:41.401Z",
  "runId": "cmgl7zjlv002g6wcdql2u3d53",
  "step": 7,
  "loss": 0.5843171174418674,
  "elapsedMs": 48022,
  "parameters": {
    "w": 2.493673068604722,
    "b": 0.45174488288985487
  }
}