{
  "timestamp": "2025-10-10T20:31:25.062Z",
  "runId": "cmglas6ov0002lfunaib5ijsh",
  "step": 33,
  "loss": 0.2580960669864138,
  "elapsedMs": 256128,
  "parameters": {
    "w": 2.496629784355731,
    "b": 0.9780789126682315
  }
}