{
  "timestamp": "2025-10-10T17:05:45.911Z",
  "runId": "cmgl3kopi003ph6q6ljucg8co",
  "step": 4,
  "loss": 0.7632562358209681,
  "elapsedMs": 24012,
  "parameters": {
    "w": 2.505815049157031,
    "b": 0.3330640946600719
  }
}