{
  "timestamp": "2025-10-10T17:42:55.594Z",
  "runId": "cmgl4urll00k759p3ddddxdkz",
  "step": 14,
  "loss": 0.7785511911769668,
  "elapsedMs": 104086,
  "parameters": {
    "w": 2.4197866866013786,
    "b": 0.3231564199367842
  }
}