{
  "timestamp": "2025-10-10T17:09:53.516Z",
  "runId": "cmgl3kbtb0039h6q6lb066m12",
  "step": 37,
  "loss": 0.26354135693174846,
  "elapsedMs": 288152,
  "parameters": {
    "w": 2.4880112627228734,
    "b": 0.9680233599960982
  }
}