{
  "timestamp": "2025-10-10T18:48:14.343Z",
  "runId": "cmgl7856900vy4bwg1x0y62xj",
  "step": 14,
  "loss": 3.578610467257836,
  "elapsedMs": 39031,
  "parameters": {
    "w": 1.9826245973482886,
    "b": 0.14325441878632705
  }
}