{
  "timestamp": "2025-10-10T17:05:32.310Z",
  "runId": "cmgl3g3cz0001h6q6xmybpgpv",
  "step": 29,
  "loss": 0.24486683672716886,
  "elapsedMs": 224098,
  "parameters": {
    "w": 2.500805550077959,
    "b": 0.9660523208754199
  }
}