{
  "timestamp": "2025-10-10T18:15:09.841Z",
  "runId": "cmgl60jkk0001dkqperk9p40e",
  "step": 12,
  "loss": 0.3463328817491862,
  "elapsedMs": 88082,
  "parameters": {
    "w": 2.494913520623564,
    "b": 0.7036899218816788
  }
}