{
  "timestamp": "2025-10-10T19:45:55.417Z",
  "runId": "cmgl96vw2010b6wcdbnqi98ym",
  "step": 26,
  "loss": 1.490170247365868,
  "elapsedMs": 200094,
  "parameters": {
    "w": 2.221034627250728,
    "b": 0.20083252767127724
  }
}