{
  "timestamp": "2025-10-10T19:27:57.225Z",
  "runId": "cmgl8lu1b00jt6wcdu8xpy8ib",
  "step": 14,
  "loss": 0.7971958853204826,
  "elapsedMs": 104070,
  "parameters": {
    "w": 2.416459312554348,
    "b": 0.27882066296577007
  }
}