{
  "timestamp": "2025-10-10T18:43:33.071Z",
  "runId": "cmgl72bgt00jx4bwgrwqopomd",
  "step": 11,
  "loss": 1.260271548732156,
  "elapsedMs": 30068,
  "parameters": {
    "w": 2.330705197586077,
    "b": 0.21652938990364348
  }
}