{
  "timestamp": "2025-10-10T19:45:23.403Z",
  "runId": "cmgl96vw2010b6wcdbnqi98ym",
  "step": 22,
  "loss": 2.152822239084051,
  "elapsedMs": 168080,
  "parameters": {
    "w": 2.113991345658381,
    "b": 0.16908055358521817
  }
}