{
  "timestamp": "2025-10-10T17:53:56.261Z",
  "runId": "cmgl59m5400vt59p3z5r7qzff",
  "step": 10,
  "loss": 7.381906346467127,
  "elapsedMs": 72066,
  "parameters": {
    "w": 1.724446576061885,
    "b": 0.1377751674682968
  }
}