{
  "timestamp": "2025-10-10T20:03:12.362Z",
  "runId": "cmgl9rwek01gx6wcdq62ivwmo",
  "step": 33,
  "loss": 0.9124402309536829,
  "elapsedMs": 256100,
  "parameters": {
    "w": 2.377684118886389,
    "b": 0.30821756655521715
  }
}