{
  "timestamp": "2025-10-10T19:14:23.143Z",
  "runId": "cmgl836h500596wcddnzwnuoz",
  "step": 21,
  "loss": 0.31523728350119934,
  "elapsedMs": 160135,
  "parameters": {
    "w": 2.496700021424623,
    "b": 0.7500578726834392
  }
}