{
  "timestamp": "2025-10-10T20:51:52.213Z",
  "runId": "cmglbcb2y001p4nhiwgg4wuky",
  "step": 69,
  "loss": 0.24757483023798607,
  "elapsedMs": 544236,
  "parameters": {
    "w": 2.505149169694838,
    "b": 0.9909691337426313
  }
}