{
  "timestamp": "2025-10-10T20:35:44.079Z",
  "runId": "cmglb15x5000410aty7a0wpll",
  "step": 13,
  "loss": 0.33225660225013454,
  "elapsedMs": 96077,
  "parameters": {
    "w": 2.4976242616582547,
    "b": 0.7486748780879476
  }
}