{
  "timestamp": "2025-10-10T18:47:15.213Z",
  "runId": "cmgl766gt00rw4bwglngil2h1",
  "step": 25,
  "loss": 0.6860245249488339,
  "elapsedMs": 72158,
  "parameters": {
    "w": 2.452697282819891,
    "b": 0.37253739502604216
  }
}