{
  "timestamp": "2025-10-10T19:43:15.339Z",
  "runId": "cmgl96vw2010b6wcdbnqi98ym",
  "step": 6,
  "loss": 21.090719459569783,
  "elapsedMs": 40018,
  "parameters": {
    "w": 1.0103216979479896,
    "b": 0.04154866949933932
  }
}