{
  "timestamp": "2025-10-10T19:14:07.143Z",
  "runId": "cmgl836h500596wcddnzwnuoz",
  "step": 19,
  "loss": 0.33686674735652594,
  "elapsedMs": 144133,
  "parameters": {
    "w": 2.4966567259200665,
    "b": 0.7146814608491824
  }
}