{
  "timestamp": "2025-10-10T18:38:00.093Z",
  "runId": "cmgl6v8sc005d4bwg0lsq0cvg",
  "step": 10,
  "loss": 0.5887152618745822,
  "elapsedMs": 27055,
  "parameters": {
    "w": 2.4993405147234826,
    "b": 0.485824672508939
  }
}