{
  "timestamp": "2025-10-10T20:28:52.996Z",
  "runId": "cmglas6ov0002lfunaib5ijsh",
  "step": 14,
  "loss": 0.32295128432423564,
  "elapsedMs": 104062,
  "parameters": {
    "w": 2.496483372388062,
    "b": 0.7780061913246846
  }
}