{
  "timestamp": "2025-10-10T17:09:32.394Z",
  "runId": "cmgl3g3cz0001h6q6xmybpgpv",
  "step": 59,
  "loss": 0.24222905132056052,
  "elapsedMs": 464186,
  "parameters": {
    "w": 2.5002137938083835,
    "b": 1.0103795368141766
  }
}