{
  "timestamp": "2025-10-10T19:58:06.400Z",
  "runId": "cmgl9l0fl01bh6wcdrrxrxgke",
  "step": 35,
  "loss": 0.9349148614651137,
  "elapsedMs": 272017,
  "parameters": {
    "w": 2.376502318180899,
    "b": 0.29408302329372793
  }
}