{
  "timestamp": "2025-10-10T19:19:22.232Z",
  "runId": "cmgl8btqb00bz6wcdppfmiop5",
  "step": 8,
  "loss": 1.060793367628079,
  "elapsedMs": 56018,
  "parameters": {
    "w": 2.394698095855831,
    "b": 0.27107929895976757
  }
}