{
  "timestamp": "2025-10-10T19:58:30.405Z",
  "runId": "cmgl9l0fl01bh6wcdrrxrxgke",
  "step": 38,
  "loss": 0.8492706738977147,
  "elapsedMs": 296022,
  "parameters": {
    "w": 2.403012796740269,
    "b": 0.31579284774366256
  }
}