{
  "timestamp": "2025-10-10T19:55:10.345Z",
  "runId": "cmgl9l0fl01bh6wcdrrxrxgke",
  "step": 13,
  "loss": 7.4003392303394335,
  "elapsedMs": 95963,
  "parameters": {
    "w": 1.6987582301410553,
    "b": 0.11642033880923718
  }
}