{
  "timestamp": "2025-10-10T20:50:41.566Z",
  "runId": "cmglb7cuq00014nhizxmusl2p",
  "step": 89,
  "loss": 0.25592131168380206,
  "elapsedMs": 704371,
  "parameters": {
    "w": 2.5013878878551417,
    "b": 1.0223139531751202
  }
}