{
  "timestamp": "2025-10-10T19:35:36.354Z",
  "runId": "cmgl8vo8r00ri6wcdlenesao3",
  "step": 14,
  "loss": 1.9924444771370322,
  "elapsedMs": 104076,
  "parameters": {
    "w": 2.188664615472864,
    "b": 0.22501449844344057
  }
}