{
  "timestamp": "2025-10-10T17:48:25.309Z",
  "runId": "cmgl4zfkb00nu59p3nhm3kcwp",
  "step": 28,
  "loss": 0.5579214902737017,
  "elapsedMs": 216096,
  "parameters": {
    "w": 2.496233258470352,
    "b": 0.4541938007270012
  }
}