{
  "timestamp": "2025-10-10T20:12:13.895Z",
  "runId": "cmgla7z4y004y3dxh5c4aap3d",
  "step": 7,
  "loss": 0.6429183489228959,
  "elapsedMs": 48020,
  "parameters": {
    "w": 2.5013433407619843,
    "b": 0.40565475521659855
  }
}