{
  "timestamp": "2025-10-10T18:52:37.161Z",
  "runId": "cmgl7cxp1015v4bwguml7zqxc",
  "step": 27,
  "loss": 1.4523886169046227,
  "elapsedMs": 78232,
  "parameters": {
    "w": 2.2480770293585937,
    "b": 0.2334219409843732
  }
}