{
  "timestamp": "2025-10-10T18:44:52.615Z",
  "runId": "cmgl74eri00o94bwg2vepljfr",
  "step": 5,
  "loss": 12.056653737637749,
  "elapsedMs": 12031,
  "parameters": {
    "w": 1.5716034526370841,
    "b": 0.08779465224912252
  }
}