{
  "timestamp": "2025-10-10T20:03:20.366Z",
  "runId": "cmgl9rwek01gx6wcdq62ivwmo",
  "step": 34,
  "loss": 0.8722292255584613,
  "elapsedMs": 264104,
  "parameters": {
    "w": 2.3891448793800785,
    "b": 0.3152810309653142
  }
}