{
  "timestamp": "2025-10-10T17:38:14.001Z",
  "runId": "cmgl4p8ro00fv59p3xmz642an",
  "step": 11,
  "loss": 0.9811090704597325,
  "elapsedMs": 80032,
  "parameters": {
    "w": 2.3723925171328677,
    "b": 0.23565499149457908
  }
}