{
  "timestamp": "2025-10-10T19:17:36.810Z",
  "runId": "cmgl87bxu008h6wcdl4542jih",
  "step": 21,
  "loss": 0.38125694356262163,
  "elapsedMs": 160045,
  "parameters": {
    "w": 2.4983518993216167,
    "b": 0.6937989457629278
  }
}