{
  "timestamp": "2025-10-10T18:52:25.525Z",
  "runId": "cmgl7cxp1015v4bwguml7zqxc",
  "step": 23,
  "loss": 2.0887772374650435,
  "elapsedMs": 66187,
  "parameters": {
    "w": 2.14705557907981,
    "b": 0.20188217977461398
  }
}