{
  "timestamp": "2025-10-10T20:49:29.523Z",
  "runId": "cmglb7cuq00014nhizxmusl2p",
  "step": 80,
  "loss": 0.25592136137452315,
  "elapsedMs": 632332,
  "parameters": {
    "w": 2.501390435807967,
    "b": 1.0221806130140012
  }
}