{
  "timestamp": "2025-10-10T17:07:13.971Z",
  "runId": "cmgl3kopi003ph6q6ljucg8co",
  "step": 15,
  "loss": 0.30000679726054624,
  "elapsedMs": 112068,
  "parameters": {
    "w": 2.508263264834034,
    "b": 0.7753493658171944
  }
}