{
  "timestamp": "2025-10-10T17:06:52.721Z",
  "runId": "cmgl3g3cz0001h6q6xmybpgpv",
  "step": 39,
  "loss": 0.24254647654557795,
  "elapsedMs": 304131,
  "parameters": {
    "w": 2.5004033014692633,
    "b": 0.9961839170332591
  }
}