{
  "timestamp": "2025-10-10T19:13:27.041Z",
  "runId": "cmgl836h500596wcddnzwnuoz",
  "step": 14,
  "loss": 0.42409845012621783,
  "elapsedMs": 104035,
  "parameters": {
    "w": 2.496473834648902,
    "b": 0.6027769646070525
  }
}