{
  "timestamp": "2025-10-10T17:05:40.312Z",
  "runId": "cmgl3g3cz0001h6q6xmybpgpv",
  "step": 30,
  "loss": 0.24436537289750335,
  "elapsedMs": 232102,
  "parameters": {
    "w": 2.5007438241454985,
    "b": 0.9706760804836727
  }
}