{
  "timestamp": "2025-10-10T17:07:05.937Z",
  "runId": "cmgl3kopi003ph6q6ljucg8co",
  "step": 14,
  "loss": 0.31185512362262113,
  "elapsedMs": 104040,
  "parameters": {
    "w": 2.50822039095979,
    "b": 0.7528746392935416
  }
}