{
  "timestamp": "2025-10-10T18:36:05.904Z",
  "runId": "cmgl6slj300014bwgepuoxl5u",
  "step": 13,
  "loss": 0.34490719532887726,
  "elapsedMs": 36091,
  "parameters": {
    "w": 2.509421739155195,
    "b": 0.730679659292239
  }
}