{
  "timestamp": "2025-10-10T20:43:19.986Z",
  "runId": "cmglbcb2y001p4nhiwgg4wuky",
  "step": 5,
  "loss": 0.6890417351150295,
  "elapsedMs": 32013,
  "parameters": {
    "w": 2.4996703446068045,
    "b": 0.39356664710587325
  }
}