{
  "timestamp": "2025-10-10T19:51:48.965Z",
  "runId": "cmgl9dryo015r6wcdpzs47l9c",
  "step": 30,
  "loss": 1.2287079142808752,
  "elapsedMs": 232147,
  "parameters": {
    "w": 2.2964998030885653,
    "b": 0.2619523302027401
  }
}