{
  "timestamp": "2025-10-10T20:37:52.145Z",
  "runId": "cmglb15x5000410aty7a0wpll",
  "step": 29,
  "loss": 0.25795739802635625,
  "elapsedMs": 224145,
  "parameters": {
    "w": 2.4962829732170673,
    "b": 0.9520728730484435
  }
}