{
  "timestamp": "2025-10-10T20:43:52.003Z",
  "runId": "cmglbcb2y001p4nhiwgg4wuky",
  "step": 9,
  "loss": 0.43767340430212437,
  "elapsedMs": 64024,
  "parameters": {
    "w": 2.5018610918121165,
    "b": 0.5991657150320158
  }
}