{
  "timestamp": "2025-10-10T17:58:04.517Z",
  "runId": "cmgl5dqby00yz59p3mdjadbc9",
  "step": 17,
  "loss": 0.279035259934621,
  "elapsedMs": 128062,
  "parameters": {
    "w": 2.5001360956579988,
    "b": 0.8098891664334654
  }
}