{
  "timestamp": "2025-10-10T20:36:56.131Z",
  "runId": "cmglb15x5000410aty7a0wpll",
  "step": 22,
  "loss": 0.26686870356471815,
  "elapsedMs": 168125,
  "parameters": {
    "w": 2.4966158075715357,
    "b": 0.9016006312521742
  }
}