{
  "timestamp": "2025-10-10T18:01:10.085Z",
  "runId": "cmgl5fha7011s59p318sj78n8",
  "step": 30,
  "loss": 1.0313428368934814,
  "elapsedMs": 232104,
  "parameters": {
    "w": 2.332517698933575,
    "b": 0.24167188752579494
  }
}