{
  "timestamp": "2025-10-10T20:44:09.384Z",
  "runId": "cmglb7cuq00014nhizxmusl2p",
  "step": 40,
  "loss": 0.256182786694048,
  "elapsedMs": 312194,
  "parameters": {
    "w": 2.5016647769831866,
    "b": 1.007823715921882
  }
}