{
  "timestamp": "2025-10-10T18:38:21.151Z",
  "runId": "cmgl6v8sc005d4bwg0lsq0cvg",
  "step": 17,
  "loss": 0.3899010405998108,
  "elapsedMs": 48112,
  "parameters": {
    "w": 2.502329535335829,
    "b": 0.6848048933633538
  }
}