{
  "timestamp": "2025-10-10T20:35:04.033Z",
  "runId": "cmglb15x5000410aty7a0wpll",
  "step": 8,
  "loss": 0.47590745150648445,
  "elapsedMs": 56030,
  "parameters": {
    "w": 2.498764587976403,
    "b": 0.575586074469158
  }
}