{
  "timestamp": "2025-10-10T19:25:47.795Z",
  "runId": "cmgl8gnp400fr6wcdg48gl9pr",
  "step": 28,
  "loss": 0.4379360910196086,
  "elapsedMs": 216164,
  "parameters": {
    "w": 2.5050233377461826,
    "b": 0.6272399308388066
  }
}