{
  "timestamp": "2025-10-10T18:40:08.991Z",
  "runId": "cmgl6yiy100c34bwgpi1gkjqk",
  "step": 2,
  "loss": 24.388431970740566,
  "elapsedMs": 3009,
  "parameters": {
    "w": 1.4253334256274073,
    "b": 0.12168286307861151
  }
}