{
  "timestamp": "2025-10-10T17:08:50.025Z",
  "runId": "cmgl3kopi003ph6q6ljucg8co",
  "step": 27,
  "loss": 0.2535234406127251,
  "elapsedMs": 208129,
  "parameters": {
    "w": 2.5085401543561434,
    "b": 0.9204964598629088
  }
}