{
  "timestamp": "2025-10-10T20:48:33.491Z",
  "runId": "cmglb7cuq00014nhizxmusl2p",
  "step": 73,
  "loss": 0.25592155759012764,
  "elapsedMs": 576302,
  "parameters": {
    "w": 2.5013949621042215,
    "b": 1.0219437416457542
  }
}