{
  "timestamp": "2025-10-10T18:51:58.052Z",
  "runId": "cmgl7cxp1015v4bwguml7zqxc",
  "step": 14,
  "loss": 6.550060748002979,
  "elapsedMs": 39120,
  "parameters": {
    "w": 1.742722269325541,
    "b": 0.12679149501981724
  }
}