{
  "timestamp": "2025-10-10T18:48:53.389Z",
  "runId": "cmgl7856900vy4bwg1x0y62xj",
  "step": 27,
  "loss": 0.9280419393631001,
  "elapsedMs": 78078,
  "parameters": {
    "w": 2.3734257960800953,
    "b": 0.27657185724561173
  }
}