{
  "timestamp": "2025-10-10T19:50:04.880Z",
  "runId": "cmgl9dryo015r6wcdpzs47l9c",
  "step": 17,
  "loss": 4.496415151888226,
  "elapsedMs": 128061,
  "parameters": {
    "w": 1.8938968144890942,
    "b": 0.15678565824914298
  }
}