{
  "timestamp": "2025-10-10T18:15:17.295Z",
  "runId": "cmgl60jkk0001dkqperk9p40e",
  "step": 13,
  "loss": 0.328929838763056,
  "elapsedMs": 96085,
  "parameters": {
    "w": 2.4947854658727358,
    "b": 0.730928200920979
  }
}