{
  "timestamp": "2025-10-10T17:11:14.081Z",
  "runId": "cmgl3kopi003ph6q6ljucg8co",
  "step": 45,
  "loss": 0.24958470667704846,
  "elapsedMs": 352185,
  "parameters": {
    "w": 2.508632781926016,
    "b": 0.9690523698934833
  }
}