{
  "timestamp": "2025-10-10T20:00:08.287Z",
  "runId": "cmgl9rwek01gx6wcdq62ivwmo",
  "step": 10,
  "loss": 11.957459812392374,
  "elapsedMs": 72024,
  "parameters": {
    "w": 1.4751036958166428,
    "b": 0.11499469912582397
  }
}