{
  "timestamp": "2025-10-10T19:29:25.305Z",
  "runId": "cmgl8lu1b00jt6wcdu8xpy8ib",
  "step": 25,
  "loss": 0.5164601825561096,
  "elapsedMs": 192150,
  "parameters": {
    "w": 2.4850647712883176,
    "b": 0.44754242307887787
  }
}