{
  "timestamp": "2025-10-10T19:20:58.283Z",
  "runId": "cmgl8btqb00bz6wcdppfmiop5",
  "step": 20,
  "loss": 0.4999987245848672,
  "elapsedMs": 152069,
  "parameters": {
    "w": 2.4988888954143005,
    "b": 0.5607600986224205
  }
}