{
  "timestamp": "2025-10-10T19:31:58.767Z",
  "runId": "cmgl8qo2800nl6wcd5h2kd6qf",
  "step": 16,
  "loss": 0.9790901329218714,
  "elapsedMs": 120099,
  "parameters": {
    "w": 2.3760260595380167,
    "b": 0.2644236978851099
  }
}