{
  "timestamp": "2025-10-10T18:51:13.354Z",
  "runId": "cmgl7afsf010p4bwg8hj2ac1n",
  "step": 38,
  "loss": 0.7418563795632306,
  "elapsedMs": 111133,
  "parameters": {
    "w": 2.452483260301318,
    "b": 0.3499272889137452
  }
}