{
  "timestamp": "2025-10-10T18:49:20.480Z",
  "runId": "cmgl7856900vy4bwg1x0y62xj",
  "step": 36,
  "loss": 0.6939959069867196,
  "elapsedMs": 105170,
  "parameters": {
    "w": 2.4481257723583267,
    "b": 0.3592235825910273
  }
}