{
  "timestamp": "2025-10-10T18:06:05.047Z",
  "runId": "cmgl5qlvy002ncwvauonxnqvu",
  "step": 2,
  "loss": 6.399083034174216,
  "elapsedMs": 8003,
  "parameters": {
    "w": 2.267148911310347,
    "b": 0.1913206619251197
  }
}