{
  "timestamp": "2025-10-10T20:21:19.512Z",
  "runId": "cmglaigvp002cowooff7wk6rf",
  "step": 14,
  "loss": 0.3186725612307662,
  "elapsedMs": 104037,
  "parameters": {
    "w": 2.4989976928822246,
    "b": 0.7610687137225649
  }
}