{
  "timestamp": "2025-10-10T19:34:32.321Z",
  "runId": "cmgl8vo8r00ri6wcdlenesao3",
  "step": 6,
  "loss": 12.821932256005619,
  "elapsedMs": 40043,
  "parameters": {
    "w": 1.4740694717650218,
    "b": 0.10617447187906386
  }
}