{
  "timestamp": "2025-10-10T20:21:41.701Z",
  "runId": "cmglaifc40028owootgmhaq8r",
  "step": 17,
  "loss": 0.317467584147814,
  "elapsedMs": 128048,
  "parameters": {
    "w": 2.4944838057615444,
    "b": 0.7463890598013839
  }
}