{
  "timestamp": "2025-10-10T18:47:30.266Z",
  "runId": "cmgl766gt00rw4bwglngil2h1",
  "step": 30,
  "loss": 0.5945444261199315,
  "elapsedMs": 87175,
  "parameters": {
    "w": 2.4823898874088557,
    "b": 0.42342757660443353
  }
}