{
  "timestamp": "2025-10-10T20:45:05.405Z",
  "runId": "cmglb7cuq00014nhizxmusl2p",
  "step": 47,
  "loss": 0.2559813750358706,
  "elapsedMs": 368215,
  "parameters": {
    "w": 2.501519760119916,
    "b": 1.015412777902572
  }
}