{
  "timestamp": "2025-10-10T18:00:14.045Z",
  "runId": "cmgl5h0vn014459p363ew48tj",
  "step": 14,
  "loss": 0.3464872119320621,
  "elapsedMs": 104048,
  "parameters": {
    "w": 2.5056819773710206,
    "b": 0.6908405893307695
  }
}