{
  "timestamp": "2025-10-10T18:41:40.469Z",
  "runId": "cmgl70ak600fq4bwgf9uu5c69",
  "step": 5,
  "loss": 5.1401632277056395,
  "elapsedMs": 12025,
  "parameters": {
    "w": 1.9660191179440931,
    "b": 0.11386913010362049
  }
}