{
  "timestamp": "2025-10-10T19:18:42.217Z",
  "runId": "cmgl8btqb00bz6wcdppfmiop5",
  "step": 3,
  "loss": 11.310594444596656,
  "elapsedMs": 16003,
  "parameters": {
    "w": 1.7421822397049747,
    "b": 0.10567683017096989
  }
}