{
  "timestamp": "2025-10-10T19:10:05.416Z",
  "runId": "cmgl7zjlv002g6wcdql2u3d53",
  "step": 10,
  "loss": 0.44784910259374167,
  "elapsedMs": 72032,
  "parameters": {
    "w": 2.4934929347045025,
    "b": 0.5716048455644916
  }
}