{
  "timestamp": "2025-10-10T19:36:40.378Z",
  "runId": "cmgl8vo8r00ri6wcdlenesao3",
  "step": 22,
  "loss": 0.845246544356424,
  "elapsedMs": 168100,
  "parameters": {
    "w": 2.406875014229176,
    "b": 0.3260847574292969
  }
}