{
  "timestamp": "2025-10-10T20:00:56.305Z",
  "runId": "cmgl9rwek01gx6wcdq62ivwmo",
  "step": 16,
  "loss": 4.718493140614743,
  "elapsedMs": 120043,
  "parameters": {
    "w": 1.9027675625944314,
    "b": 0.17249434830944566
  }
}