{
  "timestamp": "2025-10-10T17:10:20.411Z",
  "runId": "cmgl3g3cz0001h6q6xmybpgpv",
  "step": 65,
  "loss": 0.2422256161372562,
  "elapsedMs": 512201,
  "parameters": {
    "w": 2.500201475524441,
    "b": 1.011302273522485
  }
}