{
  "timestamp": "2025-10-10T19:54:14.325Z",
  "runId": "cmgl9l0fl01bh6wcdrrxrxgke",
  "step": 6,
  "loss": 22.872475250313286,
  "elapsedMs": 39943,
  "parameters": {
    "w": 1.0231587628504202,
    "b": 0.054139864817291015
  }
}