{
  "timestamp": "2025-10-10T19:22:11.628Z",
  "runId": "cmgl8gnp400fr6wcdg48gl9pr",
  "step": 1,
  "loss": 53.184611438806954,
  "elapsedMs": 0,
  "parameters": {
    "w": 0.6778523699767407,
    "b": 0.03477523203021992
  }
}