{
  "timestamp": "2025-10-10T18:36:46.473Z",
  "runId": "cmgl6tsm0002f4bwgl80qap6b",
  "step": 8,
  "loss": 0.5759311247608601,
  "elapsedMs": 21034,
  "parameters": {
    "w": 2.4885697680970145,
    "b": 0.4732978030819091
  }
}