{
  "timestamp": "2025-10-10T18:39:49.693Z",
  "runId": "cmgl6wtld008l4bwggktwxv95",
  "step": 22,
  "loss": 0.3715390844152602,
  "elapsedMs": 63173,
  "parameters": {
    "w": 2.5010671358394725,
    "b": 0.6818428008454284
  }
}