{
  "timestamp": "2025-10-10T18:02:30.097Z",
  "runId": "cmgl5fha7011s59p318sj78n8",
  "step": 40,
  "loss": 0.745214030791629,
  "elapsedMs": 312133,
  "parameters": {
    "w": 2.4202473425290303,
    "b": 0.3174615666945149
  }
}