{
  "timestamp": "2025-10-10T18:51:04.338Z",
  "runId": "cmgl7afsf010p4bwg8hj2ac1n",
  "step": 35,
  "loss": 0.8008237751391359,
  "elapsedMs": 102123,
  "parameters": {
    "w": 2.432546379693961,
    "b": 0.3281401236863604
  }
}