{
  "timestamp": "2025-10-10T17:25:56.933Z",
  "runId": "cmgl482qh002k59p30ih5wuub",
  "step": 19,
  "loss": 0.29545461135594137,
  "elapsedMs": 144119,
  "parameters": {
    "w": 2.5036155712472,
    "b": 0.7806022195400737
  }
}