{
  "timestamp": "2025-10-10T17:59:50.025Z",
  "runId": "cmgl5h0vn014459p363ew48tj",
  "step": 11,
  "loss": 0.4227745778215327,
  "elapsedMs": 80032,
  "parameters": {
    "w": 2.5054019001934194,
    "b": 0.6012079188376226
  }
}