{
  "timestamp": "2025-10-10T20:16:59.860Z",
  "runId": "cmglacw590001owoouwrbu1dl",
  "step": 14,
  "loss": 0.3167972288602765,
  "elapsedMs": 104051,
  "parameters": {
    "w": 2.5017490376784015,
    "b": 0.7743526788619097
  }
}