{
  "timestamp": "2025-10-10T19:36:08.362Z",
  "runId": "cmgl8vo8r00ri6wcdlenesao3",
  "step": 18,
  "loss": 1.1492771744979315,
  "elapsedMs": 136084,
  "parameters": {
    "w": 2.3292455072972222,
    "b": 0.27744453569811456
  }
}