{
  "timestamp": "2025-10-10T17:39:58.048Z",
  "runId": "cmgl4p8ro00fv59p3xmz642an",
  "step": 24,
  "loss": 0.5153975268622578,
  "elapsedMs": 184079,
  "parameters": {
    "w": 2.471490243635079,
    "b": 0.4953988843685099
  }
}