{
  "timestamp": "2025-10-10T17:25:40.918Z",
  "runId": "cmgl482qh002k59p30ih5wuub",
  "step": 17,
  "loss": 0.31570738090567524,
  "elapsedMs": 128103,
  "parameters": {
    "w": 2.5032331226619413,
    "b": 0.7428394623053367
  }
}