{
  "timestamp": "2025-10-10T17:12:41.657Z",
  "runId": "cmgl3kbtb0039h6q6lb066m12",
  "step": 58,
  "loss": 0.26300923712108715,
  "elapsedMs": 456293,
  "parameters": {
    "w": 2.4882808122355775,
    "b": 0.9866320810893439
  }
}