{
  "timestamp": "2025-10-10T17:28:46.418Z",
  "runId": "cmgl4bpjs005d59p39f6kzn3x",
  "step": 19,
  "loss": 0.3431503439090202,
  "elapsedMs": 144107,
  "parameters": {
    "w": 2.5011408270363034,
    "b": 0.7287499689440752
  }
}