{
  "timestamp": "2025-10-10T18:05:39.646Z",
  "runId": "cmgl5na850001cwva9g70z3sf",
  "step": 18,
  "loss": 0.26135307153516024,
  "elapsedMs": 136153,
  "parameters": {
    "w": 2.5004233423950404,
    "b": 0.8468776951680446
  }
}