{
  "timestamp": "2025-10-10T20:29:41.016Z",
  "runId": "cmglas6ov0002lfunaib5ijsh",
  "step": 20,
  "loss": 0.2755481703392884,
  "elapsedMs": 152082,
  "parameters": {
    "w": 2.496562689473556,
    "b": 0.886393404207099
  }
}