{
  "timestamp": "2025-10-10T19:15:12.758Z",
  "runId": "cmgl87bxu008h6wcdl4542jih",
  "step": 3,
  "loss": 6.525003462101528,
  "elapsedMs": 16003,
  "parameters": {
    "w": 2.048725245851746,
    "b": 0.15742367231599683
  }
}