{
  "timestamp": "2025-10-10T17:09:13.501Z",
  "runId": "cmgl3kbtb0039h6q6lb066m12",
  "step": 32,
  "loss": 0.2645449408233095,
  "elapsedMs": 248138,
  "parameters": {
    "w": 2.4878016916062733,
    "b": 0.9535553299154995
  }
}