{
  "timestamp": "2025-10-10T19:11:43.006Z",
  "runId": "cmgl836h500596wcddnzwnuoz",
  "step": 1,
  "loss": 53.66532769737419,
  "elapsedMs": 0,
  "parameters": {
    "w": 1.3441623644156528,
    "b": 0.06258990497225687
  }
}