{
  "timestamp": "2025-10-10T18:53:10.208Z",
  "runId": "cmgl7cxp1015v4bwguml7zqxc",
  "step": 38,
  "loss": 0.8258237421635587,
  "elapsedMs": 111280,
  "parameters": {
    "w": 2.399080421117198,
    "b": 0.3143472463501131
  }
}