{
  "timestamp": "2025-10-10T18:16:55.926Z",
  "runId": "cmgl63irq0001phvacuo2rrtr",
  "step": 8,
  "loss": 0.5000057713670778,
  "elapsedMs": 56049,
  "parameters": {
    "w": 2.4834135250215676,
    "b": 0.5295036892330215
  }
}