{
  "timestamp": "2025-10-10T19:40:25.916Z",
  "runId": "cmgl90un200vk6wcdsop962ok",
  "step": 20,
  "loss": 1.506043167840065,
  "elapsedMs": 152069,
  "parameters": {
    "w": 2.2506896453074035,
    "b": 0.22374702781005257
  }
}