{
  "timestamp": "2025-10-10T18:35:32.819Z",
  "runId": "cmgl6slj300014bwgepuoxl5u",
  "step": 2,
  "loss": 2.326867253811291,
  "elapsedMs": 3004,
  "parameters": {
    "w": 2.4505492118187275,
    "b": 0.19526575389486617
  }
}