{
  "timestamp": "2025-10-10T19:06:27.819Z",
  "runId": "cmgl7wdqj00026wcditavcuvj",
  "step": 1,
  "loss": 52.7190844891093,
  "elapsedMs": 0,
  "parameters": {
    "w": 2.047942489161672,
    "b": 0.11049019161279133
  }
}