{
  "timestamp": "2025-10-10T19:17:04.789Z",
  "runId": "cmgl87bxu008h6wcdl4542jih",
  "step": 17,
  "loss": 0.4481086959969355,
  "elapsedMs": 128033,
  "parameters": {
    "w": 2.498531174652904,
    "b": 0.614409179127339
  }
}