{
  "timestamp": "2025-10-10T17:06:44.341Z",
  "runId": "cmgl3g3cz0001h6q6xmybpgpv",
  "step": 38,
  "loss": 0.24262194179318533,
  "elapsedMs": 296126,
  "parameters": {
    "w": 2.5004272468283117,
    "b": 0.9943902206149043
  }
}