{
  "timestamp": "2025-10-10T18:43:06.013Z",
  "runId": "cmgl72bgt00jx4bwgrwqopomd",
  "step": 2,
  "loss": 32.947465478425904,
  "elapsedMs": 3010,
  "parameters": {
    "w": 0.9900327539702574,
    "b": 0.0313543022888758
  }
}