{
  "timestamp": "2025-10-10T20:55:20.284Z",
  "runId": "cmglbcb2y001p4nhiwgg4wuky",
  "step": 95,
  "loss": 0.2475742147827932,
  "elapsedMs": 752313,
  "parameters": {
    "w": 2.5051547239954663,
    "b": 0.9916310750839467
  }
}