{
  "timestamp": "2025-10-10T19:52:53.011Z",
  "runId": "cmgl9dryo015r6wcdpzs47l9c",
  "step": 38,
  "loss": 0.8450535872312429,
  "elapsedMs": 296192,
  "parameters": {
    "w": 2.397038753195375,
    "b": 0.32046835515705224
  }
}