{
  "timestamp": "2025-10-10T20:03:28.371Z",
  "runId": "cmgl9rwek01gx6wcdq62ivwmo",
  "step": 35,
  "loss": 0.8371589022574739,
  "elapsedMs": 272109,
  "parameters": {
    "w": 2.3996296561985337,
    "b": 0.3222603478607004
  }
}