{
  "timestamp": "2025-10-10T18:17:27.956Z",
  "runId": "cmgl63irq0001phvacuo2rrtr",
  "step": 12,
  "loss": 0.3510147956430523,
  "elapsedMs": 88080,
  "parameters": {
    "w": 2.488344875371123,
    "b": 0.6878395187395311
  }
}