{
  "timestamp": "2025-10-10T18:50:55.334Z",
  "runId": "cmgl7afsf010p4bwg8hj2ac1n",
  "step": 32,
  "loss": 0.8856304696114191,
  "elapsedMs": 93120,
  "parameters": {
    "w": 2.4056529181214668,
    "b": 0.3055950160505332
  }
}