{
  "timestamp": "2025-10-10T17:08:34.000Z",
  "runId": "cmgl3kopi003ph6q6ljucg8co",
  "step": 25,
  "loss": 0.25563547303243744,
  "elapsedMs": 192102,
  "parameters": {
    "w": 2.5085145903612758,
    "b": 0.9070956652989903
  }
}