{
  "timestamp": "2025-10-10T17:41:19.510Z",
  "runId": "cmgl4urll00k759p3ddddxdkz",
  "step": 2,
  "loss": 32.89613626340845,
  "elapsedMs": 8002,
  "parameters": {
    "w": 0.9618765950949905,
    "b": 0.06197260122785211
  }
}