{
  "timestamp": "2025-10-10T17:33:16.269Z",
  "runId": "cmgl4kebm00c359p3j7bxwbeg",
  "step": 2,
  "loss": 23.702813251164425,
  "elapsedMs": 8006,
  "parameters": {
    "w": 1.3974773781103893,
    "b": 0.09560241414745879
  }
}