{
  "timestamp": "2025-10-10T20:53:36.248Z",
  "runId": "cmglbcb2y001p4nhiwgg4wuky",
  "step": 82,
  "loss": 0.2475742521859749,
  "elapsedMs": 648278,
  "parameters": {
    "w": 2.5051535976450077,
    "b": 0.9914968407341753
  }
}