{
  "timestamp": "2025-10-10T20:21:49.703Z",
  "runId": "cmglaifc40028owootgmhaq8r",
  "step": 18,
  "loss": 0.30626626247040395,
  "elapsedMs": 136053,
  "parameters": {
    "w": 2.494720812318929,
    "b": 0.7662645016520233
  }
}