{
  "timestamp": "2025-10-10T20:17:39.876Z",
  "runId": "cmglacw590001owoouwrbu1dl",
  "step": 19,
  "loss": 0.2730485135375039,
  "elapsedMs": 144066,
  "parameters": {
    "w": 2.502202102282527,
    "b": 0.869872764441157
  }
}