{
  "timestamp": "2025-10-10T17:46:33.254Z",
  "runId": "cmgl4zfkb00nu59p3nhm3kcwp",
  "step": 14,
  "loss": 1.1737128211374088,
  "elapsedMs": 104044,
  "parameters": {
    "w": 2.3381610619254865,
    "b": 0.26099849226925753
  }
}