{
  "timestamp": "2025-10-10T17:49:14.703Z",
  "runId": "cmgl54fs100rr59p3m5p675ua",
  "step": 5,
  "loss": 16.831953093880422,
  "elapsedMs": 32017,
  "parameters": {
    "w": 1.321810354227018,
    "b": 0.09016189635388899
  }
}