{
  "timestamp": "2025-10-10T18:48:35.367Z",
  "runId": "cmgl7856900vy4bwg1x0y62xj",
  "step": 21,
  "loss": 1.4101044219759935,
  "elapsedMs": 60060,
  "parameters": {
    "w": 2.2602977209049877,
    "b": 0.2167785610330578
  }
}