{
  "timestamp": "2025-10-10T18:50:37.314Z",
  "runId": "cmgl7afsf010p4bwg8hj2ac1n",
  "step": 26,
  "loss": 1.2267249719419082,
  "elapsedMs": 75099,
  "parameters": {
    "w": 2.3205078748172228,
    "b": 0.2580664526015615
  }
}