{
  "timestamp": "2025-10-10T18:01:28.417Z",
  "runId": "cmgl5ku9x01af59p3n22aaa4d",
  "step": 1,
  "loss": 53.85767498630747,
  "elapsedMs": 0,
  "parameters": {
    "w": 1.3471559278725187,
    "b": 0.06096262048481354
  }
}