{
  "timestamp": "2025-10-10T17:09:45.514Z",
  "runId": "cmgl3kbtb0039h6q6lb066m12",
  "step": 36,
  "loss": 0.263667480277644,
  "elapsedMs": 280150,
  "parameters": {
    "w": 2.487977673941767,
    "b": 0.965704512326143
  }
}