{
  "timestamp": "2025-10-10T20:20:07.480Z",
  "runId": "cmglaigvp002cowooff7wk6rf",
  "step": 5,
  "loss": 0.6959970217156372,
  "elapsedMs": 32009,
  "parameters": {
    "w": 2.4954914573922053,
    "b": 0.3937159364835725
  }
}