{
  "timestamp": "2025-10-10T18:50:07.280Z",
  "runId": "cmgl7afsf010p4bwg8hj2ac1n",
  "step": 16,
  "loss": 3.811078066819083,
  "elapsedMs": 45062,
  "parameters": {
    "w": 1.9978141798816111,
    "b": 0.170569329478405
  }
}