{
  "timestamp": "2025-10-10T19:36:16.368Z",
  "runId": "cmgl8vo8r00ri6wcdlenesao3",
  "step": 19,
  "loss": 1.0445595821905296,
  "elapsedMs": 144090,
  "parameters": {
    "w": 2.3531663075605933,
    "b": 0.28994165979773
  }
}