{
  "timestamp": "2025-10-10T20:49:04.131Z",
  "runId": "cmglbcb2y001p4nhiwgg4wuky",
  "step": 48,
  "loss": 0.24762571195013827,
  "elapsedMs": 376160,
  "parameters": {
    "w": 2.5051008988869716,
    "b": 0.9852163944787604
  }
}