{
  "timestamp": "2025-10-10T17:48:17.302Z",
  "runId": "cmgl4zfkb00nu59p3nhm3kcwp",
  "step": 27,
  "loss": 0.5728074027041794,
  "elapsedMs": 208092,
  "parameters": {
    "w": 2.493804960661558,
    "b": 0.4422167484875471
  }
}