{
  "timestamp": "2025-10-10T20:34:08.004Z",
  "runId": "cmglb15x5000410aty7a0wpll",
  "step": 1,
  "loss": 53.80539572029062,
  "elapsedMs": 0,
  "parameters": {
    "w": 2.1006515267414914,
    "b": 0.11201180911579514
  }
}