{
  "timestamp": "2025-10-10T17:14:17.689Z",
  "runId": "cmgl3kbtb0039h6q6lb066m12",
  "step": 70,
  "loss": 0.2630032639954692,
  "elapsedMs": 552324,
  "parameters": {
    "w": 2.4883046499511337,
    "b": 0.9882777505466513
  }
}