{
  "timestamp": "2025-10-10T17:11:00.426Z",
  "runId": "cmgl3g3cz0001h6q6xmybpgpv",
  "step": 70,
  "loss": 0.24222473404827496,
  "elapsedMs": 552217,
  "parameters": {
    "w": 2.5001957494029012,
    "b": 1.0117312052280494
  }
}