{
  "timestamp": "2025-10-10T19:09:17.389Z",
  "runId": "cmgl7zjlv002g6wcdql2u3d53",
  "step": 4,
  "loss": 0.8702071895515419,
  "elapsedMs": 24009,
  "parameters": {
    "w": 2.4684521691067145,
    "b": 0.29761330770124195
  }
}