{
  "timestamp": "2025-10-10T17:07:21.419Z",
  "runId": "cmgl3kbtb0039h6q6lb066m12",
  "step": 18,
  "loss": 0.2923357323280284,
  "elapsedMs": 136054,
  "parameters": {
    "w": 2.486079513982277,
    "b": 0.8346624306206238
  }
}