{
  "timestamp": "2025-10-10T17:51:38.796Z",
  "runId": "cmgl54fs100rr59p3m5p675ua",
  "step": 23,
  "loss": 0.7773605405052174,
  "elapsedMs": 176109,
  "parameters": {
    "w": 2.424899981604046,
    "b": 0.337159965924562
  }
}