{
  "timestamp": "2025-10-10T18:35:41.856Z",
  "runId": "cmgl6slj300014bwgepuoxl5u",
  "step": 5,
  "loss": 0.6699971942590157,
  "elapsedMs": 12042,
  "parameters": {
    "w": 2.5108189460600236,
    "b": 0.40689251791989445
  }
}