{
  "timestamp": "2025-10-10T20:36:24.113Z",
  "runId": "cmglb15x5000410aty7a0wpll",
  "step": 18,
  "loss": 0.2821507437377007,
  "elapsedMs": 136111,
  "parameters": {
    "w": 2.4969501457266268,
    "b": 0.8509003475238307
  }
}