{
  "timestamp": "2025-10-10T17:05:13.372Z",
  "runId": "cmgl3kbtb0039h6q6lb066m12",
  "step": 2,
  "loss": 3.017267790589196,
  "elapsedMs": 8000,
  "parameters": {
    "w": 2.380439830415245,
    "b": 0.159991281224946
  }
}