{
  "timestamp": "2025-10-10T19:39:29.892Z",
  "runId": "cmgl90un200vk6wcdsop962ok",
  "step": 13,
  "loss": 4.243082906693353,
  "elapsedMs": 96044,
  "parameters": {
    "w": 1.9371118873535065,
    "b": 0.14977959084132494
  }
}