{
  "timestamp": "2025-10-10T20:27:40.968Z",
  "runId": "cmglas6ov0002lfunaib5ijsh",
  "step": 5,
  "loss": 0.6970166099018756,
  "elapsedMs": 32034,
  "parameters": {
    "w": 2.496149261216666,
    "b": 0.41224973382675706
  }
}