{
  "timestamp": "2025-10-10T20:29:09.001Z",
  "runId": "cmglas6ov0002lfunaib5ijsh",
  "step": 16,
  "loss": 0.30023308482909566,
  "elapsedMs": 120068,
  "parameters": {
    "w": 2.496515535326638,
    "b": 0.8219570150888261
  }
}