{
  "timestamp": "2025-10-10T20:47:20.090Z",
  "runId": "cmglbcb2y001p4nhiwgg4wuky",
  "step": 35,
  "loss": 0.248370121408714,
  "elapsedMs": 272118,
  "parameters": {
    "w": 2.5049419984073937,
    "b": 0.966279213430566
  }
}