{
  "timestamp": "2025-10-10T20:46:01.429Z",
  "runId": "cmglb7cuq00014nhizxmusl2p",
  "step": 54,
  "loss": 0.25593510357965116,
  "elapsedMs": 424235,
  "parameters": {
    "w": 2.5014502524406677,
    "b": 1.0190502727018125
  }
}