{
  "timestamp": "2025-10-10T17:58:28.527Z",
  "runId": "cmgl5dqby00yz59p3mdjadbc9",
  "step": 20,
  "loss": 0.262925795648079,
  "elapsedMs": 152070,
  "parameters": {
    "w": 2.50055641316205,
    "b": 0.8551139851502966
  }
}