{
  "timestamp": "2025-10-10T17:59:58.035Z",
  "runId": "cmgl5h0vn014459p363ew48tj",
  "step": 12,
  "loss": 0.39300755510211444,
  "elapsedMs": 88037,
  "parameters": {
    "w": 2.5055102925666484,
    "b": 0.6336082151196547
  }
}