{
  "timestamp": "2025-10-10T17:10:41.612Z",
  "runId": "cmgl3kbtb0039h6q6lb066m12",
  "step": 43,
  "loss": 0.2631551637253765,
  "elapsedMs": 336249,
  "parameters": {
    "w": 2.4881529818536805,
    "b": 0.9778071349779686
  }
}