{
  "timestamp": "2025-10-10T18:48:29.362Z",
  "runId": "cmgl7856900vy4bwg1x0y62xj",
  "step": 19,
  "loss": 1.7446001637153155,
  "elapsedMs": 54054,
  "parameters": {
    "w": 2.2019876327695314,
    "b": 0.19611343042910193
  }
}