{
  "timestamp": "2025-10-10T18:08:29.152Z",
  "runId": "cmgl5qlvy002ncwvauonxnqvu",
  "step": 20,
  "loss": 0.2754192921347029,
  "elapsedMs": 152107,
  "parameters": {
    "w": 2.505112308578909,
    "b": 0.8149761763298584
  }
}