{
  "timestamp": "2025-10-10T17:16:01.839Z",
  "runId": "cmgl3kbtb0039h6q6lb066m12",
  "step": 83,
  "loss": 0.263002777761942,
  "elapsedMs": 656421,
  "parameters": {
    "w": 2.4883116615240253,
    "b": 0.9887618041182994
  }
}