{
  "timestamp": "2025-10-10T19:44:11.376Z",
  "runId": "cmgl96vw2010b6wcdbnqi98ym",
  "step": 13,
  "loss": 6.921844229451388,
  "elapsedMs": 96053,
  "parameters": {
    "w": 1.6808683312477786,
    "b": 0.09636632047802836
  }
}