{
  "timestamp": "2025-10-10T17:06:17.385Z",
  "runId": "cmgl3kbtb0039h6q6lb066m12",
  "step": 10,
  "loss": 0.4208863993670202,
  "elapsedMs": 72022,
  "parameters": {
    "w": 2.483129670523083,
    "b": 0.6310308551316011
  }
}