{
  "timestamp": "2025-10-10T17:08:01.435Z",
  "runId": "cmgl3kbtb0039h6q6lb066m12",
  "step": 23,
  "loss": 0.27324730305566025,
  "elapsedMs": 176072,
  "parameters": {
    "w": 2.48699350027631,
    "b": 0.8977607306287556
  }
}