{
  "timestamp": "2025-10-10T19:46:19.430Z",
  "runId": "cmgl96vw2010b6wcdbnqi98ym",
  "step": 29,
  "loss": 1.2071120727490374,
  "elapsedMs": 224108,
  "parameters": {
    "w": 2.280126328491126,
    "b": 0.22417565455684144
  }
}