{
  "timestamp": "2025-10-10T17:43:19.608Z",
  "runId": "cmgl4urll00k759p3ddddxdkz",
  "step": 17,
  "loss": 0.641821373433014,
  "elapsedMs": 128098,
  "parameters": {
    "w": 2.4628066868284932,
    "b": 0.37275571562079496
  }
}