{
  "timestamp": "2025-10-10T18:36:02.897Z",
  "runId": "cmgl6slj300014bwgepuoxl5u",
  "step": 12,
  "loss": 0.36225375081192523,
  "elapsedMs": 33082,
  "parameters": {
    "w": 2.5095589191284904,
    "b": 0.7034856165884322
  }
}