{
  "timestamp": "2025-10-10T17:24:44.862Z",
  "runId": "cmgl482qh002k59p30ih5wuub",
  "step": 10,
  "loss": 0.4736618045306179,
  "elapsedMs": 72047,
  "parameters": {
    "w": 2.501242262023136,
    "b": 0.5480402188167143
  }
}