{
  "timestamp": "2025-10-10T18:35:47.865Z",
  "runId": "cmgl6slj300014bwgepuoxl5u",
  "step": 7,
  "loss": 0.5327707620639881,
  "elapsedMs": 18050,
  "parameters": {
    "w": 2.5105044283666547,
    "b": 0.5149052375660995
  }
}