{
  "timestamp": "2025-10-10T17:56:12.450Z",
  "runId": "cmgl59m5400vt59p3z5r7qzff",
  "step": 27,
  "loss": 0.8967643358213859,
  "elapsedMs": 208253,
  "parameters": {
    "w": 2.3954956625221624,
    "b": 0.3237972096637478
  }
}