{
  "timestamp": "2025-10-10T17:48:58.694Z",
  "runId": "cmgl54fs100rr59p3m5p675ua",
  "step": 3,
  "loss": 29.821229595919284,
  "elapsedMs": 16009,
  "parameters": {
    "w": 0.9078042432825015,
    "b": 0.055768665287062535
  }
}