{
  "timestamp": "2025-10-10T18:47:44.316Z",
  "runId": "cmgl7856900vy4bwg1x0y62xj",
  "step": 4,
  "loss": 26.263561211248533,
  "elapsedMs": 9008,
  "parameters": {
    "w": 0.9105064273093211,
    "b": 0.03773534011626412
  }
}