{
  "timestamp": "2025-10-10T18:39:10.584Z",
  "runId": "cmgl6wtld008l4bwggktwxv95",
  "step": 9,
  "loss": 0.7098748813019227,
  "elapsedMs": 24065,
  "parameters": {
    "w": 2.478206538307075,
    "b": 0.37048694051622744
  }
}