{
  "timestamp": "2025-10-10T18:18:37.291Z",
  "runId": "cmgl6674b0001g98wb8x1en6s",
  "step": 5,
  "loss": 0.639454379121115,
  "elapsedMs": 32035,
  "parameters": {
    "w": 2.5081001834181276,
    "b": 0.4336412435388527
  }
}