{
  "timestamp": "2025-10-10T19:50:44.917Z",
  "runId": "cmgl9dryo015r6wcdpzs47l9c",
  "step": 22,
  "loss": 2.4508170441174535,
  "elapsedMs": 168099,
  "parameters": {
    "w": 2.1011214631331367,
    "b": 0.19875295927465816
  }
}