{
  "timestamp": "2025-10-10T18:09:51.268Z",
  "runId": "cmgl5u8r5005hcwvace9t3wiy",
  "step": 9,
  "loss": 0.6238876297774344,
  "elapsedMs": 64035,
  "parameters": {
    "w": 2.4998171855497597,
    "b": 0.43849849411040237
  }
}