{
  "timestamp": "2025-10-10T17:27:34.374Z",
  "runId": "cmgl4bpjs005d59p39f6kzn3x",
  "step": 10,
  "loss": 0.5575632864395554,
  "elapsedMs": 72063,
  "parameters": {
    "w": 2.5010226034799508,
    "b": 0.49571193585690737
  }
}