{
  "timestamp": "2025-10-10T19:29:49.329Z",
  "runId": "cmgl8lu1b00jt6wcdu8xpy8ib",
  "step": 28,
  "loss": 0.47752416979965495,
  "elapsedMs": 216174,
  "parameters": {
    "w": 2.4877555438791172,
    "b": 0.4857499643547646
  }
}