{
  "timestamp": "2025-10-10T20:07:22.387Z",
  "runId": "cmgla1jtd00013dxhvorihs03",
  "step": 8,
  "loss": 0.4906787120145743,
  "elapsedMs": 56019,
  "parameters": {
    "w": 2.501777286960204,
    "b": 0.5717950088207978
  }
}