{
  "timestamp": "2025-10-10T20:30:45.048Z",
  "runId": "cmglas6ov0002lfunaib5ijsh",
  "step": 28,
  "loss": 0.26034788631114897,
  "elapsedMs": 216111,
  "parameters": {
    "w": 2.49661392575593,
    "b": 0.956408052848458
  }
}