{
  "timestamp": "2025-10-10T17:12:04.484Z",
  "runId": "cmgl3g3cz0001h6q6xmybpgpv",
  "step": 78,
  "loss": 0.2422243486745763,
  "elapsedMs": 616276,
  "parameters": {
    "w": 2.5001910426821223,
    "b": 1.012083775769437
  }
}