{
  "timestamp": "2025-10-10T19:52:36.999Z",
  "runId": "cmgl9dryo015r6wcdpzs47l9c",
  "step": 36,
  "loss": 0.907649689172934,
  "elapsedMs": 280180,
  "parameters": {
    "w": 2.377778556092492,
    "b": 0.3062646326582459
  }
}