{
  "timestamp": "2025-10-10T17:21:39.308Z",
  "runId": "cmgl44rnc000159p35n5uexhp",
  "step": 6,
  "loss": 0.6079792938390642,
  "elapsedMs": 40020,
  "parameters": {
    "w": 2.492293927232456,
    "b": 0.45153716289146933
  }
}