{
  "timestamp": "2025-10-10T17:06:49.403Z",
  "runId": "cmgl3kbtb0039h6q6lb066m12",
  "step": 14,
  "loss": 0.33105566031244704,
  "elapsedMs": 104037,
  "parameters": {
    "w": 2.4849104920237437,
    "b": 0.7539574153179257
  }
}