{
  "timestamp": "2025-10-10T17:01:56.216Z",
  "runId": "cmgl3g3cz0001h6q6xmybpgpv",
  "step": 2,
  "loss": 2.4078896048089464,
  "elapsedMs": 8004,
  "parameters": {
    "w": 2.444768852495177,
    "b": 0.21841029373305823
  }
}