{
  "timestamp": "2025-10-10T17:33:24.275Z",
  "runId": "cmgl4kebm00c359p3j7bxwbeg",
  "step": 3,
  "loss": 10.971523185344768,
  "elapsedMs": 16009,
  "parameters": {
    "w": 1.7678505839088987,
    "b": 0.1362443222936253
  }
}