{
  "timestamp": "2025-10-10T17:45:05.219Z",
  "runId": "cmgl4zfkb00nu59p3nhm3kcwp",
  "step": 3,
  "loss": 25.49923457276816,
  "elapsedMs": 16009,
  "parameters": {
    "w": 1.0997476376103266,
    "b": 0.06290065330330534
  }
}