{
  "timestamp": "2025-10-10T17:43:59.627Z",
  "runId": "cmgl4urll00k759p3ddddxdkz",
  "step": 22,
  "loss": 0.5356364702592207,
  "elapsedMs": 168117,
  "parameters": {
    "w": 2.490506071578785,
    "b": 0.44660248945637376
  }
}