{
  "timestamp": "2025-10-10T19:24:51.765Z",
  "runId": "cmgl8gnp400fr6wcdg48gl9pr",
  "step": 21,
  "loss": 0.54191039293527,
  "elapsedMs": 160135,
  "parameters": {
    "w": 2.502230982942768,
    "b": 0.5210721846254032
  }
}