{
  "timestamp": "2025-10-10T17:59:34.019Z",
  "runId": "cmgl5h0vn014459p363ew48tj",
  "step": 9,
  "loss": 0.49949594817326864,
  "elapsedMs": 64025,
  "parameters": {
    "w": 2.5050215875470117,
    "b": 0.5277110417154302
  }
}