{
  "timestamp": "2025-10-10T19:46:03.421Z",
  "runId": "cmgl96vw2010b6wcdbnqi98ym",
  "step": 27,
  "loss": 1.3809214914693289,
  "elapsedMs": 208098,
  "parameters": {
    "w": 2.242465059119293,
    "b": 0.20866319391123456
  }
}