{
  "timestamp": "2025-10-10T18:09:03.237Z",
  "runId": "cmgl5u8r5005hcwvace9t3wiy",
  "step": 3,
  "loss": 3.77306383945144,
  "elapsedMs": 16005,
  "parameters": {
    "w": 2.2230573004291547,
    "b": 0.1664342097299388
  }
}