{
  "timestamp": "2025-10-10T17:09:54.056Z",
  "runId": "cmgl3kopi003ph6q6ljucg8co",
  "step": 35,
  "loss": 0.2502406326270945,
  "elapsedMs": 272153,
  "parameters": {
    "w": 2.508602224778611,
    "b": 0.9530341357735157
  }
}