{
  "timestamp": "2025-10-10T17:13:16.525Z",
  "runId": "cmgl3g3cz0001h6q6xmybpgpv",
  "step": 87,
  "loss": 0.24222427399863777,
  "elapsedMs": 688316,
  "parameters": {
    "w": 2.5001888607943585,
    "b": 1.0122472163868497
  }
}