{
  "timestamp": "2025-10-10T17:49:54.725Z",
  "runId": "cmgl54fs100rr59p3m5p675ua",
  "step": 10,
  "loss": 4.4765651394518065,
  "elapsedMs": 72038,
  "parameters": {
    "w": 1.946110043254416,
    "b": 0.16859150014510801
  }
}