{
  "timestamp": "2025-10-10T17:17:29.908Z",
  "runId": "cmgl3kbtb0039h6q6lb066m12",
  "step": 94,
  "loss": 0.2630027473571423,
  "elapsedMs": 744495,
  "parameters": {
    "w": 2.488313304626275,
    "b": 0.988875237940501
  }
}