{
  "timestamp": "2025-10-10T17:05:16.303Z",
  "runId": "cmgl3g3cz0001h6q6xmybpgpv",
  "step": 27,
  "loss": 0.24624961046869162,
  "elapsedMs": 208092,
  "parameters": {
    "w": 2.5009503070158683,
    "b": 0.9552088835089781
  }
}