{
  "timestamp": "2025-10-10T17:34:04.300Z",
  "runId": "cmgl4kebm00c359p3j7bxwbeg",
  "step": 8,
  "loss": 0.8791909664756138,
  "elapsedMs": 56036,
  "parameters": {
    "w": 2.4046737798222924,
    "b": 0.3009819943344175
  }
}