{
  "timestamp": "2025-10-10T19:32:30.795Z",
  "runId": "cmgl8qo2800nl6wcd5h2kd6qf",
  "step": 20,
  "loss": 0.7536181614189913,
  "elapsedMs": 152127,
  "parameters": {
    "w": 2.4414886827623823,
    "b": 0.3228401104192496
  }
}