{
  "timestamp": "2025-10-10T19:08:19.844Z",
  "runId": "cmgl7wdqj00026wcditavcuvj",
  "step": 15,
  "loss": 0.30490042923163785,
  "elapsedMs": 112024,
  "parameters": {
    "w": 2.508645522122926,
    "b": 0.8027157284950971
  }
}