{
  "timestamp": "2025-10-10T20:45:44.050Z",
  "runId": "cmglbcb2y001p4nhiwgg4wuky",
  "step": 23,
  "loss": 0.25753872049401605,
  "elapsedMs": 176077,
  "parameters": {
    "w": 2.504401059049914,
    "b": 0.901812028838658
  }
}