{
  "timestamp": "2025-10-10T18:40:30.036Z",
  "runId": "cmgl6yiy100c34bwgpi1gkjqk",
  "step": 9,
  "loss": 0.7676376249860356,
  "elapsedMs": 24053,
  "parameters": {
    "w": 2.467823126398904,
    "b": 0.373551324181591
  }
}