{
  "timestamp": "2025-10-10T18:49:34.551Z",
  "runId": "cmgl7afsf010p4bwg8hj2ac1n",
  "step": 5,
  "loss": 26.318390496360553,
  "elapsedMs": 12017,
  "parameters": {
    "w": 0.9822381648077001,
    "b": 0.058641875790288414
  }
}