{
  "timestamp": "2025-10-10T17:23:56.828Z",
  "runId": "cmgl482qh002k59p30ih5wuub",
  "step": 4,
  "loss": 0.9121488065464465,
  "elapsedMs": 24012,
  "parameters": {
    "w": 2.4764560409309433,
    "b": 0.2623699609709885
  }
}