{
  "timestamp": "2025-10-10T17:29:02.421Z",
  "runId": "cmgl4bpjs005d59p39f6kzn3x",
  "step": 21,
  "loss": 0.3213757938221666,
  "elapsedMs": 160112,
  "parameters": {
    "w": 2.5010178250714583,
    "b": 0.7642447966323768
  }
}