{
  "timestamp": "2025-10-10T18:50:04.276Z",
  "runId": "cmgl7afsf010p4bwg8hj2ac1n",
  "step": 15,
  "loss": 4.449035539071513,
  "elapsedMs": 42058,
  "parameters": {
    "w": 1.944290604935518,
    "b": 0.16116056906178214
  }
}