{
  "timestamp": "2025-10-10T19:15:28.762Z",
  "runId": "cmgl87bxu008h6wcdl4542jih",
  "step": 5,
  "loss": 1.4946037038274527,
  "elapsedMs": 32007,
  "parameters": {
    "w": 2.355792621645147,
    "b": 0.2458428711228562
  }
}