{
  "timestamp": "2025-10-10T20:48:40.123Z",
  "runId": "cmglbcb2y001p4nhiwgg4wuky",
  "step": 45,
  "loss": 0.24767108530639545,
  "elapsedMs": 352152,
  "parameters": {
    "w": 2.50508075955433,
    "b": 0.9828162620849821
  }
}