{
  "timestamp": "2025-10-10T19:37:53.846Z",
  "runId": "cmgl90un200vk6wcdsop962ok",
  "step": 1,
  "loss": 51.71120757790598,
  "elapsedMs": 0,
  "parameters": {
    "w": 0.26993317478774365,
    "b": 0.011829947638378495
  }
}