{
  "timestamp": "2025-10-10T20:36:00.165Z",
  "runId": "cmglb15x5000410aty7a0wpll",
  "step": 15,
  "loss": 0.30580269230589646,
  "elapsedMs": 112106,
  "parameters": {
    "w": 2.49731150744974,
    "b": 0.7961021087927055
  }
}