{
  "timestamp": "2025-10-10T20:51:28.197Z",
  "runId": "cmglbcb2y001p4nhiwgg4wuky",
  "step": 66,
  "loss": 0.2475753747585785,
  "elapsedMs": 520225,
  "parameters": {
    "w": 2.505146963459804,
    "b": 0.99070620267788
  }
}