{
  "timestamp": "2025-10-10T19:31:50.759Z",
  "runId": "cmgl8qo2800nl6wcd5h2kd6qf",
  "step": 15,
  "loss": 1.08484656610319,
  "elapsedMs": 112091,
  "parameters": {
    "w": 2.350476258205131,
    "b": 0.2491341763659845
  }
}