{
  "timestamp": "2025-10-10T17:15:38.208Z",
  "runId": "cmgl3kopi003ph6q6ljucg8co",
  "step": 78,
  "loss": 0.24949400491517634,
  "elapsedMs": 616311,
  "parameters": {
    "w": 2.5086486355384467,
    "b": 0.9773629255943279
  }
}