{
  "timestamp": "2025-10-10T17:55:24.324Z",
  "runId": "cmgl59m5400vt59p3z5r7qzff",
  "step": 21,
  "loss": 1.3513073941769123,
  "elapsedMs": 160131,
  "parameters": {
    "w": 2.2871888606378956,
    "b": 0.26354709576753577
  }
}