{
  "timestamp": "2025-10-10T20:09:23.803Z",
  "runId": "cmgla4oab002f3dxhzweq11sz",
  "step": 5,
  "loss": 0.7107407706659721,
  "elapsedMs": 32035,
  "parameters": {
    "w": 2.512300945353128,
    "b": 0.3786282075603891
  }
}