{
  "timestamp": "2025-10-10T18:52:16.064Z",
  "runId": "cmgl7cxp1015v4bwguml7zqxc",
  "step": 20,
  "loss": 2.922207328094394,
  "elapsedMs": 57133,
  "parameters": {
    "w": 2.0450530148635475,
    "b": 0.1774809411603397
  }
}