{
  "timestamp": "2025-10-10T19:19:14.229Z",
  "runId": "cmgl8btqb00bz6wcdppfmiop5",
  "step": 7,
  "loss": 1.340967293089209,
  "elapsedMs": 48015,
  "parameters": {
    "w": 2.3441767288600226,
    "b": 0.24008281692992134
  }
}