{
  "timestamp": "2025-10-10T18:53:19.221Z",
  "runId": "cmgl7cxp1015v4bwguml7zqxc",
  "step": 41,
  "loss": 0.7604991160449577,
  "elapsedMs": 120292,
  "parameters": {
    "w": 2.420973913257978,
    "b": 0.3349786988559099
  }
}