{
  "timestamp": "2025-10-10T17:35:24.352Z",
  "runId": "cmgl4kebm00c359p3j7bxwbeg",
  "step": 18,
  "loss": 0.43678081125291407,
  "elapsedMs": 136077,
  "parameters": {
    "w": 2.494708079159879,
    "b": 0.530609358029814
  }
}