{
  "timestamp": "2025-10-10T18:49:52.435Z",
  "runId": "cmgl7afsf010p4bwg8hj2ac1n",
  "step": 11,
  "loss": 8.704460501937527,
  "elapsedMs": 30043,
  "parameters": {
    "w": 1.6681793562900875,
    "b": 0.12211892898134737
  }
}