{
  "timestamp": "2025-10-10T18:51:45.957Z",
  "runId": "cmgl7cxp1015v4bwguml7zqxc",
  "step": 10,
  "loss": 12.037203948871213,
  "elapsedMs": 27026,
  "parameters": {
    "w": 1.4353647153390081,
    "b": 0.09166441022424585
  }
}