{
  "timestamp": "2025-10-10T18:37:48.072Z",
  "runId": "cmgl6v8sc005d4bwg0lsq0cvg",
  "step": 6,
  "loss": 0.8507102903763939,
  "elapsedMs": 15034,
  "parameters": {
    "w": 2.469437825969184,
    "b": 0.32342693798071515
  }
}