{
  "timestamp": "2025-10-10T17:50:34.741Z",
  "runId": "cmgl54fs100rr59p3m5p675ua",
  "step": 15,
  "loss": 1.6352745110798288,
  "elapsedMs": 112054,
  "parameters": {
    "w": 2.2408508380274754,
    "b": 0.23857527801127273
  }
}