{
  "timestamp": "2025-10-10T17:10:44.422Z",
  "runId": "cmgl3g3cz0001h6q6xmybpgpv",
  "step": 68,
  "loss": 0.24222498169941817,
  "elapsedMs": 536213,
  "parameters": {
    "w": 2.500197686645429,
    "b": 1.0115860904700489
  }
}