{
  "timestamp": "2025-10-10T20:44:32.028Z",
  "runId": "cmglbcb2y001p4nhiwgg4wuky",
  "step": 14,
  "loss": 0.31389506910549436,
  "elapsedMs": 104058,
  "parameters": {
    "w": 2.50320976235541,
    "b": 0.7598376337125304
  }
}