{
  "timestamp": "2025-10-10T19:45:07.397Z",
  "runId": "cmgl96vw2010b6wcdbnqi98ym",
  "step": 20,
  "loss": 2.6880714308904685,
  "elapsedMs": 152075,
  "parameters": {
    "w": 2.044758217197962,
    "b": 0.1529985722212477
  }
}