{
  "timestamp": "2025-10-10T20:21:03.504Z",
  "runId": "cmglaigvp002cowooff7wk6rf",
  "step": 12,
  "loss": 0.35361966514502546,
  "elapsedMs": 88031,
  "parameters": {
    "w": 2.4985164644801485,
    "b": 0.7065568972742681
  }
}