{
  "timestamp": "2025-10-10T20:51:44.204Z",
  "runId": "cmglbcb2y001p4nhiwgg4wuky",
  "step": 68,
  "loss": 0.2475749751249928,
  "elapsedMs": 536231,
  "parameters": {
    "w": 2.5051485102268836,
    "b": 0.9908905407510685
  }
}