{
  "timestamp": "2025-10-10T20:11:07.917Z",
  "runId": "cmgla4oab002f3dxhzweq11sz",
  "step": 18,
  "loss": 0.3222950543378508,
  "elapsedMs": 136151,
  "parameters": {
    "w": 2.510570426352931,
    "b": 0.7789011365673317
  }
}