{
  "timestamp": "2025-10-10T18:05:55.648Z",
  "runId": "cmgl5na850001cwva9g70z3sf",
  "step": 20,
  "loss": 0.25129078055581533,
  "elapsedMs": 152156,
  "parameters": {
    "w": 2.500705434256373,
    "b": 0.8761282410335004
  }
}