{
  "timestamp": "2025-10-10T18:02:24.439Z",
  "runId": "cmgl5ku9x01af59p3n22aaa4d",
  "step": 8,
  "loss": 0.6390605146533165,
  "elapsedMs": 56019,
  "parameters": {
    "w": 2.496134310768391,
    "b": 0.4011902727785589
  }
}