{
  "timestamp": "2025-10-10T17:16:09.792Z",
  "runId": "cmgl3kbtb0039h6q6lb066m12",
  "step": 84,
  "loss": 0.2630027713604248,
  "elapsedMs": 664425,
  "parameters": {
    "w": 2.488311900821413,
    "b": 0.9887783243423539
  }
}