{
  "timestamp": "2025-10-10T19:31:42.749Z",
  "runId": "cmgl8qo2800nl6wcd5h2kd6qf",
  "step": 14,
  "loss": 1.2290791034241133,
  "elapsedMs": 104081,
  "parameters": {
    "w": 2.319662793913292,
    "b": 0.23357657229235618
  }
}