{
  "timestamp": "2025-10-10T19:47:07.452Z",
  "runId": "cmgl96vw2010b6wcdbnqi98ym",
  "step": 35,
  "loss": 0.9070819372267577,
  "elapsedMs": 272130,
  "parameters": {
    "w": 2.36081291911295,
    "b": 0.26938065039293774
  }
}