{
  "timestamp": "2025-10-10T18:00:54.056Z",
  "runId": "cmgl5fha7011s59p318sj78n8",
  "step": 28,
  "loss": 1.1512942368479668,
  "elapsedMs": 216092,
  "parameters": {
    "w": 2.302685891375475,
    "b": 0.22574123816438918
  }
}