{
  "timestamp": "2025-10-10T19:54:06.322Z",
  "runId": "cmgl9l0fl01bh6wcdrrxrxgke",
  "step": 5,
  "loss": 27.06801131172439,
  "elapsedMs": 31938,
  "parameters": {
    "w": 0.887924083124434,
    "b": 0.0451238221044536
  }
}