{
  "timestamp": "2025-10-10T19:37:28.396Z",
  "runId": "cmgl8vo8r00ri6wcdlenesao3",
  "step": 28,
  "loss": 0.6699924624492438,
  "elapsedMs": 216118,
  "parameters": {
    "w": 2.4632259541190935,
    "b": 0.3928078061905038
  }
}