{
  "timestamp": "2025-10-10T17:06:49.979Z",
  "runId": "cmgl3kopi003ph6q6ljucg8co",
  "step": 12,
  "loss": 0.3445411032323327,
  "elapsedMs": 88033,
  "parameters": {
    "w": 2.5081198224647876,
    "b": 0.7001563860503016
  }
}