{
  "timestamp": "2025-10-10T17:45:21.227Z",
  "runId": "cmgl4zfkb00nu59p3nhm3kcwp",
  "step": 5,
  "loss": 12.363835868172893,
  "elapsedMs": 32018,
  "parameters": {
    "w": 1.5494985336943934,
    "b": 0.10253979555601032
  }
}