{
  "timestamp": "2025-10-10T17:13:14.141Z",
  "runId": "cmgl3kopi003ph6q6ljucg8co",
  "step": 60,
  "loss": 0.24949776716943692,
  "elapsedMs": 472242,
  "parameters": {
    "w": 2.508645772771336,
    "b": 0.9758622464501286
  }
}