{
  "timestamp": "2025-10-10T18:15:25.378Z",
  "runId": "cmgl60jkk0001dkqperk9p40e",
  "step": 14,
  "loss": 0.31483285006659584,
  "elapsedMs": 104093,
  "parameters": {
    "w": 2.4946702143335338,
    "b": 0.755443107576185
  }
}