{
  "timestamp": "2025-10-10T17:06:01.932Z",
  "runId": "cmgl3kopi003ph6q6ljucg8co",
  "step": 6,
  "loss": 0.5860165208587413,
  "elapsedMs": 40018,
  "parameters": {
    "w": 2.507612561294679,
    "b": 0.4555256997702426
  }
}