{
  "timestamp": "2025-10-10T18:51:28.021Z",
  "runId": "cmgl7cxp1015v4bwguml7zqxc",
  "step": 4,
  "loss": 31.762560845817838,
  "elapsedMs": 9009,
  "parameters": {
    "w": 0.7236426078052458,
    "b": 0.037214979966410294
  }
}