{
  "timestamp": "2025-10-10T20:50:40.178Z",
  "runId": "cmglbcb2y001p4nhiwgg4wuky",
  "step": 60,
  "loss": 0.2475783257076688,
  "elapsedMs": 472204,
  "parameters": {
    "w": 2.505139787569075,
    "b": 0.9898510061280129
  }
}