{
  "timestamp": "2025-10-10T18:10:39.281Z",
  "runId": "cmgl5u8r5005hcwvace9t3wiy",
  "step": 15,
  "loss": 0.42527107785777885,
  "elapsedMs": 112050,
  "parameters": {
    "w": 2.504648669017607,
    "b": 0.622887169226272
  }
}