{
  "timestamp": "2025-10-10T20:01:28.314Z",
  "runId": "cmgl9rwek01gx6wcdq62ivwmo",
  "step": 20,
  "loss": 2.7427912984298892,
  "elapsedMs": 152052,
  "parameters": {
    "w": 2.0848272827056022,
    "b": 0.2075384033891135
  }
}