{
  "timestamp": "2025-10-10T17:26:46.329Z",
  "runId": "cmgl4bpjs005d59p39f6kzn3x",
  "step": 4,
  "loss": 1.3987346244667183,
  "elapsedMs": 24019,
  "parameters": {
    "w": 2.3965103247687125,
    "b": 0.24230214941196507
  }
}