{
  "timestamp": "2025-10-10T20:38:00.148Z",
  "runId": "cmglb15x5000410aty7a0wpll",
  "step": 30,
  "loss": 0.2574549925107442,
  "elapsedMs": 232147,
  "parameters": {
    "w": 2.496252454177452,
    "b": 0.9567008939428733
  }
}