{
  "timestamp": "2025-10-10T20:15:23.813Z",
  "runId": "cmglacw590001owoouwrbu1dl",
  "step": 2,
  "loss": 2.620014753710425,
  "elapsedMs": 8002,
  "parameters": {
    "w": 2.4250358840528543,
    "b": 0.18217443222047758
  }
}