{
  "timestamp": "2025-10-10T18:17:11.950Z",
  "runId": "cmgl63irq0001phvacuo2rrtr",
  "step": 10,
  "loss": 0.4101492571935312,
  "elapsedMs": 72069,
  "parameters": {
    "w": 2.4861381094966415,
    "b": 0.6169224419700479
  }
}