{
  "timestamp": "2025-10-10T20:18:19.889Z",
  "runId": "cmglacw590001owoouwrbu1dl",
  "step": 24,
  "loss": 0.2577915035610079,
  "elapsedMs": 184079,
  "parameters": {
    "w": 2.502469656714543,
    "b": 0.9262815520722676
  }
}