{
  "timestamp": "2025-10-10T17:06:33.926Z",
  "runId": "cmgl3kopi003ph6q6ljucg8co",
  "step": 10,
  "loss": 0.39435910034759547,
  "elapsedMs": 72027,
  "parameters": {
    "w": 2.507995640039594,
    "b": 0.6350725128137
  }
}