{
  "timestamp": "2025-10-10T18:48:44.387Z",
  "runId": "cmgl7856900vy4bwg1x0y62xj",
  "step": 24,
  "loss": 1.1037346084775348,
  "elapsedMs": 69072,
  "parameters": {
    "w": 2.326362830529837,
    "b": 0.24711471293293785
  }
}