{
  "timestamp": "2025-10-10T18:16:39.910Z",
  "runId": "cmgl63irq0001phvacuo2rrtr",
  "step": 6,
  "loss": 0.6365487909461248,
  "elapsedMs": 40032,
  "parameters": {
    "w": 2.4799386627633377,
    "b": 0.4217469424617335
  }
}