{
  "timestamp": "2025-10-10T17:09:37.514Z",
  "runId": "cmgl3kbtb0039h6q6lb066m12",
  "step": 35,
  "loss": 0.26382313707531774,
  "elapsedMs": 272149,
  "parameters": {
    "w": 2.487940359190752,
    "b": 0.9631284372023441
  }
}