{
  "timestamp": "2025-10-10T17:05:48.313Z",
  "runId": "cmgl3g3cz0001h6q6xmybpgpv",
  "step": 31,
  "loss": 0.24395906847915688,
  "elapsedMs": 240103,
  "parameters": {
    "w": 2.5006882626885614,
    "b": 0.9748380722126349
  }
}