{
  "timestamp": "2025-10-10T18:41:27.160Z",
  "runId": "cmgl6yiy100c34bwgpi1gkjqk",
  "step": 28,
  "loss": 0.34005531077312656,
  "elapsedMs": 81179,
  "parameters": {
    "w": 2.5178366163914143,
    "b": 0.7271569432585501
  }
}