{
  "timestamp": "2025-10-10T17:58:29.993Z",
  "runId": "cmgl5fha7011s59p318sj78n8",
  "step": 10,
  "loss": 10.403262805718791,
  "elapsedMs": 72029,
  "parameters": {
    "w": 1.5210402409044856,
    "b": 0.07578777848143185
  }
}