{
  "timestamp": "2025-10-10T18:48:17.345Z",
  "runId": "cmgl7856900vy4bwg1x0y62xj",
  "step": 15,
  "loss": 3.0374828113953685,
  "elapsedMs": 42035,
  "parameters": {
    "w": 2.0369896971899095,
    "b": 0.15393032947450042
  }
}