{
  "timestamp": "2025-10-10T18:38:12.123Z",
  "runId": "cmgl6v8sc005d4bwg0lsq0cvg",
  "step": 14,
  "loss": 0.45341470480541046,
  "elapsedMs": 39085,
  "parameters": {
    "w": 2.5017349683657657,
    "b": 0.6106278631686838
  }
}