{
  "timestamp": "2025-10-10T19:16:32.781Z",
  "runId": "cmgl87bxu008h6wcdl4542jih",
  "step": 13,
  "loss": 0.5499544693185399,
  "elapsedMs": 96026,
  "parameters": {
    "w": 2.497571215829888,
    "b": 0.5164431436601886
  }
}