{
  "timestamp": "2025-10-10T20:06:34.371Z",
  "runId": "cmgla1jtd00013dxhvorihs03",
  "step": 2,
  "loss": 2.4269184609771712,
  "elapsedMs": 8001,
  "parameters": {
    "w": 2.437453050945323,
    "b": 0.19020087449107526
  }
}