{
  "timestamp": "2025-10-10T18:05:23.629Z",
  "runId": "cmgl5na850001cwva9g70z3sf",
  "step": 16,
  "loss": 0.27668499118633855,
  "elapsedMs": 120135,
  "parameters": {
    "w": 2.500075133076019,
    "b": 0.8107713269801102
  }
}