{
  "timestamp": "2025-10-10T18:10:23.276Z",
  "runId": "cmgl5u8r5005hcwvace9t3wiy",
  "step": 13,
  "loss": 0.4748257737982352,
  "elapsedMs": 96044,
  "parameters": {
    "w": 2.504091064497768,
    "b": 0.5693424915090786
  }
}