{
  "timestamp": "2025-10-10T17:08:04.367Z",
  "runId": "cmgl3g3cz0001h6q6xmybpgpv",
  "step": 48,
  "loss": 0.24227275099360387,
  "elapsedMs": 376159,
  "parameters": {
    "w": 2.5002712024077893,
    "b": 1.0060791795329165
  }
}