{
  "timestamp": "2025-10-10T18:11:29.692Z",
  "runId": "cmgl5xjy700013nvz1epx7c4m",
  "step": 2,
  "loss": 3.3565068037580863,
  "elapsedMs": 8000,
  "parameters": {
    "w": 2.391762745394066,
    "b": 0.2120074545620779
  }
}