{
  "timestamp": "2025-10-10T20:03:44.405Z",
  "runId": "cmgl9rwek01gx6wcdq62ivwmo",
  "step": 37,
  "loss": 0.7793518771440244,
  "elapsedMs": 288143,
  "parameters": {
    "w": 2.4179943045738446,
    "b": 0.3359743907645546
  }
}