{
  "timestamp": "2025-10-10T17:06:25.921Z",
  "runId": "cmgl3kopi003ph6q6ljucg8co",
  "step": 9,
  "loss": 0.4283387504650016,
  "elapsedMs": 64024,
  "parameters": {
    "w": 2.5079228965030063,
    "b": 0.597011936506882
  }
}