{
  "timestamp": "2025-10-10T17:15:13.721Z",
  "runId": "cmgl3kbtb0039h6q6lb066m12",
  "step": 77,
  "loss": 0.2630028632489882,
  "elapsedMs": 608353,
  "parameters": {
    "w": 2.48830955301084,
    "b": 0.9886162400125048
  }
}