{
  "timestamp": "2025-10-10T17:18:02.353Z",
  "runId": "cmgl3kopi003ph6q6ljucg8co",
  "step": 96,
  "loss": 0.24949392014846714,
  "elapsedMs": 760454,
  "parameters": {
    "w": 2.508649065247605,
    "b": 0.9775881816303333
  }
}