{
  "timestamp": "2025-10-10T19:36:56.385Z",
  "runId": "cmgl8vo8r00ri6wcdlenesao3",
  "step": 24,
  "loss": 0.7673144380673754,
  "elapsedMs": 184107,
  "parameters": {
    "w": 2.4314492744013005,
    "b": 0.3491162745637345
  }
}