{
  "timestamp": "2025-10-10T17:35:48.415Z",
  "runId": "cmgl4kebm00c359p3j7bxwbeg",
  "step": 21,
  "loss": 0.3900725335420263,
  "elapsedMs": 160090,
  "parameters": {
    "w": 2.4950623899746027,
    "b": 0.5824791822142532
  }
}