{
  "timestamp": "2025-10-10T18:48:50.384Z",
  "runId": "cmgl7856900vy4bwg1x0y62xj",
  "step": 26,
  "loss": 0.9768346502020068,
  "elapsedMs": 75075,
  "parameters": {
    "w": 2.3594715824600767,
    "b": 0.26685478283444475
  }
}