{
  "timestamp": "2025-10-10T18:47:12.211Z",
  "runId": "cmgl766gt00rw4bwglngil2h1",
  "step": 24,
  "loss": 0.7130593977605957,
  "elapsedMs": 69156,
  "parameters": {
    "w": 2.4434751811016873,
    "b": 0.3617783847591371
  }
}