{
  "timestamp": "2025-10-10T19:36:00.360Z",
  "runId": "cmgl8vo8r00ri6wcdlenesao3",
  "step": 17,
  "loss": 1.2842989686043802,
  "elapsedMs": 128083,
  "parameters": {
    "w": 2.3014962686808453,
    "b": 0.2647113397531852
  }
}