{
  "timestamp": "2025-10-10T18:51:21.934Z",
  "runId": "cmgl7cxp1015v4bwguml7zqxc",
  "step": 2,
  "loss": 44.28255652294489,
  "elapsedMs": 3005,
  "parameters": {
    "w": 0.3927311846365216,
    "b": 0.018678956333566248
  }
}