{
  "timestamp": "2025-10-10T17:06:04.320Z",
  "runId": "cmgl3g3cz0001h6q6xmybpgpv",
  "step": 33,
  "loss": 0.24336313353524403,
  "elapsedMs": 256110,
  "parameters": {
    "w": 2.5005932321365862,
    "b": 0.9819566107305278
  }
}