{
  "timestamp": "2025-10-10T18:39:31.644Z",
  "runId": "cmgl6wtld008l4bwggktwxv95",
  "step": 16,
  "loss": 0.47009684611523617,
  "elapsedMs": 45124,
  "parameters": {
    "w": 2.5000758220592254,
    "b": 0.5640592828457718
  }
}