{
  "timestamp": "2025-10-10T18:41:28.441Z",
  "runId": "cmgl70ak600fq4bwgf9uu5c69",
  "step": 1,
  "loss": 51.88217344594331,
  "elapsedMs": 0,
  "parameters": {
    "w": 0.6699610053351405,
    "b": 0.018417261389199982
  }
}