{
  "timestamp": "2025-10-10T20:51:21.583Z",
  "runId": "cmglb7cuq00014nhizxmusl2p",
  "step": 94,
  "loss": 0.25592130594081886,
  "elapsedMs": 744393,
  "parameters": {
    "w": 2.5013872264679247,
    "b": 1.0223485650710618
  }
}