{
  "timestamp": "2025-10-10T17:15:30.210Z",
  "runId": "cmgl3kopi003ph6q6ljucg8co",
  "step": 77,
  "loss": 0.24949402525640307,
  "elapsedMs": 608309,
  "parameters": {
    "w": 2.5086485793622084,
    "b": 0.9773334776840015
  }
}