{
  "timestamp": "2025-10-10T20:45:21.414Z",
  "runId": "cmglb7cuq00014nhizxmusl2p",
  "step": 49,
  "loss": 0.2559607637801526,
  "elapsedMs": 384223,
  "parameters": {
    "w": 2.50149446208759,
    "b": 1.016736681419584
  }
}