{
  "timestamp": "2025-10-10T19:17:28.799Z",
  "runId": "cmgl87bxu008h6wcdl4542jih",
  "step": 20,
  "loss": 0.3954340617914007,
  "elapsedMs": 152043,
  "parameters": {
    "w": 2.4984130098892527,
    "b": 0.6754876285906258
  }
}