{
  "timestamp": "2025-10-10T19:50:28.900Z",
  "runId": "cmgl9dryo015r6wcdpzs47l9c",
  "step": 20,
  "loss": 3.0794475565668167,
  "elapsedMs": 152081,
  "parameters": {
    "w": 2.028384912633761,
    "b": 0.1821964455987714
  }
}