{
  "timestamp": "2025-10-10T20:49:37.569Z",
  "runId": "cmglb7cuq00014nhizxmusl2p",
  "step": 81,
  "loss": 0.2559213502838582,
  "elapsedMs": 640337,
  "parameters": {
    "w": 2.5013900202844837,
    "b": 1.0222023583020827
  }
}