{
  "timestamp": "2025-10-10T20:49:12.139Z",
  "runId": "cmglbcb2y001p4nhiwgg4wuky",
  "step": 49,
  "loss": 0.24761593169895763,
  "elapsedMs": 384165,
  "parameters": {
    "w": 2.5051063170738597,
    "b": 0.9858621142797543
  }
}