{
  "timestamp": "2025-10-10T17:51:22.793Z",
  "runId": "cmgl54fs100rr59p3m5p675ua",
  "step": 21,
  "loss": 0.8684954254222489,
  "elapsedMs": 160106,
  "parameters": {
    "w": 2.3972034345082354,
    "b": 0.313868657493496
  }
}