{
  "timestamp": "2025-10-10T18:43:36.072Z",
  "runId": "cmgl72bgt00jx4bwgrwqopomd",
  "step": 12,
  "loss": 1.0967508086216153,
  "elapsedMs": 33069,
  "parameters": {
    "w": 2.3648663439415416,
    "b": 0.23691318877370401
  }
}