{
  "timestamp": "2025-10-10T18:00:46.064Z",
  "runId": "cmgl5fha7011s59p318sj78n8",
  "step": 27,
  "loss": 1.227033209155698,
  "elapsedMs": 208091,
  "parameters": {
    "w": 2.2855114820430096,
    "b": 0.21768814630649946
  }
}