{
  "timestamp": "2025-10-10T20:07:14.384Z",
  "runId": "cmgla1jtd00013dxhvorihs03",
  "step": 7,
  "loss": 0.5449311566084621,
  "elapsedMs": 48014,
  "parameters": {
    "w": 2.5017549847051392,
    "b": 0.5237027367513649
  }
}