{
  "timestamp": "2025-10-10T17:12:50.193Z",
  "runId": "cmgl3kopi003ph6q6ljucg8co",
  "step": 57,
  "loss": 0.24950116058963223,
  "elapsedMs": 448234,
  "parameters": {
    "w": 2.5086445206484784,
    "b": 0.9752058763771685
  }
}