{
  "timestamp": "2025-10-10T18:50:31.304Z",
  "runId": "cmgl7afsf010p4bwg8hj2ac1n",
  "step": 24,
  "loss": 1.441988626826186,
  "elapsedMs": 69089,
  "parameters": {
    "w": 2.278805658840144,
    "b": 0.24144754525563336
  }
}