{
  "timestamp": "2025-10-10T20:52:40.227Z",
  "runId": "cmglbcb2y001p4nhiwgg4wuky",
  "step": 75,
  "loss": 0.24757438686680433,
  "elapsedMs": 592256,
  "parameters": {
    "w": 2.5051519511924343,
    "b": 0.991300622506563
  }
}