{
  "timestamp": "2025-10-10T20:35:28.212Z",
  "runId": "cmglb15x5000410aty7a0wpll",
  "step": 11,
  "loss": 0.372570774432118,
  "elapsedMs": 80071,
  "parameters": {
    "w": 2.498010346125633,
    "b": 0.6901269265390482
  }
}