{
  "timestamp": "2025-10-10T19:29:09.288Z",
  "runId": "cmgl8lu1b00jt6wcdu8xpy8ib",
  "step": 23,
  "loss": 0.5464010625075213,
  "elapsedMs": 176135,
  "parameters": {
    "w": 2.481913355720242,
    "b": 0.42033918362391687
  }
}