{
  "timestamp": "2025-10-10T18:39:22.618Z",
  "runId": "cmgl6wtld008l4bwggktwxv95",
  "step": 13,
  "loss": 0.5483497581261463,
  "elapsedMs": 36098,
  "parameters": {
    "w": 2.4976936538768957,
    "b": 0.4896945434513489
  }
}