{
  "timestamp": "2025-10-10T17:33:56.297Z",
  "runId": "cmgl4kebm00c359p3j7bxwbeg",
  "step": 7,
  "loss": 1.133653333708169,
  "elapsedMs": 48033,
  "parameters": {
    "w": 2.357093960111941,
    "b": 0.2717579536523361
  }
}