{
  "timestamp": "2025-10-10T18:47:03.195Z",
  "runId": "cmgl766gt00rw4bwglngil2h1",
  "step": 21,
  "loss": 0.8324233131456064,
  "elapsedMs": 60143,
  "parameters": {
    "w": 2.4055794883180757,
    "b": 0.32821675894985547
  }
}