{
  "timestamp": "2025-10-10T19:54:46.331Z",
  "runId": "cmgl9l0fl01bh6wcdrrxrxgke",
  "step": 10,
  "loss": 11.842904388056013,
  "elapsedMs": 71950,
  "parameters": {
    "w": 1.4591553927790837,
    "b": 0.0899543321078291
  }
}