{
  "timestamp": "2025-10-10T17:13:32.527Z",
  "runId": "cmgl3g3cz0001h6q6xmybpgpv",
  "step": 89,
  "loss": 0.2422242694543372,
  "elapsedMs": 704318,
  "parameters": {
    "w": 2.500188598374106,
    "b": 1.0122668737353049
  }
}