{
  "timestamp": "2025-10-10T19:07:31.838Z",
  "runId": "cmgl7wdqj00026wcditavcuvj",
  "step": 9,
  "loss": 0.43621422705822194,
  "elapsedMs": 64017,
  "parameters": {
    "w": 2.509625844719215,
    "b": 0.6223167542614995
  }
}