{
  "timestamp": "2025-10-10T20:02:40.348Z",
  "runId": "cmgl9rwek01gx6wcdq62ivwmo",
  "step": 29,
  "loss": 1.1468601545982393,
  "elapsedMs": 224086,
  "parameters": {
    "w": 2.320149580436077,
    "b": 0.27907768663079485
  }
}