{
  "timestamp": "2025-10-10T19:09:33.396Z",
  "runId": "cmgl7zjlv002g6wcdql2u3d53",
  "step": 6,
  "loss": 0.6477880001233859,
  "elapsedMs": 40018,
  "parameters": {
    "w": 2.4921438984973783,
    "b": 0.40464063209499856
  }
}