{
  "timestamp": "2025-10-10T19:07:07.826Z",
  "runId": "cmgl7wdqj00026wcditavcuvj",
  "step": 6,
  "loss": 0.5975308081645807,
  "elapsedMs": 40007,
  "parameters": {
    "w": 2.510304490679255,
    "b": 0.4792068614690165
  }
}