{
  "timestamp": "2025-10-10T17:08:33.488Z",
  "runId": "cmgl3kbtb0039h6q6lb066m12",
  "step": 27,
  "loss": 0.26741847734739493,
  "elapsedMs": 208124,
  "parameters": {
    "w": 2.4874470718334947,
    "b": 0.9290736664927602
  }
}