{
  "timestamp": "2025-10-10T17:11:56.483Z",
  "runId": "cmgl3g3cz0001h6q6xmybpgpv",
  "step": 77,
  "loss": 0.24222436926249052,
  "elapsedMs": 608275,
  "parameters": {
    "w": 2.5001914381889887,
    "b": 1.0120541491829693
  }
}