{
  "timestamp": "2025-10-10T18:40:12.002Z",
  "runId": "cmgl6yiy100c34bwgpi1gkjqk",
  "step": 3,
  "loss": 11.20026440214472,
  "elapsedMs": 6018,
  "parameters": {
    "w": 1.8002738564818073,
    "b": 0.16911941040934814
  }
}