{
  "timestamp": "2025-10-10T18:35:29.818Z",
  "runId": "cmgl6slj300014bwgepuoxl5u",
  "step": 1,
  "loss": 54.46768437948854,
  "elapsedMs": 0,
  "parameters": {
    "w": 2.1191972483758685,
    "b": 0.10695457577814071
  }
}