{
  "timestamp": "2025-10-10T18:51:52.047Z",
  "runId": "cmgl7cxp1015v4bwguml7zqxc",
  "step": 12,
  "loss": 8.833212107952,
  "elapsedMs": 33116,
  "parameters": {
    "w": 1.6021689674581285,
    "b": 0.10935539302866812
  }
}