{
  "timestamp": "2025-10-10T17:58:46.001Z",
  "runId": "cmgl5h0vn014459p363ew48tj",
  "step": 3,
  "loss": 1.7217852789334238,
  "elapsedMs": 16004,
  "parameters": {
    "w": 2.39785448306661,
    "b": 0.21738254284613603
  }
}