{
  "timestamp": "2025-10-10T20:31:33.067Z",
  "runId": "cmglas6ov0002lfunaib5ijsh",
  "step": 34,
  "loss": 0.257867023389062,
  "elapsedMs": 264130,
  "parameters": {
    "w": 2.4966320710785257,
    "b": 0.9812037313631946
  }
}