{
  "timestamp": "2025-10-10T17:31:05.858Z",
  "runId": "cmgl4fvzq008l59p3ozsfa6tx",
  "step": 12,
  "loss": 0.5151683688984044,
  "elapsedMs": 88048,
  "parameters": {
    "w": 2.503379158754123,
    "b": 0.4703517526006549
  }
}