{
  "timestamp": "2025-10-10T18:53:01.202Z",
  "runId": "cmgl7cxp1015v4bwguml7zqxc",
  "step": 35,
  "loss": 0.9173130823771858,
  "elapsedMs": 102274,
  "parameters": {
    "w": 2.370795150682929,
    "b": 0.29310857856240674
  }
}