{
  "timestamp": "2025-10-10T20:45:37.420Z",
  "runId": "cmglb7cuq00014nhizxmusl2p",
  "step": 51,
  "loss": 0.2559472244142104,
  "elapsedMs": 400228,
  "parameters": {
    "w": 2.501473958319518,
    "b": 1.01780969019406
  }
}