{
  "timestamp": "2025-10-10T17:05:56.316Z",
  "runId": "cmgl3g3cz0001h6q6xmybpgpv",
  "step": 32,
  "loss": 0.2436298657119743,
  "elapsedMs": 248107,
  "parameters": {
    "w": 2.5006382500702995,
    "b": 0.9785844121220522
  }
}