{
  "timestamp": "2025-10-10T18:10:31.276Z",
  "runId": "cmgl5u8r5005hcwvace9t3wiy",
  "step": 14,
  "loss": 0.44841245256519324,
  "elapsedMs": 104047,
  "parameters": {
    "w": 2.504401541244165,
    "b": 0.596999299266125
  }
}