{
  "timestamp": "2025-10-10T18:37:51.081Z",
  "runId": "cmgl6v8sc005d4bwg0lsq0cvg",
  "step": 7,
  "loss": 0.7563978080138044,
  "elapsedMs": 18044,
  "parameters": {
    "w": 2.4855578882098617,
    "b": 0.3680817710722277
  }
}