{
  "timestamp": "2025-10-10T17:14:12.543Z",
  "runId": "cmgl3g3cz0001h6q6xmybpgpv",
  "step": 94,
  "loss": 0.2422242638023813,
  "elapsedMs": 744334,
  "parameters": {
    "w": 2.5001881400172348,
    "b": 1.0123012082832512
  }
}