{
  "timestamp": "2025-10-10T17:11:45.635Z",
  "runId": "cmgl3kbtb0039h6q6lb066m12",
  "step": 51,
  "loss": 0.2630310618706238,
  "elapsedMs": 400271,
  "parameters": {
    "w": 2.4882446290368607,
    "b": 0.9841341242337645
  }
}