{
  "timestamp": "2025-10-10T20:42:25.337Z",
  "runId": "cmglb7cuq00014nhizxmusl2p",
  "step": 27,
  "loss": 0.259936756987549,
  "elapsedMs": 208144,
  "parameters": {
    "w": 2.5024776647245184,
    "b": 0.9652834532711864
  }
}