{
  "timestamp": "2025-10-10T17:14:20.547Z",
  "runId": "cmgl3g3cz0001h6q6xmybpgpv",
  "step": 95,
  "loss": 0.24222426322692123,
  "elapsedMs": 752336,
  "parameters": {
    "w": 2.500188073893793,
    "b": 1.0123061614510158
  }
}