{
  "timestamp": "2025-10-10T18:53:13.208Z",
  "runId": "cmgl7cxp1015v4bwguml7zqxc",
  "step": 39,
  "loss": 0.8017345663288719,
  "elapsedMs": 114281,
  "parameters": {
    "w": 2.4070092492488517,
    "b": 0.3212912590938125
  }
}