{
  "timestamp": "2025-10-10T17:41:43.523Z",
  "runId": "cmgl4urll00k759p3ddddxdkz",
  "step": 5,
  "loss": 8.39810983168357,
  "elapsedMs": 32013,
  "parameters": {
    "w": 1.75895989130338,
    "b": 0.14091128767353783
  }
}