{
  "timestamp": "2025-10-10T19:12:47.033Z",
  "runId": "cmgl836h500596wcddnzwnuoz",
  "step": 9,
  "loss": 0.5933298948907991,
  "elapsedMs": 64024,
  "parameters": {
    "w": 2.4939681533000124,
    "b": 0.44701580607899494
  }
}