{
  "timestamp": "2025-10-10T17:13:56.535Z",
  "runId": "cmgl3g3cz0001h6q6xmybpgpv",
  "step": 92,
  "loss": 0.2422242653891978,
  "elapsedMs": 728327,
  "parameters": {
    "w": 2.5001882950870176,
    "b": 1.0122895923323862
  }
}