{
  "timestamp": "2025-10-10T17:10:36.417Z",
  "runId": "cmgl3g3cz0001h6q6xmybpgpv",
  "step": 67,
  "loss": 0.2422251505462944,
  "elapsedMs": 528208,
  "parameters": {
    "w": 2.5001988192918785,
    "b": 1.0115012463098283
  }
}