{
  "timestamp": "2025-10-10T17:06:33.397Z",
  "runId": "cmgl3kbtb0039h6q6lb066m12",
  "step": 12,
  "loss": 0.3666581499599331,
  "elapsedMs": 88032,
  "parameters": {
    "w": 2.484113493993267,
    "b": 0.6989361166731854
  }
}