{
  "timestamp": "2025-10-10T17:04:52.294Z",
  "runId": "cmgl3g3cz0001h6q6xmybpgpv",
  "step": 24,
  "loss": 0.24979202893514907,
  "elapsedMs": 184083,
  "parameters": {
    "w": 2.50123342413519,
    "b": 0.9340011763339809
  }
}