{
  "timestamp": "2025-10-10T17:14:58.194Z",
  "runId": "cmgl3kopi003ph6q6ljucg8co",
  "step": 73,
  "loss": 0.24949416689936968,
  "elapsedMs": 576296,
  "parameters": {
    "w": 2.5086482849123373,
    "b": 0.977179125351632
  }
}