{
  "timestamp": "2025-10-10T19:39:21.890Z",
  "runId": "cmgl90un200vk6wcdsop962ok",
  "step": 12,
  "loss": 5.101553619540802,
  "elapsedMs": 88042,
  "parameters": {
    "w": 1.868283769663972,
    "b": 0.13875961945400353
  }
}