{
  "timestamp": "2025-10-10T19:50:52.928Z",
  "runId": "cmgl9dryo015r6wcdpzs47l9c",
  "step": 23,
  "loss": 2.203968391448637,
  "elapsedMs": 176109,
  "parameters": {
    "w": 2.1332005916157515,
    "b": 0.20691659689079245
  }
}