{
  "timestamp": "2025-10-10T19:49:40.864Z",
  "runId": "cmgl9dryo015r6wcdpzs47l9c",
  "step": 14,
  "loss": 6.803521941949317,
  "elapsedMs": 104045,
  "parameters": {
    "w": 1.72133231491083,
    "b": 0.1306817943531875
  }
}