{
  "timestamp": "2025-10-10T19:29:01.286Z",
  "runId": "cmgl8lu1b00jt6wcdu8xpy8ib",
  "step": 22,
  "loss": 0.5628444347766521,
  "elapsedMs": 168132,
  "parameters": {
    "w": 2.4796782166430607,
    "b": 0.4061920269621271
  }
}