{
  "timestamp": "2025-10-10T20:54:00.253Z",
  "runId": "cmglbcb2y001p4nhiwgg4wuky",
  "step": 85,
  "loss": 0.24757423345510907,
  "elapsedMs": 672282,
  "parameters": {
    "w": 2.50515400683363,
    "b": 0.9915456063454864
  }
}