{
  "timestamp": "2025-10-10T18:50:43.321Z",
  "runId": "cmgl7afsf010p4bwg8hj2ac1n",
  "step": 28,
  "loss": 1.0747475832045306,
  "elapsedMs": 81106,
  "parameters": {
    "w": 2.354687666212408,
    "b": 0.2742866322075032
  }
}