{
  "timestamp": "2025-10-10T19:33:26.824Z",
  "runId": "cmgl8qo2800nl6wcd5h2kd6qf",
  "step": 27,
  "loss": 0.5967666424878719,
  "elapsedMs": 208157,
  "parameters": {
    "w": 2.4847786076064233,
    "b": 0.41462746348217816
  }
}