{
  "timestamp": "2025-10-10T19:55:50.359Z",
  "runId": "cmgl9l0fl01bh6wcdrrxrxgke",
  "step": 18,
  "loss": 3.632198744005041,
  "elapsedMs": 135978,
  "parameters": {
    "w": 1.9808571650802087,
    "b": 0.1595083489688252
  }
}