{
  "timestamp": "2025-10-10T18:37:04.520Z",
  "runId": "cmgl6tsm0002f4bwgl80qap6b",
  "step": 14,
  "loss": 0.3581805687626362,
  "elapsedMs": 39083,
  "parameters": {
    "w": 2.492387572287388,
    "b": 0.685805349680614
  }
}