{
  "timestamp": "2025-10-10T20:50:49.569Z",
  "runId": "cmglb7cuq00014nhizxmusl2p",
  "step": 90,
  "loss": 0.25592131001009283,
  "elapsedMs": 712374,
  "parameters": {
    "w": 2.5013877264353463,
    "b": 1.0223224006397955
  }
}