{
  "timestamp": "2025-10-10T20:31:09.134Z",
  "runId": "cmglas6ov0002lfunaib5ijsh",
  "step": 31,
  "loss": 0.2587279345600057,
  "elapsedMs": 240124,
  "parameters": {
    "w": 2.4966244204418557,
    "b": 0.9707490962195771
  }
}