{
  "timestamp": "2025-10-10T19:49:48.868Z",
  "runId": "cmgl9dryo015r6wcdpzs47l9c",
  "step": 15,
  "loss": 5.906074957156825,
  "elapsedMs": 112048,
  "parameters": {
    "w": 1.7836945676267337,
    "b": 0.1394600430128188
  }
}