{
  "timestamp": "2025-10-10T17:14:33.696Z",
  "runId": "cmgl3kbtb0039h6q6lb066m12",
  "step": 72,
  "loss": 0.26300308540054657,
  "elapsedMs": 568330,
  "parameters": {
    "w": 2.4883064349881705,
    "b": 0.9884009830319228
  }
}