{
  "timestamp": "2025-10-10T17:55:16.378Z",
  "runId": "cmgl59m5400vt59p3z5r7qzff",
  "step": 20,
  "loss": 1.4949338645530568,
  "elapsedMs": 152131,
  "parameters": {
    "w": 2.2605349696815127,
    "b": 0.25298148216526084
  }
}