{
  "timestamp": "2025-10-10T17:44:07.633Z",
  "runId": "cmgl4urll00k759p3ddddxdkz",
  "step": 23,
  "loss": 0.5202776574933987,
  "elapsedMs": 176125,
  "parameters": {
    "w": 2.492935936490866,
    "b": 0.4601940956793725
  }
}