{
  "timestamp": "2025-10-10T19:55:26.352Z",
  "runId": "cmgl9l0fl01bh6wcdrrxrxgke",
  "step": 15,
  "loss": 5.496477353160724,
  "elapsedMs": 111969,
  "parameters": {
    "w": 1.826681764484296,
    "b": 0.1338217849123742
  }
}