{
  "timestamp": "2025-10-10T18:06:37.055Z",
  "runId": "cmgl5qlvy002ncwvauonxnqvu",
  "step": 6,
  "loss": 0.6231539259598873,
  "elapsedMs": 40012,
  "parameters": {
    "w": 2.5108036159510436,
    "b": 0.42188206231773207
  }
}