{
  "timestamp": "2025-10-10T17:26:22.309Z",
  "runId": "cmgl4bpjs005d59p39f6kzn3x",
  "step": 1,
  "loss": 54.7434550807416,
  "elapsedMs": 0,
  "parameters": {
    "w": 1.3668764395407123,
    "b": 0.06917261874321881
  }
}