{
  "timestamp": "2025-10-10T17:09:06.031Z",
  "runId": "cmgl3kopi003ph6q6ljucg8co",
  "step": 29,
  "loss": 0.2521377195359353,
  "elapsedMs": 224135,
  "parameters": {
    "w": 2.508560861316061,
    "b": 0.931351168500255
  }
}