{
  "timestamp": "2025-10-10T17:38:30.009Z",
  "runId": "cmgl4p8ro00fv59p3xmz642an",
  "step": 13,
  "loss": 0.8240633933041943,
  "elapsedMs": 96039,
  "parameters": {
    "w": 2.415100862886053,
    "b": 0.2822125823650794
  }
}