{
  "timestamp": "2025-10-10T17:47:53.294Z",
  "runId": "cmgl4zfkb00nu59p3nhm3kcwp",
  "step": 24,
  "loss": 0.6241218456937374,
  "elapsedMs": 184081,
  "parameters": {
    "w": 2.4829604975952075,
    "b": 0.4047233481119729
  }
}