{
  "timestamp": "2025-10-10T18:41:34.460Z",
  "runId": "cmgl70ak600fq4bwgf9uu5c69",
  "step": 3,
  "loss": 15.513675599449721,
  "elapsedMs": 6017,
  "parameters": {
    "w": 1.5155505200921928,
    "b": 0.06358025652282953
  }
}