{
  "timestamp": "2025-10-10T20:21:33.693Z",
  "runId": "cmglaifc40028owootgmhaq8r",
  "step": 16,
  "loss": 0.33069918942774545,
  "elapsedMs": 120043,
  "parameters": {
    "w": 2.4942262029457387,
    "b": 0.7247873352874591
  }
}