{
  "timestamp": "2025-10-10T19:41:21.942Z",
  "runId": "cmgl90un200vk6wcdsop962ok",
  "step": 27,
  "loss": 0.8724790175100163,
  "elapsedMs": 208093,
  "parameters": {
    "w": 2.3921402212164136,
    "b": 0.2919078002406111
  }
}