{
  "timestamp": "2025-10-10T18:47:41.313Z",
  "runId": "cmgl7856900vy4bwg1x0y62xj",
  "step": 3,
  "loss": 32.7006554777737,
  "elapsedMs": 6006,
  "parameters": {
    "w": 0.7202151699809183,
    "b": 0.027849267446749
  }
}