{
  "timestamp": "2025-10-10T17:26:12.944Z",
  "runId": "cmgl482qh002k59p30ih5wuub",
  "step": 21,
  "loss": 0.280941697389547,
  "elapsedMs": 160129,
  "parameters": {
    "w": 2.5039393169442548,
    "b": 0.8125689925290493
  }
}