{
  "timestamp": "2025-10-10T20:07:06.381Z",
  "runId": "cmgla1jtd00013dxhvorihs03",
  "step": 6,
  "loss": 0.611910021845773,
  "elapsedMs": 40011,
  "parameters": {
    "w": 2.501701023349224,
    "b": 0.47026689422137885
  }
}