{
  "timestamp": "2025-10-10T19:17:52.807Z",
  "runId": "cmgl87bxu008h6wcdl4542jih",
  "step": 23,
  "loss": 0.35700483692368856,
  "elapsedMs": 176051,
  "parameters": {
    "w": 2.4982272673151735,
    "b": 0.7276572423015406
  }
}