{
  "timestamp": "2025-10-10T18:43:45.092Z",
  "runId": "cmgl72bgt00jx4bwgrwqopomd",
  "step": 15,
  "loss": 0.8497283045072075,
  "elapsedMs": 42089,
  "parameters": {
    "w": 2.428258196628944,
    "b": 0.29577482784850556
  }
}