{
  "timestamp": "2025-10-10T20:21:11.505Z",
  "runId": "cmglaigvp002cowooff7wk6rf",
  "step": 13,
  "loss": 0.3343129798797958,
  "elapsedMs": 96033,
  "parameters": {
    "w": 2.4987697351349407,
    "b": 0.7352464564518425
  }
}