{
  "timestamp": "2025-10-10T20:06:50.375Z",
  "runId": "cmgla1jtd00013dxhvorihs03",
  "step": 4,
  "loss": 0.7975721854684015,
  "elapsedMs": 24006,
  "parameters": {
    "w": 2.5000527097829193,
    "b": 0.3449241044125054
  }
}