{
  "timestamp": "2025-10-10T19:34:08.294Z",
  "runId": "cmgl8vo8r00ri6wcdlenesao3",
  "step": 3,
  "loss": 29.691691031227258,
  "elapsedMs": 16017,
  "parameters": {
    "w": 0.8981166580786886,
    "b": 0.055394937622682675
  }
}