{
  "timestamp": "2025-10-10T17:09:08.381Z",
  "runId": "cmgl3g3cz0001h6q6xmybpgpv",
  "step": 56,
  "loss": 0.2422332671369532,
  "elapsedMs": 440172,
  "parameters": {
    "w": 2.5002235607151784,
    "b": 1.0096479183948868
  }
}