{
  "timestamp": "2025-10-10T19:57:10.385Z",
  "runId": "cmgl9l0fl01bh6wcdrrxrxgke",
  "step": 28,
  "loss": 1.3344567004264847,
  "elapsedMs": 216003,
  "parameters": {
    "w": 2.279267372733927,
    "b": 0.2410340398944063
  }
}