{
  "timestamp": "2025-10-10T17:09:05.498Z",
  "runId": "cmgl3kbtb0039h6q6lb066m12",
  "step": 31,
  "loss": 0.2649060666285543,
  "elapsedMs": 240135,
  "parameters": {
    "w": 2.4877448553107135,
    "b": 0.9496315581325963
  }
}