{
  "timestamp": "2025-10-10T20:46:56.083Z",
  "runId": "cmglbcb2y001p4nhiwgg4wuky",
  "step": 32,
  "loss": 0.2490713494497716,
  "elapsedMs": 248112,
  "parameters": {
    "w": 2.504862825925402,
    "b": 0.9568437250702122
  }
}