{
  "timestamp": "2025-10-10T19:58:46.411Z",
  "runId": "cmgl9l0fl01bh6wcdrrxrxgke",
  "step": 40,
  "loss": 0.8060364078097623,
  "elapsedMs": 312028,
  "parameters": {
    "w": 2.4171820264941886,
    "b": 0.329928293504983
  }
}