{
  "timestamp": "2025-10-10T17:46:57.263Z",
  "runId": "cmgl4zfkb00nu59p3nhm3kcwp",
  "step": 17,
  "loss": 0.8614227229661546,
  "elapsedMs": 128052,
  "parameters": {
    "w": 2.412530972919961,
    "b": 0.30736966348884837
  }
}