{
  "timestamp": "2025-10-10T19:12:15.019Z",
  "runId": "cmgl836h500596wcddnzwnuoz",
  "step": 5,
  "loss": 0.9444902662612841,
  "elapsedMs": 32012,
  "parameters": {
    "w": 2.4439099072192105,
    "b": 0.2795417266277076
  }
}