{
  "timestamp": "2025-10-10T18:02:48.367Z",
  "runId": "cmgl5m7by01ch59p3aivgbmz9",
  "step": 3,
  "loss": 39.52149652887729,
  "elapsedMs": 16009,
  "parameters": {
    "w": 0.6123236646197887,
    "b": 0.02707022341492213
  }
}