{
  "timestamp": "2025-10-10T20:41:37.277Z",
  "runId": "cmglb7cuq00014nhizxmusl2p",
  "step": 21,
  "loss": 0.2700874922761738,
  "elapsedMs": 160083,
  "parameters": {
    "w": 2.5034362101172385,
    "b": 0.9151205947415502
  }
}