{
  "timestamp": "2025-10-10T18:39:13.591Z",
  "runId": "cmgl6wtld008l4bwggktwxv95",
  "step": 10,
  "loss": 0.6589892988875042,
  "elapsedMs": 27071,
  "parameters": {
    "w": 2.4872038775338363,
    "b": 0.4026624064631464
  }
}