{
  "timestamp": "2025-10-10T20:12:21.895Z",
  "runId": "cmgla7z4y004y3dxh5c4aap3d",
  "step": 8,
  "loss": 0.5899387419119809,
  "elapsedMs": 56021,
  "parameters": {
    "w": 2.50498679697158,
    "b": 0.4440522211563764
  }
}