{
  "timestamp": "2025-10-10T17:58:12.519Z",
  "runId": "cmgl5dqby00yz59p3mdjadbc9",
  "step": 18,
  "loss": 0.27250368469599145,
  "elapsedMs": 136063,
  "parameters": {
    "w": 2.5002911842423137,
    "b": 0.8265762019230354
  }
}