{
  "timestamp": "2025-10-10T19:53:58.317Z",
  "runId": "cmgl9l0fl01bh6wcdrrxrxgke",
  "step": 4,
  "loss": 32.07001978999902,
  "elapsedMs": 23935,
  "parameters": {
    "w": 0.7402171718246584,
    "b": 0.03609469523824601
  }
}