{
  "timestamp": "2025-10-10T17:58:13.985Z",
  "runId": "cmgl5fha7011s59p318sj78n8",
  "step": 8,
  "loss": 14.758045702099952,
  "elapsedMs": 56020,
  "parameters": {
    "w": 1.3208209649702152,
    "b": 0.05939961942817788
  }
}