{
  "timestamp": "2025-10-10T19:34:16.301Z",
  "runId": "cmgl8vo8r00ri6wcdlenesao3",
  "step": 4,
  "loss": 22.35521832819649,
  "elapsedMs": 24023,
  "parameters": {
    "w": 1.119128918216331,
    "b": 0.07278245088921917
  }
}