{
  "timestamp": "2025-10-10T18:37:39.049Z",
  "runId": "cmgl6v8sc005d4bwg0lsq0cvg",
  "step": 3,
  "loss": 3.7724862187606925,
  "elapsedMs": 6011,
  "parameters": {
    "w": 2.223326796550401,
    "b": 0.17163581397167174
  }
}