{
  "timestamp": "2025-10-10T17:59:18.017Z",
  "runId": "cmgl5fha7011s59p318sj78n8",
  "step": 16,
  "loss": 3.974017525874963,
  "elapsedMs": 120051,
  "parameters": {
    "w": 1.936076229888887,
    "b": 0.1261950277622205
  }
}