{
  "timestamp": "2025-10-10T18:02:32.383Z",
  "runId": "cmgl5m7by01ch59p3aivgbmz9",
  "step": 1,
  "loss": 57.01243460194691,
  "elapsedMs": 0,
  "parameters": {
    "w": 0.2235397150515324,
    "b": 0.00901925870236636
  }
}