{
  "timestamp": "2025-10-10T17:01:20.751Z",
  "runId": "cmgl3d9qe00011qpodoj7t04t",
  "step": 14,
  "loss": 0.3083696471456567,
  "elapsedMs": 104033,
  "parameters": {
    "w": 2.493991999863901,
    "b": 0.7766522304410346
  }
}