{
  "timestamp": "2025-10-10T17:37:01.973Z",
  "runId": "cmgl4p8ro00fv59p3xmz642an",
  "step": 2,
  "loss": 27.446584359833107,
  "elapsedMs": 8004,
  "parameters": {
    "w": 1.1078681415618234,
    "b": 0.025012663298157524
  }
}