{
  "timestamp": "2025-10-10T18:09:27.254Z",
  "runId": "cmgl5u8r5005hcwvace9t3wiy",
  "step": 6,
  "loss": 0.8332201680102176,
  "elapsedMs": 40021,
  "parameters": {
    "w": 2.4713652252242424,
    "b": 0.3151640886906495
  }
}