{
  "timestamp": "2025-10-10T18:42:04.500Z",
  "runId": "cmgl70ak600fq4bwgf9uu5c69",
  "step": 13,
  "loss": 0.7730170124969324,
  "elapsedMs": 36056,
  "parameters": {
    "w": 2.4404364836669914,
    "b": 0.3096192752022863
  }
}