{
  "timestamp": "2025-10-10T19:54:30.328Z",
  "runId": "cmgl9l0fl01bh6wcdrrxrxgke",
  "step": 8,
  "loss": 16.40016635904468,
  "elapsedMs": 55946,
  "parameters": {
    "w": 1.2603365714266066,
    "b": 0.07210775853889327
  }
}