{
  "timestamp": "2025-10-10T17:59:58.044Z",
  "runId": "cmgl5fha7011s59p318sj78n8",
  "step": 21,
  "loss": 2.084090561496542,
  "elapsedMs": 160066,
  "parameters": {
    "w": 2.1399487260752323,
    "b": 0.16830343013156876
  }
}