{
  "timestamp": "2025-10-10T18:47:21.216Z",
  "runId": "cmgl766gt00rw4bwglngil2h1",
  "step": 27,
  "loss": 0.6428146800171013,
  "elapsedMs": 78161,
  "parameters": {
    "w": 2.467376841872417,
    "b": 0.39345665937885266
  }
}