{
  "timestamp": "2025-10-10T18:40:24.026Z",
  "runId": "cmgl6yiy100c34bwgpi1gkjqk",
  "step": 7,
  "loss": 1.1516294057298049,
  "elapsedMs": 18042,
  "parameters": {
    "w": 2.390468542949222,
    "b": 0.3151671682344615
  }
}