{
  "timestamp": "2025-10-10T20:44:01.536Z",
  "runId": "cmglb7cuq00014nhizxmusl2p",
  "step": 39,
  "loss": 0.25624392777953153,
  "elapsedMs": 304188,
  "parameters": {
    "w": 2.501695628985404,
    "b": 1.0062091605400023
  }
}