{
  "timestamp": "2025-10-10T17:45:53.239Z",
  "runId": "cmgl4zfkb00nu59p3nhm3kcwp",
  "step": 9,
  "loss": 3.3779421664664677,
  "elapsedMs": 64028,
  "parameters": {
    "w": 2.0639132387995307,
    "b": 0.17678153428219218
  }
}