{
  "timestamp": "2025-10-10T20:53:04.242Z",
  "runId": "cmglbcb2y001p4nhiwgg4wuky",
  "step": 78,
  "loss": 0.24757430505423111,
  "elapsedMs": 616270,
  "parameters": {
    "w": 2.5051528063667505,
    "b": 0.9914025390702667
  }
}