{
  "timestamp": "2025-10-10T18:16:23.902Z",
  "runId": "cmgl63irq0001phvacuo2rrtr",
  "step": 4,
  "loss": 0.8465416529084023,
  "elapsedMs": 24023,
  "parameters": {
    "w": 2.4725267475818993,
    "b": 0.2890134454703425
  }
}