{
  "timestamp": "2025-10-10T19:21:54.300Z",
  "runId": "cmgl8btqb00bz6wcdppfmiop5",
  "step": 27,
  "loss": 0.40416482780653507,
  "elapsedMs": 208086,
  "parameters": {
    "w": 2.5007049450764343,
    "b": 0.6739290836302647
  }
}