{
  "timestamp": "2025-10-10T19:25:39.794Z",
  "runId": "cmgl8gnp400fr6wcdg48gl9pr",
  "step": 27,
  "loss": 0.44997374324727024,
  "elapsedMs": 208163,
  "parameters": {
    "w": 2.504909972523858,
    "b": 0.613546190660263
  }
}