{
  "timestamp": "2025-10-10T17:30:57.853Z",
  "runId": "cmgl4fvzq008l59p3ozsfa6tx",
  "step": 11,
  "loss": 0.5470051681438717,
  "elapsedMs": 80043,
  "parameters": {
    "w": 2.5013157480734325,
    "b": 0.44311146666990864
  }
}