{
  "timestamp": "2025-10-10T18:05:31.677Z",
  "runId": "cmgl5na850001cwva9g70z3sf",
  "step": 17,
  "loss": 0.26821488601122034,
  "elapsedMs": 128149,
  "parameters": {
    "w": 2.5002583946278083,
    "b": 0.8297740034790205
  }
}