{
  "timestamp": "2025-10-10T19:07:47.844Z",
  "runId": "cmgl7wdqj00026wcditavcuvj",
  "step": 11,
  "loss": 0.3732855926732463,
  "elapsedMs": 80021,
  "parameters": {
    "w": 2.509228695802533,
    "b": 0.6954653223850628
  }
}