{
  "timestamp": "2025-10-10T20:20:53.684Z",
  "runId": "cmglaifc40028owootgmhaq8r",
  "step": 11,
  "loss": 0.4427955192087986,
  "elapsedMs": 80032,
  "parameters": {
    "w": 2.492553423501371,
    "b": 0.5851565433625557
  }
}