{
  "timestamp": "2025-10-10T18:36:25.436Z",
  "runId": "cmgl6tsm0002f4bwgl80qap6b",
  "step": 1,
  "loss": 51.45480161560457,
  "elapsedMs": 0,
  "parameters": {
    "w": 1.6168239950447865,
    "b": 0.059138657143333155
  }
}