{
  "timestamp": "2025-10-10T17:39:26.036Z",
  "runId": "cmgl4p8ro00fv59p3xmz642an",
  "step": 20,
  "loss": 0.5932914842895324,
  "elapsedMs": 152067,
  "parameters": {
    "w": 2.464467953961924,
    "b": 0.42619668341510514
  }
}