{
  "timestamp": "2025-10-10T18:36:31.452Z",
  "runId": "cmgl6tsm0002f4bwgl80qap6b",
  "step": 3,
  "loss": 1.7662351745744365,
  "elapsedMs": 6014,
  "parameters": {
    "w": 2.3794321540407224,
    "b": 0.19588276678640223
  }
}