{
  "timestamp": "2025-10-10T20:29:49.019Z",
  "runId": "cmglas6ov0002lfunaib5ijsh",
  "step": 21,
  "loss": 0.27200324019916194,
  "elapsedMs": 160086,
  "parameters": {
    "w": 2.496571685656601,
    "b": 0.8986867355307294
  }
}