{
  "timestamp": "2025-10-10T20:52:32.222Z",
  "runId": "cmglbcb2y001p4nhiwgg4wuky",
  "step": 74,
  "loss": 0.24757442781485856,
  "elapsedMs": 584250,
  "parameters": {
    "w": 2.505151600605593,
    "b": 0.991258840842315
  }
}