{
  "timestamp": "2025-10-10T19:46:59.449Z",
  "runId": "cmgl96vw2010b6wcdbnqi98ym",
  "step": 34,
  "loss": 0.9417955421773156,
  "elapsedMs": 264126,
  "parameters": {
    "w": 2.350097329452057,
    "b": 0.2619941278133726
  }
}