{
  "timestamp": "2025-10-10T17:33:08.269Z",
  "runId": "cmgl4kebm00c359p3j7bxwbeg",
  "step": 1,
  "loss": 52.47171465372148,
  "elapsedMs": 0,
  "parameters": {
    "w": 0.8397483149532863,
    "b": 0.05067788338198567
  }
}