{
  "timestamp": "2025-10-10T20:50:00.157Z",
  "runId": "cmglbcb2y001p4nhiwgg4wuky",
  "step": 55,
  "loss": 0.24758600298677777,
  "elapsedMs": 432185,
  "parameters": {
    "w": 2.5051291698504055,
    "b": 0.9885856250460628
  }
}