{
  "timestamp": "2025-10-10T19:30:22.688Z",
  "runId": "cmgl8qo2800nl6wcd5h2kd6qf",
  "step": 4,
  "loss": 17.630843189373387,
  "elapsedMs": 24020,
  "parameters": {
    "w": 1.3219573537097418,
    "b": 0.06660040903886577
  }
}