{
  "timestamp": "2025-10-10T18:01:10.075Z",
  "runId": "cmgl5h0vn014459p363ew48tj",
  "step": 21,
  "loss": 0.26554181630307255,
  "elapsedMs": 160074,
  "parameters": {
    "w": 2.506083767195272,
    "b": 0.8302874187833365
  }
}