{
  "timestamp": "2025-10-10T18:02:06.088Z",
  "runId": "cmgl5fha7011s59p318sj78n8",
  "step": 37,
  "loss": 0.8000217086631266,
  "elapsedMs": 288123,
  "parameters": {
    "w": 2.4019238398533487,
    "b": 0.29542891986281133
  }
}