{
  "timestamp": "2025-10-10T20:51:13.666Z",
  "runId": "cmglb7cuq00014nhizxmusl2p",
  "step": 93,
  "loss": 0.25592130666303603,
  "elapsedMs": 736390,
  "parameters": {
    "w": 2.501387332503273,
    "b": 1.0223430160003457
  }
}