{
  "timestamp": "2025-10-10T20:50:16.167Z",
  "runId": "cmglbcb2y001p4nhiwgg4wuky",
  "step": 57,
  "loss": 0.24758194987769422,
  "elapsedMs": 448194,
  "parameters": {
    "w": 2.5051340957785984,
    "b": 0.9891726792466995
  }
}