{
  "timestamp": "2025-10-10T20:13:33.923Z",
  "runId": "cmgla7z4y004y3dxh5c4aap3d",
  "step": 17,
  "loss": 0.3395996818324404,
  "elapsedMs": 128046,
  "parameters": {
    "w": 2.50310398663965,
    "b": 0.6956850209454374
  }
}