{
  "timestamp": "2025-10-10T19:59:36.275Z",
  "runId": "cmgl9rwek01gx6wcdq62ivwmo",
  "step": 6,
  "loss": 23.25192487300952,
  "elapsedMs": 40012,
  "parameters": {
    "w": 1.0344929626912405,
    "b": 0.07246247098879206
  }
}