{
  "timestamp": "2025-10-10T17:08:49.493Z",
  "runId": "cmgl3kbtb0039h6q6lb066m12",
  "step": 29,
  "loss": 0.2659018068123573,
  "elapsedMs": 224130,
  "parameters": {
    "w": 2.487611568954821,
    "b": 0.9404299513574317
  }
}