{
  "timestamp": "2025-10-10T17:34:28.318Z",
  "runId": "cmgl4kebm00c359p3j7bxwbeg",
  "step": 11,
  "loss": 0.6183892863101839,
  "elapsedMs": 80053,
  "parameters": {
    "w": 2.470659332716779,
    "b": 0.38070506311099483
  }
}