{
  "timestamp": "2025-10-10T20:08:50.426Z",
  "runId": "cmgla1jtd00013dxhvorihs03",
  "step": 19,
  "loss": 0.2821683090658122,
  "elapsedMs": 144058,
  "parameters": {
    "w": 2.501880984328803,
    "b": 0.8687988329341461
  }
}