{
  "timestamp": "2025-10-10T17:13:30.143Z",
  "runId": "cmgl3kopi003ph6q6ljucg8co",
  "step": 62,
  "loss": 0.2494964435372469,
  "elapsedMs": 488247,
  "parameters": {
    "w": 2.508646412744984,
    "b": 0.9761977243529868
  }
}