{
  "timestamp": "2025-10-10T17:44:49.208Z",
  "runId": "cmgl4zfkb00nu59p3nhm3kcwp",
  "step": 1,
  "loss": 53.77451334563351,
  "elapsedMs": 0,
  "parameters": {
    "w": 0.4389211494577473,
    "b": 0.02144620538332027
  }
}