{
  "timestamp": "2025-10-10T18:18:45.301Z",
  "runId": "cmgl6674b0001g98wb8x1en6s",
  "step": 6,
  "loss": 0.565204215508892,
  "elapsedMs": 40043,
  "parameters": {
    "w": 2.5073388121605893,
    "b": 0.48990088303068346
  }
}