{
  "timestamp": "2025-10-10T18:01:02.063Z",
  "runId": "cmgl5fha7011s59p318sj78n8",
  "step": 29,
  "loss": 1.0866962738350143,
  "elapsedMs": 224097,
  "parameters": {
    "w": 2.318307459422385,
    "b": 0.23373646983338936
  }
}