{
  "timestamp": "2025-10-10T18:01:34.070Z",
  "runId": "cmgl5fha7011s59p318sj78n8",
  "step": 33,
  "loss": 0.9063905917971641,
  "elapsedMs": 256107,
  "parameters": {
    "w": 2.3679089080198596,
    "b": 0.26510340908177044
  }
}