{
  "timestamp": "2025-10-10T17:57:57.977Z",
  "runId": "cmgl5fha7011s59p318sj78n8",
  "step": 6,
  "loss": 21.125987773964756,
  "elapsedMs": 40012,
  "parameters": {
    "w": 1.0784657401158864,
    "b": 0.04343355887216451
  }
}