{
  "timestamp": "2025-10-10T18:13:56.981Z",
  "runId": "cmgl60jkk0001dkqperk9p40e",
  "step": 3,
  "loss": 0.88744007390651,
  "elapsedMs": 16014,
  "parameters": {
    "w": 2.4895791476290863,
    "b": 0.27301607233175845
  }
}