{
  "timestamp": "2025-10-10T19:53:33.035Z",
  "runId": "cmgl9dryo015r6wcdpzs47l9c",
  "step": 43,
  "loss": 0.7369181211118482,
  "elapsedMs": 336216,
  "parameters": {
    "w": 2.4332705645195127,
    "b": 0.35477896700712575
  }
}