{
  "timestamp": "2025-10-10T20:40:41.246Z",
  "runId": "cmglb7cuq00014nhizxmusl2p",
  "step": 14,
  "loss": 0.3175842790167215,
  "elapsedMs": 104053,
  "parameters": {
    "w": 2.505663149095372,
    "b": 0.7985798169759524
  }
}