{
  "timestamp": "2025-10-10T20:41:05.265Z",
  "runId": "cmglb7cuq00014nhizxmusl2p",
  "step": 17,
  "loss": 0.28875088043080516,
  "elapsedMs": 128071,
  "parameters": {
    "w": 2.504506936458738,
    "b": 0.8590870522477784
  }
}