{
  "timestamp": "2025-10-10T17:16:41.809Z",
  "runId": "cmgl3kbtb0039h6q6lb066m12",
  "step": 88,
  "loss": 0.26300275580607063,
  "elapsedMs": 696443,
  "parameters": {
    "w": 2.488312641758392,
    "b": 0.9888294759450992
  }
}