{
  "timestamp": "2025-10-10T19:46:43.441Z",
  "runId": "cmgl96vw2010b6wcdbnqi98ym",
  "step": 32,
  "loss": 1.026415756735537,
  "elapsedMs": 248118,
  "parameters": {
    "w": 2.32567761657808,
    "b": 0.2470401056621097
  }
}