{
  "timestamp": "2025-10-10T18:06:53.066Z",
  "runId": "cmgl5qlvy002ncwvauonxnqvu",
  "step": 8,
  "loss": 0.513820831090697,
  "elapsedMs": 56021,
  "parameters": {
    "w": 2.5112191855096175,
    "b": 0.5094578115186308
  }
}