{
  "timestamp": "2025-10-10T17:07:53.983Z",
  "runId": "cmgl3kopi003ph6q6ljucg8co",
  "step": 20,
  "loss": 0.26710719775296127,
  "elapsedMs": 152087,
  "parameters": {
    "w": 2.508421281628269,
    "b": 0.8581826855979763
  }
}