{
  "timestamp": "2025-10-10T19:18:16.818Z",
  "runId": "cmgl87bxu008h6wcdl4542jih",
  "step": 26,
  "loss": 0.32896817602503836,
  "elapsedMs": 200062,
  "parameters": {
    "w": 2.498053296062826,
    "b": 0.772217681567667
  }
}