{
  "timestamp": "2025-10-10T19:14:31.145Z",
  "runId": "cmgl836h500596wcddnzwnuoz",
  "step": 22,
  "loss": 0.30638826578638506,
  "elapsedMs": 168136,
  "parameters": {
    "w": 2.49671936350399,
    "b": 0.7660667403712196
  }
}