{
  "timestamp": "2025-10-10T20:19:35.470Z",
  "runId": "cmglaigvp002cowooff7wk6rf",
  "step": 1,
  "loss": 53.44044634915797,
  "elapsedMs": 0,
  "parameters": {
    "w": 2.093660578334757,
    "b": 0.0830284218214704
  }
}