{
  "timestamp": "2025-10-10T17:24:52.872Z",
  "runId": "cmgl482qh002k59p30ih5wuub",
  "step": 11,
  "loss": 0.438450183771817,
  "elapsedMs": 80057,
  "parameters": {
    "w": 2.501611654524385,
    "b": 0.5832792382912833
  }
}