{
  "timestamp": "2025-10-10T18:42:49.613Z",
  "runId": "cmgl70ak600fq4bwgf9uu5c69",
  "step": 28,
  "loss": 0.4362559877832282,
  "elapsedMs": 81170,
  "parameters": {
    "w": 2.4872429430890493,
    "b": 0.5754034119207828
  }
}