{
  "timestamp": "2025-10-10T20:18:03.886Z",
  "runId": "cmglacw590001owoouwrbu1dl",
  "step": 22,
  "loss": 0.2620729510729943,
  "elapsedMs": 168076,
  "parameters": {
    "w": 2.502379158070692,
    "b": 0.9072016260043088
  }
}