{
  "timestamp": "2025-10-10T20:00:32.295Z",
  "runId": "cmgl9rwek01gx6wcdq62ivwmo",
  "step": 13,
  "loss": 7.41164131517035,
  "elapsedMs": 96032,
  "parameters": {
    "w": 1.7171182805221923,
    "b": 0.14457246461349635
  }
}