{
  "timestamp": "2025-10-10T17:37:41.988Z",
  "runId": "cmgl4p8ro00fv59p3xmz642an",
  "step": 7,
  "loss": 2.345163823746715,
  "elapsedMs": 48020,
  "parameters": {
    "w": 2.1584637729747773,
    "b": 0.13759915044440818
  }
}