{
  "timestamp": "2025-10-10T17:37:17.979Z",
  "runId": "cmgl4p8ro00fv59p3xmz642an",
  "step": 4,
  "loss": 9.078213456655368,
  "elapsedMs": 24010,
  "parameters": {
    "w": 1.717008335245928,
    "b": 0.0655596642191974
  }
}