{
  "timestamp": "2025-10-10T20:53:20.244Z",
  "runId": "cmglbcb2y001p4nhiwgg4wuky",
  "step": 80,
  "loss": 0.24757427313373462,
  "elapsedMs": 632272,
  "parameters": {
    "w": 2.505153243515006,
    "b": 0.9914546368089653
  }
}