{
  "timestamp": "2025-10-10T17:34:20.311Z",
  "runId": "cmgl4kebm00c359p3j7bxwbeg",
  "step": 10,
  "loss": 0.6695402166491465,
  "elapsedMs": 72049,
  "parameters": {
    "w": 2.456956930397766,
    "b": 0.35534196245864835
  }
}