{
  "timestamp": "2025-10-10T17:25:08.886Z",
  "runId": "cmgl482qh002k59p30ih5wuub",
  "step": 13,
  "loss": 0.3834107643760874,
  "elapsedMs": 96072,
  "parameters": {
    "w": 2.502247122523951,
    "b": 0.6455319170863734
  }
}