{
  "timestamp": "2025-10-10T20:20:39.493Z",
  "runId": "cmglaigvp002cowooff7wk6rf",
  "step": 9,
  "loss": 0.44318589858007224,
  "elapsedMs": 64021,
  "parameters": {
    "w": 2.497574905041235,
    "b": 0.5999198665254286
  }
}