{
  "timestamp": "2025-10-10T20:52:48.233Z",
  "runId": "cmglbcb2y001p4nhiwgg4wuky",
  "step": 76,
  "loss": 0.24757435369514158,
  "elapsedMs": 600261,
  "parameters": {
    "w": 2.5051522667383748,
    "b": 0.9913382281237372
  }
}