{
  "timestamp": "2025-10-10T20:47:04.082Z",
  "runId": "cmglbcb2y001p4nhiwgg4wuky",
  "step": 33,
  "loss": 0.2487870300698125,
  "elapsedMs": 256112,
  "parameters": {
    "w": 2.5048920393323333,
    "b": 0.9603252726247563
  }
}