{
  "timestamp": "2025-10-10T19:40:49.928Z",
  "runId": "cmgl90un200vk6wcdsop962ok",
  "step": 23,
  "loss": 1.1300056973967547,
  "elapsedMs": 176081,
  "parameters": {
    "w": 2.3251709554500115,
    "b": 0.2536755802837087
  }
}