{
  "timestamp": "2025-10-10T17:29:18.431Z",
  "runId": "cmgl4bpjs005d59p39f6kzn3x",
  "step": 23,
  "loss": 0.3046624466616714,
  "elapsedMs": 176120,
  "parameters": {
    "w": 2.500909656948129,
    "b": 0.7953420602096272
  }
}