{
  "timestamp": "2025-10-10T18:05:47.649Z",
  "runId": "cmgl5na850001cwva9g70z3sf",
  "step": 19,
  "loss": 0.25579416796425963,
  "elapsedMs": 144155,
  "parameters": {
    "w": 2.5005718065207203,
    "b": 0.8622721723307655
  }
}