{
  "timestamp": "2025-10-10T19:54:38.328Z",
  "runId": "cmgl9l0fl01bh6wcdrrxrxgke",
  "step": 9,
  "loss": 13.922415778778813,
  "elapsedMs": 63946,
  "parameters": {
    "w": 1.364127298879506,
    "b": 0.08104862369208773
  }
}