{
  "timestamp": "2025-10-10T20:10:59.915Z",
  "runId": "cmgla4oab002f3dxhzweq11sz",
  "step": 17,
  "loss": 0.3313188862367227,
  "elapsedMs": 128150,
  "parameters": {
    "w": 2.5110452108661487,
    "b": 0.7610619246935569
  }
}