{
  "timestamp": "2025-10-10T18:17:04.073Z",
  "runId": "cmgl63irq0001phvacuo2rrtr",
  "step": 9,
  "loss": 0.45039507904679804,
  "elapsedMs": 64061,
  "parameters": {
    "w": 2.4848484147951106,
    "b": 0.5754969410358841
  }
}