{
  "timestamp": "2025-10-10T17:48:42.684Z",
  "runId": "cmgl54fs100rr59p3m5p675ua",
  "step": 1,
  "loss": 53.438453182935326,
  "elapsedMs": 0,
  "parameters": {
    "w": 0.3489482516210933,
    "b": 0.019213675646584074
  }
}