{
  "timestamp": "2025-10-10T17:05:00.298Z",
  "runId": "cmgl3g3cz0001h6q6xmybpgpv",
  "step": 25,
  "loss": 0.24835594457371554,
  "elapsedMs": 192086,
  "parameters": {
    "w": 2.5011289670677335,
    "b": 0.9418258352747428
  }
}