{
  "timestamp": "2025-10-10T17:09:48.400Z",
  "runId": "cmgl3g3cz0001h6q6xmybpgpv",
  "step": 61,
  "loss": 0.24222740568770773,
  "elapsedMs": 480191,
  "parameters": {
    "w": 2.5002088000180964,
    "b": 1.0107536111278326
  }
}