{
  "timestamp": "2025-10-10T17:06:28.328Z",
  "runId": "cmgl3g3cz0001h6q6xmybpgpv",
  "step": 36,
  "loss": 0.24283003529189018,
  "elapsedMs": 280118,
  "parameters": {
    "w": 2.50048340242961,
    "b": 0.9901837227831125
  }
}