{
  "timestamp": "2025-10-10T17:31:45.881Z",
  "runId": "cmgl4fvzq008l59p3ozsfa6tx",
  "step": 17,
  "loss": 0.39938503352102595,
  "elapsedMs": 128070,
  "parameters": {
    "w": 2.5050874277338515,
    "b": 0.586945442716097
  }
}