{
  "timestamp": "2025-10-10T20:19:57.656Z",
  "runId": "cmglaifc40028owootgmhaq8r",
  "step": 4,
  "loss": 0.9335488848181235,
  "elapsedMs": 24007,
  "parameters": {
    "w": 2.4639082958310468,
    "b": 0.261008398555873
  }
}