{
  "timestamp": "2025-10-10T17:16:25.799Z",
  "runId": "cmgl3kbtb0039h6q6lb066m12",
  "step": 86,
  "loss": 0.2630027619707058,
  "elapsedMs": 680435,
  "parameters": {
    "w": 2.488312310118803,
    "b": 0.9888065807502695
  }
}