{
  "timestamp": "2025-10-10T17:32:01.890Z",
  "runId": "cmgl4fvzq008l59p3ozsfa6tx",
  "step": 19,
  "loss": 0.3676930517877869,
  "elapsedMs": 144080,
  "parameters": {
    "w": 2.5047991186775667,
    "b": 0.6256503441227492
  }
}