{
  "timestamp": "2025-10-10T18:48:05.333Z",
  "runId": "cmgl7856900vy4bwg1x0y62xj",
  "step": 11,
  "loss": 6.151508061503419,
  "elapsedMs": 30024,
  "parameters": {
    "w": 1.7769715319388664,
    "b": 0.11109751119689926
  }
}