{
  "timestamp": "2025-10-10T18:43:01.643Z",
  "runId": "cmgl70ak600fq4bwgf9uu5c69",
  "step": 32,
  "loss": 0.39377147146785946,
  "elapsedMs": 93200,
  "parameters": {
    "w": 2.4887112135367775,
    "b": 0.6268063635963538
  }
}