{
  "timestamp": "2025-10-10T20:48:08.112Z",
  "runId": "cmglbcb2y001p4nhiwgg4wuky",
  "step": 41,
  "loss": 0.24779915254263718,
  "elapsedMs": 320141,
  "parameters": {
    "w": 2.5050418146395215,
    "b": 0.9781749488265482
  }
}