{
  "timestamp": "2025-10-10T18:52:34.151Z",
  "runId": "cmgl7cxp1015v4bwguml7zqxc",
  "step": 26,
  "loss": 1.5759385657316334,
  "elapsedMs": 75223,
  "parameters": {
    "w": 2.2259645382803575,
    "b": 0.22564374937640824
  }
}