{
  "timestamp": "2025-10-10T18:39:28.634Z",
  "runId": "cmgl6wtld008l4bwggktwxv95",
  "step": 15,
  "loss": 0.49345981617044343,
  "elapsedMs": 42114,
  "parameters": {
    "w": 2.499607007341582,
    "b": 0.5405605368549392
  }
}