{
  "timestamp": "2025-10-10T20:46:32.097Z",
  "runId": "cmglbcb2y001p4nhiwgg4wuky",
  "step": 29,
  "loss": 0.25039038760936405,
  "elapsedMs": 224102,
  "parameters": {
    "w": 2.504754240058591,
    "b": 0.9439028565181272
  }
}