{
  "timestamp": "2025-10-10T17:08:17.480Z",
  "runId": "cmgl3kbtb0039h6q6lb066m12",
  "step": 25,
  "loss": 0.2697286075894686,
  "elapsedMs": 192117,
  "parameters": {
    "w": 2.4872440555326634,
    "b": 0.9150581571280646
  }
}