{
  "timestamp": "2025-10-10T20:28:12.984Z",
  "runId": "cmglas6ov0002lfunaib5ijsh",
  "step": 9,
  "loss": 0.44634997162882994,
  "elapsedMs": 64051,
  "parameters": {
    "w": 2.4963659618319918,
    "b": 0.6175839270835304
  }
}