{
  "timestamp": "2025-10-10T19:34:00.287Z",
  "runId": "cmgl8vo8r00ri6wcdlenesao3",
  "step": 2,
  "loss": 39.54639605826428,
  "elapsedMs": 8009,
  "parameters": {
    "w": 0.6418266431785964,
    "b": 0.03749815597773401
  }
}