{
  "timestamp": "2025-10-10T20:03:04.359Z",
  "runId": "cmgl9rwek01gx6wcdq62ivwmo",
  "step": 32,
  "loss": 0.9587510325639269,
  "elapsedMs": 248098,
  "parameters": {
    "w": 2.3651572601473445,
    "b": 0.3010678349698508
  }
}