{
  "timestamp": "2025-10-10T20:00:40.299Z",
  "runId": "cmgl9rwek01gx6wcdq62ivwmo",
  "step": 14,
  "loss": 6.353966301716088,
  "elapsedMs": 104037,
  "parameters": {
    "w": 1.7845449130534217,
    "b": 0.1540512237077047
  }
}