{
  "timestamp": "2025-10-10T19:23:07.665Z",
  "runId": "cmgl8gnp400fr6wcdg48gl9pr",
  "step": 8,
  "loss": 1.5527100172061714,
  "elapsedMs": 56036,
  "parameters": {
    "w": 2.3049248348685376,
    "b": 0.2441304788193392
  }
}