{
  "timestamp": "2025-10-10T17:48:09.298Z",
  "runId": "cmgl4zfkb00nu59p3nhm3kcwp",
  "step": 26,
  "loss": 0.5886605436280344,
  "elapsedMs": 200087,
  "parameters": {
    "w": 2.490860319057818,
    "b": 0.42998304124522624
  }
}