{
  "timestamp": "2025-10-10T19:28:37.265Z",
  "runId": "cmgl8lu1b00jt6wcdu8xpy8ib",
  "step": 19,
  "loss": 0.6205707450887279,
  "elapsedMs": 144111,
  "parameters": {
    "w": 2.4685549771219657,
    "b": 0.3614642045253347
  }
}