{
  "timestamp": "2025-10-10T18:44:24.196Z",
  "runId": "cmgl72bgt00jx4bwgrwqopomd",
  "step": 28,
  "loss": 0.528559021074875,
  "elapsedMs": 81193,
  "parameters": {
    "w": 2.485419640123074,
    "b": 0.507353750228715
  }
}