{
  "timestamp": "2025-10-10T17:57:32.507Z",
  "runId": "cmgl5dqby00yz59p3mdjadbc9",
  "step": 13,
  "loss": 0.32449999609851105,
  "elapsedMs": 96046,
  "parameters": {
    "w": 2.499323336528881,
    "b": 0.7224389079111433
  }
}