{
  "timestamp": "2025-10-10T18:41:09.118Z",
  "runId": "cmgl6yiy100c34bwgpi1gkjqk",
  "step": 22,
  "loss": 0.3998652285514937,
  "elapsedMs": 63135,
  "parameters": {
    "w": 2.520307896340922,
    "b": 0.6443082682735785
  }
}