{
  "timestamp": "2025-10-10T18:48:20.348Z",
  "runId": "cmgl7856900vy4bwg1x0y62xj",
  "step": 16,
  "loss": 2.6030822361447994,
  "elapsedMs": 45040,
  "parameters": {
    "w": 2.085511757418933,
    "b": 0.16456379325948023
  }
}