{
  "timestamp": "2025-10-10T18:37:13.535Z",
  "runId": "cmgl6tsm0002f4bwgl80qap6b",
  "step": 17,
  "loss": 0.30827432643020897,
  "elapsedMs": 48097,
  "parameters": {
    "w": 2.4935053665825437,
    "b": 0.7583020790231482
  }
}