{
  "timestamp": "2025-10-10T20:51:37.592Z",
  "runId": "cmglb7cuq00014nhizxmusl2p",
  "step": 96,
  "loss": 0.2559213048810516,
  "elapsedMs": 760400,
  "parameters": {
    "w": 2.501387045066884,
    "b": 1.0223580581997325
  }
}