{
  "timestamp": "2025-10-10T19:29:58.665Z",
  "runId": "cmgl8qo2800nl6wcd5h2kd6qf",
  "step": 1,
  "loss": 52.30680704801464,
  "elapsedMs": 0,
  "parameters": {
    "w": 0.428831326392731,
    "b": 0.016086718219758978
  }
}