{
  "timestamp": "2025-10-10T19:59:52.279Z",
  "runId": "cmgl9rwek01gx6wcdq62ivwmo",
  "step": 8,
  "loss": 16.623344823904173,
  "elapsedMs": 56018,
  "parameters": {
    "w": 1.2742077744411875,
    "b": 0.09421429259024641
  }
}