{
  "timestamp": "2025-10-10T20:10:19.891Z",
  "runId": "cmgla4oab002f3dxhzweq11sz",
  "step": 12,
  "loss": 0.40758145822411285,
  "elapsedMs": 88124,
  "parameters": {
    "w": 2.514107384376286,
    "b": 0.645884931678208
  }
}