{
  "timestamp": "2025-10-10T20:30:37.046Z",
  "runId": "cmglas6ov0002lfunaib5ijsh",
  "step": 27,
  "loss": 0.26115885788034254,
  "elapsedMs": 208110,
  "parameters": {
    "w": 2.4966096228955177,
    "b": 0.9505281715229998
  }
}