{
  "timestamp": "2025-10-10T17:17:22.256Z",
  "runId": "cmgl3kopi003ph6q6ljucg8co",
  "step": 91,
  "loss": 0.24949392379810537,
  "elapsedMs": 720359,
  "parameters": {
    "w": 2.508649012617669,
    "b": 0.9775605927121781
  }
}