{
  "timestamp": "2025-10-10T20:19:07.900Z",
  "runId": "cmglacw590001owoouwrbu1dl",
  "step": 30,
  "loss": 0.2519294789527149,
  "elapsedMs": 232090,
  "parameters": {
    "w": 2.502650443707763,
    "b": 0.9643970675973013
  }
}