{
  "timestamp": "2025-10-10T19:21:46.299Z",
  "runId": "cmgl8btqb00bz6wcdppfmiop5",
  "step": 26,
  "loss": 0.4146698249683975,
  "elapsedMs": 200085,
  "parameters": {
    "w": 2.50055178950462,
    "b": 0.6597164286362676
  }
}