{
  "timestamp": "2025-10-10T17:27:58.402Z",
  "runId": "cmgl4bpjs005d59p39f6kzn3x",
  "step": 13,
  "loss": 0.45662923298990915,
  "elapsedMs": 96092,
  "parameters": {
    "w": 2.5015404754398824,
    "b": 0.589208943469465
  }
}