{
  "timestamp": "2025-10-10T20:17:55.885Z",
  "runId": "cmglacw590001owoouwrbu1dl",
  "step": 21,
  "loss": 0.2649930942823812,
  "elapsedMs": 160075,
  "parameters": {
    "w": 2.5023262363064074,
    "b": 0.8960440737253524
  }
}