{
  "timestamp": "2025-10-10T20:15:55.831Z",
  "runId": "cmglacw590001owoouwrbu1dl",
  "step": 6,
  "loss": 0.612037204062002,
  "elapsedMs": 40020,
  "parameters": {
    "w": 2.5002207622745174,
    "b": 0.4657821928610037
  }
}