{
  "timestamp": "2025-10-10T19:38:09.850Z",
  "runId": "cmgl90un200vk6wcdsop962ok",
  "step": 3,
  "loss": 33.18616932392157,
  "elapsedMs": 16004,
  "parameters": {
    "w": 0.7257469020868972,
    "b": 0.03545290736607874
  }
}