{
  "timestamp": "2025-10-10T19:55:18.350Z",
  "runId": "cmgl9l0fl01bh6wcdrrxrxgke",
  "step": 14,
  "loss": 6.36593643343424,
  "elapsedMs": 103967,
  "parameters": {
    "w": 1.7655382021677992,
    "b": 0.12514724327632953
  }
}