{
  "timestamp": "2025-10-10T20:55:52.293Z",
  "runId": "cmglbcb2y001p4nhiwgg4wuky",
  "step": 99,
  "loss": 0.24757421330955662,
  "elapsedMs": 784322,
  "parameters": {
    "w": 2.5051548560848733,
    "b": 0.9916468170189233
  }
}