{
  "timestamp": "2025-10-10T20:03:52.408Z",
  "runId": "cmgl9rwek01gx6wcdq62ivwmo",
  "step": 38,
  "loss": 0.7553740237264089,
  "elapsedMs": 296145,
  "parameters": {
    "w": 2.4260188667744003,
    "b": 0.3427127589937489
  }
}