{
  "timestamp": "2025-10-10T20:10:03.870Z",
  "runId": "cmgla4oab002f3dxhzweq11sz",
  "step": 10,
  "loss": 0.46080177286533697,
  "elapsedMs": 72102,
  "parameters": {
    "w": 2.5157084915707166,
    "b": 0.5846687362285774
  }
}