{
  "timestamp": "2025-10-10T20:40:18.201Z",
  "runId": "cmglb7cuq00014nhizxmusl2p",
  "step": 11,
  "loss": 0.37174133192079534,
  "elapsedMs": 80041,
  "parameters": {
    "w": 2.507247737056472,
    "b": 0.7156545452141928
  }
}