{
  "timestamp": "2025-10-10T17:16:34.242Z",
  "runId": "cmgl3kopi003ph6q6ljucg8co",
  "step": 85,
  "loss": 0.24949393803430314,
  "elapsedMs": 672336,
  "parameters": {
    "w": 2.5086488993071367,
    "b": 0.9775011946732867
  }
}