{
  "timestamp": "2025-10-10T17:07:40.361Z",
  "runId": "cmgl3g3cz0001h6q6xmybpgpv",
  "step": 45,
  "loss": 0.24231542372438877,
  "elapsedMs": 352151,
  "parameters": {
    "w": 2.5003022759967846,
    "b": 1.0037515224210045
  }
}