{
  "timestamp": "2025-10-10T18:43:42.088Z",
  "runId": "cmgl72bgt00jx4bwgrwqopomd",
  "step": 14,
  "loss": 0.9079017496080342,
  "elapsedMs": 39085,
  "parameters": {
    "w": 2.412128436032551,
    "b": 0.27655944308961705
  }
}