{
  "timestamp": "2025-10-10T20:47:12.085Z",
  "runId": "cmglbcb2y001p4nhiwgg4wuky",
  "step": 34,
  "loss": 0.24855670541182803,
  "elapsedMs": 264114,
  "parameters": {
    "w": 2.5049183328804046,
    "b": 0.9634588420233394
  }
}