{
  "timestamp": "2025-10-10T18:45:31.709Z",
  "runId": "cmgl74eri00o94bwg2vepljfr",
  "step": 18,
  "loss": 0.8106273663054978,
  "elapsedMs": 51128,
  "parameters": {
    "w": 2.4292990144165465,
    "b": 0.29790132149630444
  }
}