{
  "timestamp": "2025-10-10T17:17:53.871Z",
  "runId": "cmgl3kbtb0039h6q6lb066m12",
  "step": 97,
  "loss": 0.2630027457964495,
  "elapsedMs": 768505,
  "parameters": {
    "w": 2.4883135085295045,
    "b": 0.9888893146801967
  }
}