{
  "timestamp": "2025-10-10T17:22:35.366Z",
  "runId": "cmgl44rnc000159p35n5uexhp",
  "step": 13,
  "loss": 0.3252221373514659,
  "elapsedMs": 96070,
  "parameters": {
    "w": 2.4956070455009,
    "b": 0.7358557086398747
  }
}