{
  "timestamp": "2025-10-10T20:56:00.293Z",
  "runId": "cmglbcb2y001p4nhiwgg4wuky",
  "step": 100,
  "loss": 0.24757421309792402,
  "elapsedMs": 792319,
  "parameters": {
    "w": 2.505154881288919,
    "b": 0.9916498207453786
  }
}