{
  "timestamp": "2025-10-10T20:55:04.275Z",
  "runId": "cmglbcb2y001p4nhiwgg4wuky",
  "step": 93,
  "loss": 0.24757421613822983,
  "elapsedMs": 736305,
  "parameters": {
    "w": 2.505154633914396,
    "b": 0.9916203395497408
  }
}