{
  "timestamp": "2025-10-10T17:00:16.731Z",
  "runId": "cmgl3d9qe00011qpodoj7t04t",
  "step": 6,
  "loss": 0.6028766944512454,
  "elapsedMs": 40011,
  "parameters": {
    "w": 2.492903101863674,
    "b": 0.4684658978077422
  }
}