{
  "timestamp": "2025-10-10T18:53:26.647Z",
  "runId": "cmgl7foml01c34bwg1tweenyt",
  "step": 1,
  "loss": 50.80985399995469,
  "elapsedMs": 0,
  "parameters": {
    "w": 0.19853092724949775,
    "b": 0.007911234144707737
  }
}