{
  "timestamp": "2025-10-10T17:08:57.497Z",
  "runId": "cmgl3kbtb0039h6q6lb066m12",
  "step": 30,
  "loss": 0.2653517548237304,
  "elapsedMs": 232134,
  "parameters": {
    "w": 2.4876817142217074,
    "b": 0.9452725262684653
  }
}