{
  "timestamp": "2025-10-10T20:48:41.497Z",
  "runId": "cmglb7cuq00014nhizxmusl2p",
  "step": 74,
  "loss": 0.25592150931437874,
  "elapsedMs": 584307,
  "parameters": {
    "w": 2.5013940951796916,
    "b": 1.0219891097763347
  }
}