{
  "timestamp": "2025-10-10T19:10:29.422Z",
  "runId": "cmgl7zjlv002g6wcdql2u3d53",
  "step": 13,
  "loss": 0.3651174137122942,
  "elapsedMs": 96040,
  "parameters": {
    "w": 2.492678081147255,
    "b": 0.664947137191984
  }
}