{
  "timestamp": "2025-10-10T19:41:05.934Z",
  "runId": "cmgl90un200vk6wcdsop962ok",
  "step": 25,
  "loss": 0.9779974064569261,
  "elapsedMs": 192087,
  "parameters": {
    "w": 2.3624428322732967,
    "b": 0.2730296259091327
  }
}