{
  "timestamp": "2025-10-10T18:51:55.049Z",
  "runId": "cmgl7cxp1015v4bwguml7zqxc",
  "step": 13,
  "loss": 7.595337292594891,
  "elapsedMs": 36118,
  "parameters": {
    "w": 1.67545211816054,
    "b": 0.11810600962436477
  }
}