{
  "timestamp": "2025-10-10T19:31:02.717Z",
  "runId": "cmgl8qo2800nl6wcd5h2kd6qf",
  "step": 9,
  "loss": 3.4915343297948676,
  "elapsedMs": 64050,
  "parameters": {
    "w": 2.0394755010892185,
    "b": 0.15210071037855702
  }
}