{
  "timestamp": "2025-10-10T18:38:09.113Z",
  "runId": "cmgl6v8sc005d4bwg0lsq0cvg",
  "step": 13,
  "loss": 0.4808358306604234,
  "elapsedMs": 36076,
  "parameters": {
    "w": 2.501445617700262,
    "b": 0.5824481656540943
  }
}