{
  "timestamp": "2025-10-10T20:35:36.095Z",
  "runId": "cmglb15x5000410aty7a0wpll",
  "step": 12,
  "loss": 0.3502984636047496,
  "elapsedMs": 88074,
  "parameters": {
    "w": 2.4978071486840694,
    "b": 0.7209411162136209
  }
}