{
  "timestamp": "2025-10-10T19:25:23.787Z",
  "runId": "cmgl8gnp400fr6wcdg48gl9pr",
  "step": 25,
  "loss": 0.476599665993965,
  "elapsedMs": 192156,
  "parameters": {
    "w": 2.504515677647858,
    "b": 0.5847513703620257
  }
}