{
  "timestamp": "2025-10-10T18:01:44.423Z",
  "runId": "cmgl5ku9x01af59p3n22aaa4d",
  "step": 3,
  "loss": 3.382741745209144,
  "elapsedMs": 16003,
  "parameters": {
    "w": 2.2554130644430015,
    "b": 0.17387777526291262
  }
}