{
  "timestamp": "2025-10-10T17:21:47.317Z",
  "runId": "cmgl44rnc000159p35n5uexhp",
  "step": 7,
  "loss": 0.5383523531729206,
  "elapsedMs": 48025,
  "parameters": {
    "w": 2.4929549103096535,
    "b": 0.5060196611811365
  }
}