{
  "timestamp": "2025-10-10T18:45:19.674Z",
  "runId": "cmgl74eri00o94bwg2vepljfr",
  "step": 14,
  "loss": 1.1462070184059954,
  "elapsedMs": 39091,
  "parameters": {
    "w": 2.343693584283426,
    "b": 0.23802363566112075
  }
}