{
  "timestamp": "2025-10-10T17:27:10.352Z",
  "runId": "cmgl4bpjs005d59p39f6kzn3x",
  "step": 7,
  "loss": 0.7116657591929043,
  "elapsedMs": 48041,
  "parameters": {
    "w": 2.4924035416877723,
    "b": 0.38166911053602937
  }
}