{
  "timestamp": "2025-10-10T18:07:09.069Z",
  "runId": "cmgl5qlvy002ncwvauonxnqvu",
  "step": 10,
  "loss": 0.43577778065096684,
  "elapsedMs": 72025,
  "parameters": {
    "w": 2.509899996777417,
    "b": 0.5835893142128054
  }
}