{
  "timestamp": "2025-10-10T18:14:21.005Z",
  "runId": "cmgl60jkk0001dkqperk9p40e",
  "step": 6,
  "loss": 0.5790135231771643,
  "elapsedMs": 40039,
  "parameters": {
    "w": 2.4960207935083094,
    "b": 0.463553315377551
  }
}