{
  "timestamp": "2025-10-10T17:23:48.823Z",
  "runId": "cmgl482qh002k59p30ih5wuub",
  "step": 3,
  "loss": 1.4550155032843728,
  "elapsedMs": 16008,
  "parameters": {
    "w": 2.4261519588453377,
    "b": 0.199733240452438
  }
}