{
  "timestamp": "2025-10-10T20:14:32.832Z",
  "runId": "cmglabyaw00813dxhj9238x6l",
  "step": 1,
  "loss": 50.48036681319616,
  "elapsedMs": 0,
  "parameters": {
    "w": 1.0154916764520554,
    "b": 0.032289781260886365
  }
}