{
  "timestamp": "2025-10-10T19:56:30.372Z",
  "runId": "cmgl9l0fl01bh6wcdrrxrxgke",
  "step": 23,
  "loss": 2.032775323942582,
  "elapsedMs": 175989,
  "parameters": {
    "w": 2.1624029705551906,
    "b": 0.20109411384829307
  }
}