{
  "timestamp": "2025-10-10T18:41:03.107Z",
  "runId": "cmgl6yiy100c34bwgpi1gkjqk",
  "step": 20,
  "loss": 0.4274011582411038,
  "elapsedMs": 57123,
  "parameters": {
    "w": 2.5210129332337834,
    "b": 0.61177321484827
  }
}