{
  "timestamp": "2025-10-10T17:54:04.266Z",
  "runId": "cmgl59m5400vt59p3z5r7qzff",
  "step": 11,
  "loss": 6.047199720600061,
  "elapsedMs": 80071,
  "parameters": {
    "w": 1.8102381774656038,
    "b": 0.15016171418753327
  }
}