{
  "timestamp": "2025-10-10T19:41:37.947Z",
  "runId": "cmgl90un200vk6wcdsop962ok",
  "step": 29,
  "loss": 0.7969144142894916,
  "elapsedMs": 224100,
  "parameters": {
    "w": 2.4158060781906276,
    "b": 0.31031477710544003
  }
}