{
  "timestamp": "2025-10-10T18:36:14.931Z",
  "runId": "cmgl6slj300014bwgepuoxl5u",
  "step": 16,
  "loss": 0.31025402900924065,
  "elapsedMs": 45116,
  "parameters": {
    "w": 2.5090871425929535,
    "b": 0.7970086202506023
  }
}