{
  "timestamp": "2025-10-10T17:54:28.291Z",
  "runId": "cmgl59m5400vt59p3z5r7qzff",
  "step": 14,
  "loss": 3.4712884275986426,
  "elapsedMs": 104098,
  "parameters": {
    "w": 2.0149039339943626,
    "b": 0.1860895374098257
  }
}