{
  "timestamp": "2025-10-10T17:36:44.383Z",
  "runId": "cmgl4kebm00c359p3j7bxwbeg",
  "step": 28,
  "loss": 0.31751414880467305,
  "elapsedMs": 216123,
  "parameters": {
    "w": 2.494038901239705,
    "b": 0.6809646738469727
  }
}