{
  "timestamp": "2025-10-10T18:38:33.176Z",
  "runId": "cmgl6v8sc005d4bwg0lsq0cvg",
  "step": 21,
  "loss": 0.33631958063288253,
  "elapsedMs": 60138,
  "parameters": {
    "w": 2.5028881494888964,
    "b": 0.7633765475512867
  }
}