{
  "timestamp": "2025-10-10T20:19:41.653Z",
  "runId": "cmglaifc40028owootgmhaq8r",
  "step": 2,
  "loss": 6.406809867457286,
  "elapsedMs": 8002,
  "parameters": {
    "w": 2.2389231393211677,
    "b": 0.13056187899133231
  }
}