{
  "timestamp": "2025-10-10T20:50:24.167Z",
  "runId": "cmglbcb2y001p4nhiwgg4wuky",
  "step": 58,
  "loss": 0.24758048042451472,
  "elapsedMs": 456196,
  "parameters": {
    "w": 2.5051361959602167,
    "b": 0.9894229712511644
  }
}