{
  "timestamp": "2025-10-10T17:30:41.841Z",
  "runId": "cmgl4fvzq008l59p3ozsfa6tx",
  "step": 9,
  "loss": 0.626821351694839,
  "elapsedMs": 64032,
  "parameters": {
    "w": 2.4906659119398133,
    "b": 0.3840787112931678
  }
}