{
  "timestamp": "2025-10-10T17:06:57.937Z",
  "runId": "cmgl3kopi003ph6q6ljucg8co",
  "step": 13,
  "loss": 0.3264825993853651,
  "elapsedMs": 96036,
  "parameters": {
    "w": 2.5081727533920777,
    "b": 0.7279027957490763
  }
}