{
  "timestamp": "2025-10-10T19:43:07.338Z",
  "runId": "cmgl96vw2010b6wcdbnqi98ym",
  "step": 5,
  "loss": 24.913785765671832,
  "elapsedMs": 32017,
  "parameters": {
    "w": 0.8764960832907882,
    "b": 0.03413443717044759
  }
}