{
  "timestamp": "2025-10-10T18:51:31.357Z",
  "runId": "cmgl7cxp1015v4bwguml7zqxc",
  "step": 5,
  "loss": 26.93478835582701,
  "elapsedMs": 12010,
  "parameters": {
    "w": 0.8690202524389791,
    "b": 0.04641876717674928
  }
}