{
  "timestamp": "2025-10-10T19:32:38.798Z",
  "runId": "cmgl8qo2800nl6wcd5h2kd6qf",
  "step": 21,
  "loss": 0.7217859148534335,
  "elapsedMs": 160130,
  "parameters": {
    "w": 2.4515436714448873,
    "b": 0.3367560819613245
  }
}