{
  "timestamp": "2025-10-10T17:12:26.115Z",
  "runId": "cmgl3kopi003ph6q6ljucg8co",
  "step": 54,
  "loss": 0.24950754579362744,
  "elapsedMs": 424219,
  "parameters": {
    "w": 2.508642803074263,
    "b": 0.9743055139991285
  }
}