{
  "timestamp": "2025-10-10T19:19:46.241Z",
  "runId": "cmgl8btqb00bz6wcdppfmiop5",
  "step": 11,
  "loss": 0.7597671258543529,
  "elapsedMs": 80027,
  "parameters": {
    "w": 2.46697404033574,
    "b": 0.3572643038082783
  }
}