{
  "timestamp": "2025-10-10T20:47:05.459Z",
  "runId": "cmglb7cuq00014nhizxmusl2p",
  "step": 62,
  "loss": 0.2559238725228513,
  "elapsedMs": 488269,
  "parameters": {
    "w": 2.5014138784464577,
    "b": 1.0209538064724317
  }
}