{
  "timestamp": "2025-10-10T18:43:54.114Z",
  "runId": "cmgl72bgt00jx4bwgrwqopomd",
  "step": 18,
  "loss": 0.7346851494363835,
  "elapsedMs": 51111,
  "parameters": {
    "w": 2.458430361071566,
    "b": 0.3508591981242721
  }
}