{
  "timestamp": "2025-10-10T18:51:16.354Z",
  "runId": "cmgl7afsf010p4bwg8hj2ac1n",
  "step": 39,
  "loss": 0.725906692843434,
  "elapsedMs": 114138,
  "parameters": {
    "w": 2.4579072532438753,
    "b": 0.3570273499608523
  }
}