{
  "timestamp": "2025-10-10T18:46:33.131Z",
  "runId": "cmgl766gt00rw4bwglngil2h1",
  "step": 11,
  "loss": 3.4776094808495897,
  "elapsedMs": 30079,
  "parameters": {
    "w": 2.0352233947062612,
    "b": 0.19893935348428726
  }
}