{
  "timestamp": "2025-10-10T18:42:10.514Z",
  "runId": "cmgl70ak600fq4bwgf9uu5c69",
  "step": 15,
  "loss": 0.6931277284141337,
  "elapsedMs": 42072,
  "parameters": {
    "w": 2.4605996428565136,
    "b": 0.35284801513637964
  }
}