{
  "timestamp": "2025-10-10T19:22:35.644Z",
  "runId": "cmgl8gnp400fr6wcdg48gl9pr",
  "step": 4,
  "loss": 8.946445080380686,
  "elapsedMs": 24014,
  "parameters": {
    "w": 1.7962545078717487,
    "b": 0.1311197690285463
  }
}