{
  "timestamp": "2025-10-10T18:48:02.331Z",
  "runId": "cmgl7856900vy4bwg1x0y62xj",
  "step": 10,
  "loss": 7.471238305124051,
  "elapsedMs": 27021,
  "parameters": {
    "w": 1.691265224937414,
    "b": 0.10038637035270621
  }
}