{
  "timestamp": "2025-10-10T18:02:48.787Z",
  "runId": "cmgl5ku9x01af59p3n22aaa4d",
  "step": 11,
  "loss": 0.511844550522532,
  "elapsedMs": 80026,
  "parameters": {
    "w": 2.5009261554734246,
    "b": 0.505738438059202
  }
}