{
  "timestamp": "2025-10-10T18:38:58.551Z",
  "runId": "cmgl6wtld008l4bwggktwxv95",
  "step": 5,
  "loss": 1.6623249311065238,
  "elapsedMs": 12031,
  "parameters": {
    "w": 2.3207117219242894,
    "b": 0.22393261209370405
  }
}