{
  "timestamp": "2025-10-10T18:03:23.785Z",
  "runId": "cmgl5na850001cwva9g70z3sf",
  "step": 1,
  "loss": 52.57334920629536,
  "elapsedMs": 0,
  "parameters": {
    "w": 2.0590163699802733,
    "b": 0.0825791585452205
  }
}