{
  "timestamp": "2025-10-10T17:11:32.470Z",
  "runId": "cmgl3g3cz0001h6q6xmybpgpv",
  "step": 74,
  "loss": 0.24222446473898498,
  "elapsedMs": 584262,
  "parameters": {
    "w": 2.500192908009933,
    "b": 1.0119440479914183
  }
}