{
  "timestamp": "2025-10-10T18:11:21.675Z",
  "runId": "cmgl5xjy700013nvz1epx7c4m",
  "step": 1,
  "loss": 50.590812995771536,
  "elapsedMs": 0,
  "parameters": {
    "w": 1.964264822681261,
    "b": 0.1196901037118717
  }
}