{
  "timestamp": "2025-10-10T19:38:01.850Z",
  "runId": "cmgl90un200vk6wcdsop962ok",
  "step": 2,
  "loss": 41.4005197867048,
  "elapsedMs": 8002,
  "parameters": {
    "w": 0.5108056941650024,
    "b": 0.023652993659226323
  }
}