{
  "timestamp": "2025-10-10T17:29:45.812Z",
  "runId": "cmgl4fvzq008l59p3ozsfa6tx",
  "step": 2,
  "loss": 18.31940101265037,
  "elapsedMs": 8004,
  "parameters": {
    "w": 1.684733587293422,
    "b": 0.11280172964929364
  }
}