{
  "timestamp": "2025-10-10T18:04:43.672Z",
  "runId": "cmgl5na850001cwva9g70z3sf",
  "step": 11,
  "loss": 0.3599156207478659,
  "elapsedMs": 80125,
  "parameters": {
    "w": 2.4988044929291813,
    "b": 0.6790178196414123
  }
}