{
  "timestamp": "2025-10-10T20:46:41.448Z",
  "runId": "cmglb7cuq00014nhizxmusl2p",
  "step": 59,
  "loss": 0.25592612940054194,
  "elapsedMs": 464257,
  "parameters": {
    "w": 2.501424107696878,
    "b": 1.0204184865537125
  }
}