{
  "timestamp": "2025-10-10T20:48:49.903Z",
  "runId": "cmglb7cuq00014nhizxmusl2p",
  "step": 75,
  "loss": 0.2559214701874321,
  "elapsedMs": 592309,
  "parameters": {
    "w": 2.5013933147123044,
    "b": 1.0220299534081922
  }
}