{
  "timestamp": "2025-10-10T18:14:37.021Z",
  "runId": "cmgl60jkk0001dkqperk9p40e",
  "step": 8,
  "loss": 0.4675058376337382,
  "elapsedMs": 56056,
  "parameters": {
    "w": 2.4955842524810397,
    "b": 0.5609253080166088
  }
}