{
  "timestamp": "2025-10-10T18:50:25.299Z",
  "runId": "cmgl7afsf010p4bwg8hj2ac1n",
  "step": 22,
  "loss": 1.7508918368751396,
  "elapsedMs": 63084,
  "parameters": {
    "w": 2.227929653673607,
    "b": 0.224411257010241
  }
}