{
  "timestamp": "2025-10-10T20:45:04.034Z",
  "runId": "cmglbcb2y001p4nhiwgg4wuky",
  "step": 18,
  "loss": 0.27613604123366253,
  "elapsedMs": 136063,
  "parameters": {
    "w": 2.5038784791037796,
    "b": 0.8395328521073018
  }
}