{
  "timestamp": "2025-10-10T17:39:42.044Z",
  "runId": "cmgl4p8ro00fv59p3xmz642an",
  "step": 22,
  "loss": 0.5516686254421025,
  "elapsedMs": 168074,
  "parameters": {
    "w": 2.4686432528789783,
    "b": 0.46191497677138177
  }
}