{
  "timestamp": "2025-10-10T20:50:48.181Z",
  "runId": "cmglbcb2y001p4nhiwgg4wuky",
  "step": 61,
  "loss": 0.24757754451588368,
  "elapsedMs": 480208,
  "parameters": {
    "w": 2.5051413188603586,
    "b": 0.9900334998520866
  }
}