{
  "timestamp": "2025-10-10T17:24:28.847Z",
  "runId": "cmgl482qh002k59p30ih5wuub",
  "step": 8,
  "loss": 0.5643988790685222,
  "elapsedMs": 56032,
  "parameters": {
    "w": 2.50025844791999,
    "b": 0.4681127324919485
  }
}