{
  "timestamp": "2025-10-10T19:59:20.273Z",
  "runId": "cmgl9rwek01gx6wcdq62ivwmo",
  "step": 4,
  "loss": 32.67336655814435,
  "elapsedMs": 24008,
  "parameters": {
    "w": 0.7484666548256226,
    "b": 0.04961334827321279
  }
}