{
  "timestamp": "2025-10-10T17:05:05.368Z",
  "runId": "cmgl3kbtb0039h6q6lb066m12",
  "step": 1,
  "loss": 50.45926492154169,
  "elapsedMs": 0,
  "parameters": {
    "w": 1.9880496442957807,
    "b": 0.07354872640946351
  }
}