{
  "timestamp": "2025-10-10T17:11:16.466Z",
  "runId": "cmgl3g3cz0001h6q6xmybpgpv",
  "step": 72,
  "loss": 0.24222457146936727,
  "elapsedMs": 568256,
  "parameters": {
    "w": 2.5001941797778318,
    "b": 1.011848782536431
  }
}