{
  "timestamp": "2025-10-10T17:44:57.214Z",
  "runId": "cmgl4zfkb00nu59p3nhm3kcwp",
  "step": 2,
  "loss": 36.95700314297719,
  "elapsedMs": 8005,
  "parameters": {
    "w": 0.801022076947445,
    "b": 0.042407646323260065
  }
}