{
  "timestamp": "2025-10-10T17:50:02.728Z",
  "runId": "cmgl54fs100rr59p3m5p675ua",
  "step": 11,
  "loss": 3.542288558339681,
  "elapsedMs": 80042,
  "parameters": {
    "w": 2.02394083525387,
    "b": 0.1831917241485935
  }
}