{
  "timestamp": "2025-10-10T17:43:27.612Z",
  "runId": "cmgl4urll00k759p3ddddxdkz",
  "step": 18,
  "loss": 0.6142102516749444,
  "elapsedMs": 136103,
  "parameters": {
    "w": 2.471392669923336,
    "b": 0.3883583672276932
  }
}