{
  "timestamp": "2025-10-10T20:54:48.267Z",
  "runId": "cmglbcb2y001p4nhiwgg4wuky",
  "step": 91,
  "loss": 0.2475742182036636,
  "elapsedMs": 720296,
  "parameters": {
    "w": 2.505154522715733,
    "b": 0.9916070872976562
  }
}