{
  "timestamp": "2025-10-10T18:50:01.289Z",
  "runId": "cmgl7afsf010p4bwg8hj2ac1n",
  "step": 14,
  "loss": 5.223932035860303,
  "elapsedMs": 39055,
  "parameters": {
    "w": 1.8851791985912671,
    "b": 0.15161633010682712
  }
}