{
  "timestamp": "2025-10-10T17:22:27.344Z",
  "runId": "cmgl44rnc000159p35n5uexhp",
  "step": 12,
  "loss": 0.34491245441208573,
  "elapsedMs": 88054,
  "parameters": {
    "w": 2.495273519604209,
    "b": 0.7068823095797004
  }
}