{
  "timestamp": "2025-10-10T17:02:28.235Z",
  "runId": "cmgl3g3cz0001h6q6xmybpgpv",
  "step": 6,
  "loss": 0.5763838298961259,
  "elapsedMs": 40023,
  "parameters": {
    "w": 2.507092225213391,
    "b": 0.49171975911920446
  }
}