{
  "timestamp": "2025-10-10T17:12:02.102Z",
  "runId": "cmgl3kopi003ph6q6ljucg8co",
  "step": 51,
  "loss": 0.24951956046546672,
  "elapsedMs": 400206,
  "parameters": {
    "w": 2.5086404470265564,
    "b": 0.9730704601092796
  }
}