{
  "timestamp": "2025-10-10T20:43:35.989Z",
  "runId": "cmglbcb2y001p4nhiwgg4wuky",
  "step": 7,
  "loss": 0.5372501449215941,
  "elapsedMs": 48017,
  "parameters": {
    "w": 2.5010744518427717,
    "b": 0.5071499362584102
  }
}