{
  "timestamp": "2025-10-10T17:12:49.659Z",
  "runId": "cmgl3kbtb0039h6q6lb066m12",
  "step": 59,
  "loss": 0.26300800515682765,
  "elapsedMs": 464296,
  "parameters": {
    "w": 2.4882841319104925,
    "b": 0.9868612594098448
  }
}