{
  "timestamp": "2025-10-10T17:42:39.546Z",
  "runId": "cmgl4urll00k759p3ddddxdkz",
  "step": 12,
  "loss": 0.9829356151863785,
  "elapsedMs": 88037,
  "parameters": {
    "w": 2.3675459422625496,
    "b": 0.2875147828034833
  }
}