{
  "timestamp": "2025-10-10T20:50:09.544Z",
  "runId": "cmglb7cuq00014nhizxmusl2p",
  "step": 85,
  "loss": 0.25592132331922673,
  "elapsedMs": 672352,
  "parameters": {
    "w": 2.501388733278733,
    "b": 1.0222697102375138
  }
}