{
  "timestamp": "2025-10-10T20:11:15.917Z",
  "runId": "cmgla4oab002f3dxhzweq11sz",
  "step": 19,
  "loss": 0.3146502617568251,
  "elapsedMs": 144151,
  "parameters": {
    "w": 2.510133419197584,
    "b": 0.795320753292201
  }
}