{
  "timestamp": "2025-10-10T19:33:10.814Z",
  "runId": "cmgl8qo2800nl6wcd5h2kd6qf",
  "step": 25,
  "loss": 0.6307231181028878,
  "elapsedMs": 192147,
  "parameters": {
    "w": 2.4774285818894435,
    "b": 0.38971998600975255
  }
}