{
  "timestamp": "2025-10-10T17:16:26.231Z",
  "runId": "cmgl3kopi003ph6q6ljucg8co",
  "step": 84,
  "loss": 0.24949394268791847,
  "elapsedMs": 664331,
  "parameters": {
    "w": 2.5086488724376523,
    "b": 0.9774871095336786
  }
}