{
  "timestamp": "2025-10-10T18:48:08.334Z",
  "runId": "cmgl7856900vy4bwg1x0y62xj",
  "step": 12,
  "loss": 5.09700772157929,
  "elapsedMs": 33026,
  "parameters": {
    "w": 1.8534549915464347,
    "b": 0.12182373438673628
  }
}