{
  "timestamp": "2025-10-10T17:03:00.247Z",
  "runId": "cmgl3g3cz0001h6q6xmybpgpv",
  "step": 10,
  "loss": 0.3862369534689474,
  "elapsedMs": 72037,
  "parameters": {
    "w": 2.5047501876639164,
    "b": 0.6705654738519934
  }
}