{
  "timestamp": "2025-10-10T20:42:09.357Z",
  "runId": "cmglb7cuq00014nhizxmusl2p",
  "step": 25,
  "loss": 0.26203411141071004,
  "elapsedMs": 192139,
  "parameters": {
    "w": 2.5027328587076703,
    "b": 0.9519285722486657
  }
}