{
  "timestamp": "2025-10-10T17:00:48.745Z",
  "runId": "cmgl3d9qe00011qpodoj7t04t",
  "step": 10,
  "loss": 0.3969998341101183,
  "elapsedMs": 72026,
  "parameters": {
    "w": 2.493570691811402,
    "b": 0.6545545472971639
  }
}