{
  "timestamp": "2025-10-10T18:45:04.639Z",
  "runId": "cmgl74eri00o94bwg2vepljfr",
  "step": 9,
  "loss": 3.2148772680028848,
  "elapsedMs": 24056,
  "parameters": {
    "w": 2.0794765399254422,
    "b": 0.15689393577351204
  }
}