{
  "timestamp": "2025-10-10T18:43:51.105Z",
  "runId": "cmgl72bgt00jx4bwgrwqopomd",
  "step": 17,
  "loss": 0.7667306958616541,
  "elapsedMs": 48102,
  "parameters": {
    "w": 2.4507047122472416,
    "b": 0.3329291169612746
  }
}