{
  "timestamp": "2025-10-10T17:43:11.604Z",
  "runId": "cmgl4urll00k759p3ddddxdkz",
  "step": 16,
  "loss": 0.675813413159045,
  "elapsedMs": 120094,
  "parameters": {
    "w": 2.451814120082371,
    "b": 0.3567021979237325
  }
}