{
  "timestamp": "2025-10-10T19:20:18.256Z",
  "runId": "cmgl8btqb00bz6wcdppfmiop5",
  "step": 15,
  "loss": 0.6129262746267812,
  "elapsedMs": 112042,
  "parameters": {
    "w": 2.4925410744311445,
    "b": 0.4571070806578027
  }
}