{
  "timestamp": "2025-10-10T17:06:41.928Z",
  "runId": "cmgl3kopi003ph6q6ljucg8co",
  "step": 11,
  "loss": 0.3668354188395156,
  "elapsedMs": 80031,
  "parameters": {
    "w": 2.508061007638476,
    "b": 0.6693271343096675
  }
}