{
  "timestamp": "2025-10-10T18:02:16.584Z",
  "runId": "cmgl5ku9x01af59p3n22aaa4d",
  "step": 7,
  "loss": 0.6973908195771403,
  "elapsedMs": 48018,
  "parameters": {
    "w": 2.490082147269313,
    "b": 0.36147701360459317
  }
}