{
  "timestamp": "2025-10-10T19:26:37.163Z",
  "runId": "cmgl8lu1b00jt6wcdu8xpy8ib",
  "step": 4,
  "loss": 12.58849545267101,
  "elapsedMs": 24009,
  "parameters": {
    "w": 1.5845481242602155,
    "b": 0.08315297266248851
  }
}