{
  "timestamp": "2025-10-10T19:14:47.148Z",
  "runId": "cmgl836h500596wcddnzwnuoz",
  "step": 24,
  "loss": 0.29184363333643426,
  "elapsedMs": 184141,
  "parameters": {
    "w": 2.49675427795456,
    "b": 0.7950763770943183
  }
}