{
  "timestamp": "2025-10-10T20:43:37.387Z",
  "runId": "cmglb7cuq00014nhizxmusl2p",
  "step": 36,
  "loss": 0.2565272812008269,
  "elapsedMs": 280176,
  "parameters": {
    "w": 2.5018102473029513,
    "b": 1.0002109235324523
  }
}