{
  "timestamp": "2025-10-10T19:28:53.285Z",
  "runId": "cmgl8lu1b00jt6wcdu8xpy8ib",
  "step": 21,
  "loss": 0.5804861979689415,
  "elapsedMs": 160131,
  "parameters": {
    "w": 2.476832117765155,
    "b": 0.39166953717375114
  }
}