{
  "timestamp": "2025-10-10T17:53:00.208Z",
  "runId": "cmgl59m5400vt59p3z5r7qzff",
  "step": 3,
  "loss": 33.576153058279026,
  "elapsedMs": 16014,
  "parameters": {
    "w": 0.7398158000250076,
    "b": 0.04435733805088808
  }
}