{
  "timestamp": "2025-10-10T17:14:50.191Z",
  "runId": "cmgl3kopi003ph6q6ljucg8co",
  "step": 72,
  "loss": 0.24949422523569043,
  "elapsedMs": 568293,
  "parameters": {
    "w": 2.5086481897788095,
    "b": 0.9771292558039607
  }
}