{
  "timestamp": "2025-10-10T20:28:05.032Z",
  "runId": "cmglas6ov0002lfunaib5ijsh",
  "step": 8,
  "loss": 0.4907908492779925,
  "elapsedMs": 56046,
  "parameters": {
    "w": 2.4963340041271596,
    "b": 0.5740570951100538
  }
}