{
  "timestamp": "2025-10-10T17:12:12.489Z",
  "runId": "cmgl3g3cz0001h6q6xmybpgpv",
  "step": 79,
  "loss": 0.24222433199349178,
  "elapsedMs": 624280,
  "parameters": {
    "w": 2.500190686673928,
    "b": 1.0121104435935202
  }
}