{
  "timestamp": "2025-10-10T18:46:09.062Z",
  "runId": "cmgl766gt00rw4bwglngil2h1",
  "step": 3,
  "loss": 30.04463151499345,
  "elapsedMs": 6009,
  "parameters": {
    "w": 0.9155452716051495,
    "b": 0.06403586408319181
  }
}