{
  "timestamp": "2025-10-10T17:16:42.247Z",
  "runId": "cmgl3kopi003ph6q6ljucg8co",
  "step": 86,
  "loss": 0.249493934264852,
  "elapsedMs": 680339,
  "parameters": {
    "w": 2.5086489234897447,
    "b": 0.9775138713369128
  }
}