{
  "timestamp": "2025-10-10T18:52:55.197Z",
  "runId": "cmgl7cxp1015v4bwguml7zqxc",
  "step": 33,
  "loss": 1.000590995855761,
  "elapsedMs": 96268,
  "parameters": {
    "w": 2.3474838116848984,
    "b": 0.27860638908174823
  }
}