{
  "timestamp": "2025-10-10T18:04:59.621Z",
  "runId": "cmgl5na850001cwva9g70z3sf",
  "step": 13,
  "loss": 0.31597707375378886,
  "elapsedMs": 96128,
  "parameters": {
    "w": 2.499393978152488,
    "b": 0.7401413434998837
  }
}