{
  "timestamp": "2025-10-10T19:22:51.657Z",
  "runId": "cmgl8gnp400fr6wcdg48gl9pr",
  "step": 6,
  "loss": 3.234474999387059,
  "elapsedMs": 40026,
  "parameters": {
    "w": 2.128263163482749,
    "b": 0.1896206068542419
  }
}