{
  "timestamp": "2025-10-10T17:06:01.380Z",
  "runId": "cmgl3kbtb0039h6q6lb066m12",
  "step": 8,
  "loss": 0.5034846471590716,
  "elapsedMs": 56015,
  "parameters": {
    "w": 2.4819103673480893,
    "b": 0.5472247512227245
  }
}