{
  "timestamp": "2025-10-10T20:19:15.903Z",
  "runId": "cmglacw590001owoouwrbu1dl",
  "step": 31,
  "loss": 0.2514910375315124,
  "elapsedMs": 240094,
  "parameters": {
    "w": 2.502670950041786,
    "b": 0.968720439975392
  }
}