{
  "timestamp": "2025-10-10T17:57:16.498Z",
  "runId": "cmgl5dqby00yz59p3mdjadbc9",
  "step": 11,
  "loss": 0.36632613660314245,
  "elapsedMs": 80041,
  "parameters": {
    "w": 2.4987690737062245,
    "b": 0.6628028085927684
  }
}