{
  "timestamp": "2025-10-10T20:28:44.996Z",
  "runId": "cmglas6ov0002lfunaib5ijsh",
  "step": 13,
  "loss": 0.33844693198408177,
  "elapsedMs": 96062,
  "parameters": {
    "w": 2.4964645636623173,
    "b": 0.7523039727478893
  }
}