{
  "timestamp": "2025-10-10T19:34:56.328Z",
  "runId": "cmgl8vo8r00ri6wcdlenesao3",
  "step": 9,
  "loss": 5.837570147975812,
  "elapsedMs": 64052,
  "parameters": {
    "w": 1.8433901066305036,
    "b": 0.15323997027120012
  }
}