{
  "timestamp": "2025-10-10T18:51:07.341Z",
  "runId": "cmgl7afsf010p4bwg8hj2ac1n",
  "step": 36,
  "loss": 0.7789635295194481,
  "elapsedMs": 105127,
  "parameters": {
    "w": 2.4398654337249552,
    "b": 0.3354849286783495
  }
}