{
  "timestamp": "2025-10-10T17:57:25.966Z",
  "runId": "cmgl5fha7011s59p318sj78n8",
  "step": 2,
  "loss": 44.089226443554146,
  "elapsedMs": 8001,
  "parameters": {
    "w": 0.42994447220734033,
    "b": 0.013498944467528107
  }
}