{
  "timestamp": "2025-10-10T20:08:51.764Z",
  "runId": "cmgla4oab002f3dxhzweq11sz",
  "step": 1,
  "loss": 55.28230762661191,
  "elapsedMs": 0,
  "parameters": {
    "w": 1.7101029833448007,
    "b": 0.11861132043471412
  }
}