{
  "timestamp": "2025-10-10T20:31:01.054Z",
  "runId": "cmglas6ov0002lfunaib5ijsh",
  "step": 30,
  "loss": 0.25915891929936224,
  "elapsedMs": 232120,
  "parameters": {
    "w": 2.496621283652257,
    "b": 0.9664626567775745
  }
}