{
  "timestamp": "2025-10-10T17:42:15.540Z",
  "runId": "cmgl4urll00k759p3ddddxdkz",
  "step": 9,
  "loss": 1.889075396755185,
  "elapsedMs": 64031,
  "parameters": {
    "w": 2.2216957840350124,
    "b": 0.22947503898263233
  }
}