{
  "timestamp": "2025-10-10T17:09:46.049Z",
  "runId": "cmgl3kopi003ph6q6ljucg8co",
  "step": 34,
  "loss": 0.25041578234057943,
  "elapsedMs": 264151,
  "parameters": {
    "w": 2.508597012005774,
    "b": 0.9503015699811211
  }
}