{
  "timestamp": "2025-10-10T19:54:54.338Z",
  "runId": "cmgl9l0fl01bh6wcdrrxrxgke",
  "step": 11,
  "loss": 10.097245350290475,
  "elapsedMs": 79955,
  "parameters": {
    "w": 1.5461610232054497,
    "b": 0.09882065508264974
  }
}