{
  "timestamp": "2025-10-10T19:41:29.945Z",
  "runId": "cmgl90un200vk6wcdsop962ok",
  "step": 28,
  "loss": 0.8317198599790359,
  "elapsedMs": 216098,
  "parameters": {
    "w": 2.404643759758033,
    "b": 0.3011698327130974
  }
}