{
  "timestamp": "2025-10-10T18:52:19.070Z",
  "runId": "cmgl7cxp1015v4bwguml7zqxc",
  "step": 21,
  "loss": 2.597846830520099,
  "elapsedMs": 60139,
  "parameters": {
    "w": 2.0820014758282093,
    "b": 0.18568552456361492
  }
}