{
  "timestamp": "2025-10-10T17:12:36.500Z",
  "runId": "cmgl3g3cz0001h6q6xmybpgpv",
  "step": 82,
  "loss": 0.24222429865421882,
  "elapsedMs": 648292,
  "parameters": {
    "w": 2.5001898181250537,
    "b": 1.0121755047605523
  }
}