{
  "timestamp": "2025-10-10T17:13:38.147Z",
  "runId": "cmgl3kopi003ph6q6ljucg8co",
  "step": 63,
  "loss": 0.24949596373439692,
  "elapsedMs": 496250,
  "parameters": {
    "w": 2.508646685577103,
    "b": 0.9763407445339952
  }
}