{
  "timestamp": "2025-10-10T17:54:20.283Z",
  "runId": "cmgl59m5400vt59p3z5r7qzff",
  "step": 13,
  "loss": 4.142927326793224,
  "elapsedMs": 96089,
  "parameters": {
    "w": 1.954481599467719,
    "b": 0.17431151042784124
  }
}