{
  "timestamp": "2025-10-10T17:08:09.991Z",
  "runId": "cmgl3kopi003ph6q6ljucg8co",
  "step": 22,
  "loss": 0.26105012940026123,
  "elapsedMs": 168095,
  "parameters": {
    "w": 2.5084645738295355,
    "b": 0.8808767089066134
  }
}