{
  "timestamp": "2025-10-10T19:10:13.416Z",
  "runId": "cmgl7zjlv002g6wcdql2u3d53",
  "step": 11,
  "loss": 0.4155702676035215,
  "elapsedMs": 80035,
  "parameters": {
    "w": 2.493208822530435,
    "b": 0.6053446755360926
  }
}