{
  "timestamp": "2025-10-10T17:30:25.830Z",
  "runId": "cmgl4fvzq008l59p3ozsfa6tx",
  "step": 7,
  "loss": 0.7765794328361451,
  "elapsedMs": 48021,
  "parameters": {
    "w": 2.457035589172404,
    "b": 0.31827233513890696
  }
}