{
  "timestamp": "2025-10-10T20:11:24.060Z",
  "runId": "cmgla4oab002f3dxhzweq11sz",
  "step": 20,
  "loss": 0.30817376105713207,
  "elapsedMs": 152156,
  "parameters": {
    "w": 2.509731186348519,
    "b": 0.8104337423987618
  }
}