{
  "timestamp": "2025-10-10T18:14:45.035Z",
  "runId": "cmgl60jkk0001dkqperk9p40e",
  "step": 9,
  "loss": 0.4270835805911986,
  "elapsedMs": 64061,
  "parameters": {
    "w": 2.4953894726799506,
    "b": 0.6024376624968452
  }
}