{
  "timestamp": "2025-10-10T20:43:53.393Z",
  "runId": "cmglb7cuq00014nhizxmusl2p",
  "step": 38,
  "loss": 0.2563193650919105,
  "elapsedMs": 296185,
  "parameters": {
    "w": 2.501729898652464,
    "b": 1.0044157509908618
  }
}