{
  "timestamp": "2025-10-10T18:49:14.471Z",
  "runId": "cmgl7856900vy4bwg1x0y62xj",
  "step": 34,
  "loss": 0.7278885549219256,
  "elapsedMs": 99164,
  "parameters": {
    "w": 2.4373315376535847,
    "b": 0.341612945513883
  }
}