{
  "timestamp": "2025-10-10T20:16:51.859Z",
  "runId": "cmglacw590001owoouwrbu1dl",
  "step": 13,
  "loss": 0.33255147220754727,
  "elapsedMs": 96047,
  "parameters": {
    "w": 2.501626115044828,
    "b": 0.7484368185835419
  }
}