{
  "timestamp": "2025-10-10T18:01:02.060Z",
  "runId": "cmgl5h0vn014459p363ew48tj",
  "step": 20,
  "loss": 0.2721785730087382,
  "elapsedMs": 152068,
  "parameters": {
    "w": 2.5060397944927604,
    "b": 0.8149885241240371
  }
}