{
  "timestamp": "2025-10-10T18:44:58.624Z",
  "runId": "cmgl74eri00o94bwg2vepljfr",
  "step": 7,
  "loss": 5.990703622098625,
  "elapsedMs": 18041,
  "parameters": {
    "w": 1.8752053831563915,
    "b": 0.12270897473363626
  }
}