{
  "timestamp": "2025-10-10T20:11:33.876Z",
  "runId": "cmgla7z4y004y3dxh5c4aap3d",
  "step": 2,
  "loss": 11.740565517991563,
  "elapsedMs": 8001,
  "parameters": {
    "w": 2.0283708432012197,
    "b": 0.16104874033989364
  }
}