{
  "timestamp": "2025-10-10T19:15:04.758Z",
  "runId": "cmgl87bxu008h6wcdl4542jih",
  "step": 2,
  "loss": 18.167833534742165,
  "elapsedMs": 8002,
  "parameters": {
    "w": 1.7014824647237976,
    "b": 0.10888063665274222
  }
}