{
  "timestamp": "2025-10-10T17:01:28.759Z",
  "runId": "cmgl3d9qe00011qpodoj7t04t",
  "step": 15,
  "loss": 0.29564105183991046,
  "elapsedMs": 112038,
  "parameters": {
    "w": 2.4940723777600895,
    "b": 0.7999469058293542
  }
}