{
  "timestamp": "2025-10-10T19:09:49.405Z",
  "runId": "cmgl7zjlv002g6wcdql2u3d53",
  "step": 8,
  "loss": 0.5310366865386368,
  "elapsedMs": 56024,
  "parameters": {
    "w": 2.493914355533841,
    "b": 0.4950725372925462
  }
}