{
  "timestamp": "2025-10-10T19:33:18.823Z",
  "runId": "cmgl8qo2800nl6wcd5h2kd6qf",
  "step": 26,
  "loss": 0.6131233042852908,
  "elapsedMs": 200156,
  "parameters": {
    "w": 2.4814359314788477,
    "b": 0.4023018104470842
  }
}