{
  "timestamp": "2025-10-10T17:08:36.375Z",
  "runId": "cmgl3g3cz0001h6q6xmybpgpv",
  "step": 52,
  "loss": 0.2422451586347122,
  "elapsedMs": 408165,
  "parameters": {
    "w": 2.500242441668259,
    "b": 1.0082335859621507
  }
}