{
  "timestamp": "2025-10-10T17:17:54.347Z",
  "runId": "cmgl3kopi003ph6q6ljucg8co",
  "step": 95,
  "loss": 0.2494939206067718,
  "elapsedMs": 752450,
  "parameters": {
    "w": 2.508649056815398,
    "b": 0.9775837614186083
  }
}