{
  "timestamp": "2025-10-10T19:48:20.830Z",
  "runId": "cmgl9dryo015r6wcdpzs47l9c",
  "step": 4,
  "loss": 31.568227191097368,
  "elapsedMs": 24011,
  "parameters": {
    "w": 0.7080234645635329,
    "b": 0.038754943508043795
  }
}