{
  "timestamp": "2025-10-10T17:16:57.814Z",
  "runId": "cmgl3kbtb0039h6q6lb066m12",
  "step": 90,
  "loss": 0.2630027517588007,
  "elapsedMs": 712450,
  "parameters": {
    "w": 2.4883129104745367,
    "b": 0.9888480271334829
  }
}