{
  "timestamp": "2025-10-10T20:39:05.196Z",
  "runId": "cmglb7cuq00014nhizxmusl2p",
  "step": 2,
  "loss": 2.337944613246048,
  "elapsedMs": 8005,
  "parameters": {
    "w": 2.4546438322763415,
    "b": 0.23160282928745085
  }
}