{
  "timestamp": "2025-10-10T17:59:18.012Z",
  "runId": "cmgl5h0vn014459p363ew48tj",
  "step": 7,
  "loss": 0.606748636685503,
  "elapsedMs": 48018,
  "parameters": {
    "w": 2.5033842744866477,
    "b": 0.44088066184237484
  }
}