{
  "timestamp": "2025-10-10T17:58:54.006Z",
  "runId": "cmgl5fha7011s59p318sj78n8",
  "step": 13,
  "loss": 6.304192384196705,
  "elapsedMs": 96039,
  "parameters": {
    "w": 1.758055731710623,
    "b": 0.10085902578184165
  }
}