{
  "timestamp": "2025-10-10T19:21:14.292Z",
  "runId": "cmgl8btqb00bz6wcdppfmiop5",
  "step": 22,
  "loss": 0.46668539631131795,
  "elapsedMs": 168078,
  "parameters": {
    "w": 2.4996787307923016,
    "b": 0.5965364649343032
  }
}