{
  "timestamp": "2025-10-10T18:52:04.073Z",
  "runId": "cmgl7cxp1015v4bwguml7zqxc",
  "step": 16,
  "loss": 4.920960152623951,
  "elapsedMs": 45124,
  "parameters": {
    "w": 1.8611573582240877,
    "b": 0.1439624963967562
  }
}