{
  "timestamp": "2025-10-10T19:55:58.366Z",
  "runId": "cmgl9l0fl01bh6wcdrrxrxgke",
  "step": 19,
  "loss": 3.1958241593505607,
  "elapsedMs": 143983,
  "parameters": {
    "w": 2.0238304790668726,
    "b": 0.1679518278088748
  }
}