{
  "timestamp": "2025-10-10T18:40:36.050Z",
  "runId": "cmgl6yiy100c34bwgpi1gkjqk",
  "step": 11,
  "loss": 0.6410130813550504,
  "elapsedMs": 30067,
  "parameters": {
    "w": 2.500790894420829,
    "b": 0.4260252914731341
  }
}