{
  "timestamp": "2025-10-10T18:37:10.531Z",
  "runId": "cmgl6tsm0002f4bwgl80qap6b",
  "step": 16,
  "loss": 0.3222294845423587,
  "elapsedMs": 45093,
  "parameters": {
    "w": 2.493163526276276,
    "b": 0.7361177303046016
  }
}