{
  "timestamp": "2025-10-10T18:50:49.329Z",
  "runId": "cmgl7afsf010p4bwg8hj2ac1n",
  "step": 30,
  "loss": 0.9656318871437399,
  "elapsedMs": 87114,
  "parameters": {
    "w": 2.382699197186246,
    "b": 0.29012458390125606
  }
}