{
  "timestamp": "2025-10-10T18:36:17.934Z",
  "runId": "cmgl6slj300014bwgepuoxl5u",
  "step": 17,
  "loss": 0.3027856498272341,
  "elapsedMs": 48120,
  "parameters": {
    "w": 2.508997130943669,
    "b": 0.8148521319617792
  }
}