{
  "timestamp": "2025-10-10T18:47:18.214Z",
  "runId": "cmgl766gt00rw4bwglngil2h1",
  "step": 26,
  "loss": 0.6629161923548057,
  "elapsedMs": 75160,
  "parameters": {
    "w": 2.4606028905189903,
    "b": 0.3830946740961937
  }
}