{
  "timestamp": "2025-10-10T19:27:17.192Z",
  "runId": "cmgl8lu1b00jt6wcdu8xpy8ib",
  "step": 9,
  "loss": 1.7821655951133588,
  "elapsedMs": 64037,
  "parameters": {
    "w": 2.233245679016406,
    "b": 0.18558666709076505
  }
}