{
  "timestamp": "2025-10-10T18:42:31.568Z",
  "runId": "cmgl70ak600fq4bwgf9uu5c69",
  "step": 22,
  "loss": 0.5254592076304644,
  "elapsedMs": 63125,
  "parameters": {
    "w": 2.483068775937361,
    "b": 0.4843421543293947
  }
}