{
  "timestamp": "2025-10-10T18:51:33.945Z",
  "runId": "cmgl7cxp1015v4bwguml7zqxc",
  "step": 6,
  "loss": 22.864407817460283,
  "elapsedMs": 15015,
  "parameters": {
    "w": 1.0024669391264496,
    "b": 0.055574903523224944
  }
}