{
  "timestamp": "2025-10-10T20:13:01.911Z",
  "runId": "cmgla7z4y004y3dxh5c4aap3d",
  "step": 13,
  "loss": 0.41583183431848636,
  "elapsedMs": 96036,
  "parameters": {
    "w": 2.505052523560429,
    "b": 0.601966750929353
  }
}