{
  "timestamp": "2025-10-10T17:10:42.072Z",
  "runId": "cmgl3kopi003ph6q6ljucg8co",
  "step": 41,
  "loss": 0.24970481998776842,
  "elapsedMs": 320176,
  "parameters": {
    "w": 2.5086242074136647,
    "b": 0.9645575607253486
  }
}