{
  "timestamp": "2025-10-10T17:58:29.990Z",
  "runId": "cmgl5h0vn014459p363ew48tj",
  "step": 1,
  "loss": 52.2621096620313,
  "elapsedMs": 0,
  "parameters": {
    "w": 1.630019406178913,
    "b": 0.07638550386200357
  }
}