{
  "timestamp": "2025-10-10T20:09:39.836Z",
  "runId": "cmgla4oab002f3dxhzweq11sz",
  "step": 7,
  "loss": 0.5824100882829496,
  "elapsedMs": 48069,
  "parameters": {
    "w": 2.517819853080345,
    "b": 0.471507552362728
  }
}