{
  "timestamp": "2025-10-10T17:30:01.819Z",
  "runId": "cmgl4fvzq008l59p3ozsfa6tx",
  "step": 4,
  "loss": 2.7547137628113196,
  "elapsedMs": 24011,
  "parameters": {
    "w": 2.2379972157219243,
    "b": 0.20389775250836123
  }
}