{
  "timestamp": "2025-10-10T19:11:17.438Z",
  "runId": "cmgl7zjlv002g6wcdql2u3d53",
  "step": 19,
  "loss": 0.28449963952026214,
  "elapsedMs": 144060,
  "parameters": {
    "w": 2.4915076003217074,
    "b": 0.7942595011294362
  }
}