{
  "timestamp": "2025-10-10T20:37:04.129Z",
  "runId": "cmglb15x5000410aty7a0wpll",
  "step": 23,
  "loss": 0.26467366596847164,
  "elapsedMs": 176130,
  "parameters": {
    "w": 2.4965520158026004,
    "b": 0.9112742528092396
  }
}