{
  "timestamp": "2025-10-10T19:26:29.156Z",
  "runId": "cmgl8lu1b00jt6wcdu8xpy8ib",
  "step": 3,
  "loss": 20.24813901925074,
  "elapsedMs": 16001,
  "parameters": {
    "w": 1.3242174389797479,
    "b": 0.0620834499615736
  }
}