{
  "timestamp": "2025-10-10T18:03:47.503Z",
  "runId": "cmgl5na850001cwva9g70z3sf",
  "step": 4,
  "loss": 0.7917352196601689,
  "elapsedMs": 24008,
  "parameters": {
    "w": 2.4931293204460525,
    "b": 0.3282708448091192
  }
}