{
  "timestamp": "2025-10-10T18:41:37.468Z",
  "runId": "cmgl70ak600fq4bwgf9uu5c69",
  "step": 4,
  "loss": 8.75863257388932,
  "elapsedMs": 9021,
  "parameters": {
    "w": 1.7759300228378387,
    "b": 0.08840217399461094
  }
}