{
  "timestamp": "2025-10-10T17:58:37.993Z",
  "runId": "cmgl5h0vn014459p363ew48tj",
  "step": 2,
  "loss": 7.312346803143672,
  "elapsedMs": 8002,
  "parameters": {
    "w": 2.1990989681575837,
    "b": 0.14933506921328626
  }
}