{
  "timestamp": "2025-10-10T17:53:24.226Z",
  "runId": "cmgl59m5400vt59p3z5r7qzff",
  "step": 6,
  "loss": 17.21507970896615,
  "elapsedMs": 40032,
  "parameters": {
    "w": 1.2609474610453353,
    "b": 0.0859443882741743
  }
}