{
  "timestamp": "2025-10-10T17:56:52.461Z",
  "runId": "cmgl59m5400vt59p3z5r7qzff",
  "step": 32,
  "loss": 0.7498426932696812,
  "elapsedMs": 248268,
  "parameters": {
    "w": 2.4425805726821785,
    "b": 0.3702158783037543
  }
}