{
  "timestamp": "2025-10-10T20:47:44.103Z",
  "runId": "cmglbcb2y001p4nhiwgg4wuky",
  "step": 38,
  "loss": 0.2479973340393801,
  "elapsedMs": 296131,
  "parameters": {
    "w": 2.5049997249061433,
    "b": 0.9731588475324076
  }
}