{
  "timestamp": "2025-10-10T17:58:05.980Z",
  "runId": "cmgl5fha7011s59p318sj78n8",
  "step": 7,
  "loss": 17.64012346962174,
  "elapsedMs": 48017,
  "parameters": {
    "w": 1.2054257361285878,
    "b": 0.05135381485684961
  }
}