{
  "timestamp": "2025-10-10T20:01:12.311Z",
  "runId": "cmgl9rwek01gx6wcdq62ivwmo",
  "step": 18,
  "loss": 3.562168609604135,
  "elapsedMs": 136048,
  "parameters": {
    "w": 2.001828160728571,
    "b": 0.19030486126486995
  }
}