{
  "timestamp": "2025-10-10T18:45:58.761Z",
  "runId": "cmgl74eri00o94bwg2vepljfr",
  "step": 27,
  "loss": 0.5940736320416208,
  "elapsedMs": 78178,
  "parameters": {
    "w": 2.4887733636561182,
    "b": 0.4163465145805028
  }
}