{
  "timestamp": "2025-10-10T19:13:03.035Z",
  "runId": "cmgl836h500596wcddnzwnuoz",
  "step": 11,
  "loss": 0.5119246079064889,
  "elapsedMs": 80029,
  "parameters": {
    "w": 2.495914357139497,
    "b": 0.5155548353835633
  }
}