{
  "timestamp": "2025-10-10T18:13:12.386Z",
  "runId": "cmgl5z2hw0001m5uqlbdm4yho",
  "step": 6,
  "loss": 0.5967615889432741,
  "elapsedMs": 40018,
  "parameters": {
    "w": 2.5078860644297323,
    "b": 0.46636464649916726
  }
}