{
  "timestamp": "2025-10-10T20:44:00.003Z",
  "runId": "cmglbcb2y001p4nhiwgg4wuky",
  "step": 10,
  "loss": 0.401571915054,
  "elapsedMs": 72028,
  "parameters": {
    "w": 2.5021906754207492,
    "b": 0.6383969176505837
  }
}