{
  "timestamp": "2025-10-10T19:18:50.220Z",
  "runId": "cmgl8btqb00bz6wcdppfmiop5",
  "step": 4,
  "loss": 5.668297476380236,
  "elapsedMs": 24006,
  "parameters": {
    "w": 1.9904350840887306,
    "b": 0.14062190146077064
  }
}