{
  "timestamp": "2025-10-10T17:47:37.281Z",
  "runId": "cmgl4zfkb00nu59p3nhm3kcwp",
  "step": 22,
  "loss": 0.6670454619029538,
  "elapsedMs": 168071,
  "parameters": {
    "w": 2.471347702713572,
    "b": 0.3783687666500263
  }
}