{
  "timestamp": "2025-10-10T17:11:53.635Z",
  "runId": "cmgl3kbtb0039h6q6lb066m12",
  "step": 52,
  "loss": 0.26302568900023204,
  "elapsedMs": 408272,
  "parameters": {
    "w": 2.4882515616933976,
    "b": 0.9846127297063837
  }
}