{
  "timestamp": "2025-10-10T20:14:05.936Z",
  "runId": "cmgla7z4y004y3dxh5c4aap3d",
  "step": 21,
  "loss": 0.2946023634258362,
  "elapsedMs": 160061,
  "parameters": {
    "w": 2.5015666254972526,
    "b": 0.7676868802454094
  }
}