{
  "timestamp": "2025-10-10T17:05:21.375Z",
  "runId": "cmgl3kbtb0039h6q6lb066m12",
  "step": 3,
  "loss": 1.0253663614698725,
  "elapsedMs": 16004,
  "parameters": {
    "w": 2.4586202043215817,
    "b": 0.24178615659776007
  }
}