{
  "timestamp": "2025-10-10T20:44:48.030Z",
  "runId": "cmglbcb2y001p4nhiwgg4wuky",
  "step": 16,
  "loss": 0.2910971369217902,
  "elapsedMs": 120059,
  "parameters": {
    "w": 2.503579200523545,
    "b": 0.8038659200793273
  }
}