{
  "timestamp": "2025-10-10T18:42:43.598Z",
  "runId": "cmgl70ak600fq4bwgf9uu5c69",
  "step": 26,
  "loss": 0.4621233104105129,
  "elapsedMs": 75156,
  "parameters": {
    "w": 2.486258388315557,
    "b": 0.5470323176712121
  }
}