{
  "timestamp": "2025-10-10T17:09:40.398Z",
  "runId": "cmgl3g3cz0001h6q6xmybpgpv",
  "step": 60,
  "loss": 0.2422281422500413,
  "elapsedMs": 472189,
  "parameters": {
    "w": 2.5002111656796173,
    "b": 1.0105764044053
  }
}