{
  "timestamp": "2025-10-10T18:07:01.067Z",
  "runId": "cmgl5qlvy002ncwvauonxnqvu",
  "step": 9,
  "loss": 0.47156224748925174,
  "elapsedMs": 64023,
  "parameters": {
    "w": 2.510585470718945,
    "b": 0.5480638191353687
  }
}