{
  "timestamp": "2025-10-10T19:13:35.042Z",
  "runId": "cmgl836h500596wcddnzwnuoz",
  "step": 15,
  "loss": 0.40176117350880713,
  "elapsedMs": 112036,
  "parameters": {
    "w": 2.4965310637083493,
    "b": 0.6282116815262484
  }
}