{
  "timestamp": "2025-10-10T17:55:32.328Z",
  "runId": "cmgl59m5400vt59p3z5r7qzff",
  "step": 22,
  "loss": 1.2345875327848577,
  "elapsedMs": 168135,
  "parameters": {
    "w": 2.310899970240042,
    "b": 0.27395734954892237
  }
}