{
  "timestamp": "2025-10-10T20:07:46.400Z",
  "runId": "cmgla1jtd00013dxhvorihs03",
  "step": 11,
  "loss": 0.3823072188413907,
  "elapsedMs": 80031,
  "parameters": {
    "w": 2.5018188925074707,
    "b": 0.6890920870281939
  }
}