{
  "timestamp": "2025-10-10T17:52:52.200Z",
  "runId": "cmgl59m5400vt59p3z5r7qzff",
  "step": 2,
  "loss": 42.107319499379926,
  "elapsedMs": 8006,
  "parameters": {
    "w": 0.521388748859046,
    "b": 0.029903303216119094
  }
}