{
  "timestamp": "2025-10-10T18:48:23.354Z",
  "runId": "cmgl7856900vy4bwg1x0y62xj",
  "step": 17,
  "loss": 2.2537228276577017,
  "elapsedMs": 48045,
  "parameters": {
    "w": 2.128820819808417,
    "b": 0.17514456555923907
  }
}