{
  "timestamp": "2025-10-10T18:37:22.553Z",
  "runId": "cmgl6tsm0002f4bwgl80qap6b",
  "step": 20,
  "loss": 0.27798666771136255,
  "elapsedMs": 57115,
  "parameters": {
    "w": 2.494375471149464,
    "b": 0.8147793772117768
  }
}