{
  "timestamp": "2025-10-10T18:35:38.866Z",
  "runId": "cmgl6slj300014bwgepuoxl5u",
  "step": 4,
  "loss": 0.7643423389421415,
  "elapsedMs": 9039,
  "parameters": {
    "w": 2.5098651363328317,
    "b": 0.34372340223232306
  }
}