{
  "timestamp": "2025-10-10T18:36:28.444Z",
  "runId": "cmgl6tsm0002f4bwgl80qap6b",
  "step": 2,
  "loss": 7.268046800229707,
  "elapsedMs": 3007,
  "parameters": {
    "w": 2.1816748010243985,
    "b": 0.1277712060804411
  }
}