{
  "timestamp": "2025-10-10T20:39:29.453Z",
  "runId": "cmglb7cuq00014nhizxmusl2p",
  "step": 5,
  "loss": 0.6645441847054596,
  "elapsedMs": 32012,
  "parameters": {
    "w": 2.5121580882886403,
    "b": 0.4462443065014828
  }
}