{
  "timestamp": "2025-10-10T20:43:13.550Z",
  "runId": "cmglb7cuq00014nhizxmusl2p",
  "step": 33,
  "loss": 0.2570594968597586,
  "elapsedMs": 256165,
  "parameters": {
    "w": 2.501967331907481,
    "b": 0.991990329229816
  }
}