{
  "timestamp": "2025-10-10T19:21:38.299Z",
  "runId": "cmgl8btqb00bz6wcdppfmiop5",
  "step": 25,
  "loss": 0.426090822446076,
  "elapsedMs": 192085,
  "parameters": {
    "w": 2.500380639709382,
    "b": 0.6448972214887627
  }
}