{
  "timestamp": "2025-10-10T17:44:39.747Z",
  "runId": "cmgl4urll00k759p3ddddxdkz",
  "step": 27,
  "loss": 0.46800388501855084,
  "elapsedMs": 208239,
  "parameters": {
    "w": 2.498147036023005,
    "b": 0.5110400522301347
  }
}