{
  "timestamp": "2025-10-10T19:32:06.768Z",
  "runId": "cmgl8qo2800nl6wcd5h2kd6qf",
  "step": 17,
  "loss": 0.9000079828825903,
  "elapsedMs": 128100,
  "parameters": {
    "w": 2.3972158532509393,
    "b": 0.27944084727414625
  }
}