{
  "timestamp": "2025-10-10T20:29:33.013Z",
  "runId": "cmglas6ov0002lfunaib5ijsh",
  "step": 19,
  "loss": 0.2799246232485283,
  "elapsedMs": 144079,
  "parameters": {
    "w": 2.4965526937192464,
    "b": 0.8727341535070781
  }
}