{
  "timestamp": "2025-10-10T17:40:30.060Z",
  "runId": "cmgl4p8ro00fv59p3xmz642an",
  "step": 28,
  "loss": 0.45587395844740397,
  "elapsedMs": 216091,
  "parameters": {
    "w": 2.475202583893656,
    "b": 0.5561573745456935
  }
}