{
  "timestamp": "2025-10-10T19:23:23.689Z",
  "runId": "cmgl8gnp400fr6wcdg48gl9pr",
  "step": 10,
  "loss": 1.0204767598695,
  "elapsedMs": 72059,
  "parameters": {
    "w": 2.398910890124758,
    "b": 0.29500989417986967
  }
}