{
  "timestamp": "2025-10-10T17:59:50.030Z",
  "runId": "cmgl5fha7011s59p318sj78n8",
  "step": 20,
  "loss": 2.3375771849485534,
  "elapsedMs": 152063,
  "parameters": {
    "w": 2.1065499794255436,
    "b": 0.15992780078078137
  }
}