{
  "timestamp": "2025-10-10T17:08:12.368Z",
  "runId": "cmgl3g3cz0001h6q6xmybpgpv",
  "step": 49,
  "loss": 0.24226354933064698,
  "elapsedMs": 384159,
  "parameters": {
    "w": 2.500262840969023,
    "b": 1.0067055173020345
  }
}