{
  "timestamp": "2025-10-10T17:57:00.489Z",
  "runId": "cmgl5dqby00yz59p3mdjadbc9",
  "step": 9,
  "loss": 0.4300578786084535,
  "elapsedMs": 64034,
  "parameters": {
    "w": 2.4980846395792153,
    "b": 0.5891883344719119
  }
}