{
  "timestamp": "2025-10-10T17:51:30.794Z",
  "runId": "cmgl54fs100rr59p3m5p675ua",
  "step": 22,
  "loss": 0.818297577106011,
  "elapsedMs": 168107,
  "parameters": {
    "w": 2.4120937143057626,
    "b": 0.3256196245358725
  }
}