{
  "timestamp": "2025-10-10T19:15:20.763Z",
  "runId": "cmgl87bxu008h6wcdl4542jih",
  "step": 4,
  "loss": 2.750021145316984,
  "elapsedMs": 24007,
  "parameters": {
    "w": 2.2449429381742765,
    "b": 0.20294909205363193
  }
}