{
  "timestamp": "2025-10-10T19:54:22.326Z",
  "runId": "cmgl9l0fl01bh6wcdrrxrxgke",
  "step": 7,
  "loss": 19.35297165775641,
  "elapsedMs": 47943,
  "parameters": {
    "w": 1.146974746090572,
    "b": 0.06313643492266394
  }
}