{
  "timestamp": "2025-10-10T20:20:23.489Z",
  "runId": "cmglaigvp002cowooff7wk6rf",
  "step": 7,
  "loss": 0.5433490480562088,
  "elapsedMs": 48017,
  "parameters": {
    "w": 2.496753617355143,
    "b": 0.5076332469574185
  }
}