{
  "timestamp": "2025-10-10T17:12:25.647Z",
  "runId": "cmgl3kbtb0039h6q6lb066m12",
  "step": 56,
  "loss": 0.26301263404343506,
  "elapsedMs": 440283,
  "parameters": {
    "w": 2.4882730272916818,
    "b": 0.9860946367874527
  }
}