{
  "timestamp": "2025-10-10T18:10:27.609Z",
  "runId": "cmgl5w87m006wcwvaoazi1va1",
  "step": 2,
  "loss": 2.9425367341071076,
  "elapsedMs": 8002,
  "parameters": {
    "w": 2.410685209031115,
    "b": 0.22003918389376084
  }
}