{
  "timestamp": "2025-10-10T19:26:45.167Z",
  "runId": "cmgl8lu1b00jt6wcdu8xpy8ib",
  "step": 5,
  "loss": 7.96004518819279,
  "elapsedMs": 32012,
  "parameters": {
    "w": 1.786626398311239,
    "b": 0.10414209928711891
  }
}