{
  "timestamp": "2025-10-10T18:41:21.152Z",
  "runId": "cmgl6yiy100c34bwgpi1gkjqk",
  "step": 26,
  "loss": 0.35678926211411566,
  "elapsedMs": 75169,
  "parameters": {
    "w": 2.518642558327588,
    "b": 0.7017994000810317
  }
}