{
  "timestamp": "2025-10-10T20:30:29.041Z",
  "runId": "cmglas6ov0002lfunaib5ijsh",
  "step": 26,
  "loss": 0.26216005642107937,
  "elapsedMs": 200106,
  "parameters": {
    "w": 2.496604841941718,
    "b": 0.9439949730760971
  }
}