{
  "timestamp": "2025-10-10T18:04:19.525Z",
  "runId": "cmgl5na850001cwva9g70z3sf",
  "step": 8,
  "loss": 0.4725197221407376,
  "elapsedMs": 56029,
  "parameters": {
    "w": 2.4976492866126803,
    "b": 0.5594501928154844
  }
}