{
  "timestamp": "2025-10-10T19:49:32.863Z",
  "runId": "cmgl9dryo015r6wcdpzs47l9c",
  "step": 13,
  "loss": 7.860696619907572,
  "elapsedMs": 96044,
  "parameters": {
    "w": 1.6535660312039562,
    "b": 0.1218267900698664
  }
}