{
  "timestamp": "2025-10-10T17:16:50.248Z",
  "runId": "cmgl3kopi003ph6q6ljucg8co",
  "step": 87,
  "loss": 0.24949393121157837,
  "elapsedMs": 688345,
  "parameters": {
    "w": 2.508648945254157,
    "b": 0.9775252803683574
  }
}