{
  "timestamp": "2025-10-10T17:23:07.400Z",
  "runId": "cmgl44rnc000159p35n5uexhp",
  "step": 17,
  "loss": 0.2773905142531,
  "elapsedMs": 128108,
  "parameters": {
    "w": 2.4966396067170575,
    "b": 0.8255544531753494
  }
}