{
  "timestamp": "2025-10-10T20:01:52.322Z",
  "runId": "cmgl9rwek01gx6wcdq62ivwmo",
  "step": 23,
  "loss": 1.9352968614836459,
  "elapsedMs": 176061,
  "parameters": {
    "w": 2.1847790643877234,
    "b": 0.23240906357741375
  }
}