{
  "timestamp": "2025-10-10T18:08:05.140Z",
  "runId": "cmgl5qlvy002ncwvauonxnqvu",
  "step": 17,
  "loss": 0.29969668211226214,
  "elapsedMs": 128096,
  "parameters": {
    "w": 2.5061639245971645,
    "b": 0.7644113915651084
  }
}