{
  "timestamp": "2025-10-10T20:54:56.273Z",
  "runId": "cmglbcb2y001p4nhiwgg4wuky",
  "step": 92,
  "loss": 0.24757421706259755,
  "elapsedMs": 728300,
  "parameters": {
    "w": 2.5051545812397826,
    "b": 0.9916140619809709
  }
}