{
  "timestamp": "2025-10-10T20:21:25.688Z",
  "runId": "cmglaifc40028owootgmhaq8r",
  "step": 15,
  "loss": 0.3463290751974804,
  "elapsedMs": 112038,
  "parameters": {
    "w": 2.4939461910899596,
    "b": 0.701309392002126
  }
}