{
  "timestamp": "2025-10-10T18:41:15.135Z",
  "runId": "cmgl6yiy100c34bwgpi1gkjqk",
  "step": 24,
  "loss": 0.37654389428117147,
  "elapsedMs": 69152,
  "parameters": {
    "w": 2.5194812207860817,
    "b": 0.6742469896847959
  }
}