{
  "timestamp": "2025-10-10T17:27:18.359Z",
  "runId": "cmgl4bpjs005d59p39f6kzn3x",
  "step": 8,
  "loss": 0.6516584930938404,
  "elapsedMs": 56048,
  "parameters": {
    "w": 2.4976936278553,
    "b": 0.42223100263653945
  }
}