{
  "timestamp": "2025-10-10T17:08:17.996Z",
  "runId": "cmgl3kopi003ph6q6ljucg8co",
  "step": 23,
  "loss": 0.25885450535909393,
  "elapsedMs": 176100,
  "parameters": {
    "w": 2.5084830300628926,
    "b": 0.8905515736108457
  }
}