{
  "timestamp": "2025-10-10T19:48:04.819Z",
  "runId": "cmgl9dryo015r6wcdpzs47l9c",
  "step": 2,
  "loss": 43.57616063067116,
  "elapsedMs": 8001,
  "parameters": {
    "w": 0.38336936889829076,
    "b": 0.019507845618781133
  }
}