{
  "timestamp": "2025-10-10T17:06:09.384Z",
  "runId": "cmgl3kbtb0039h6q6lb066m12",
  "step": 9,
  "loss": 0.4578569484638494,
  "elapsedMs": 64019,
  "parameters": {
    "w": 2.4825537138650824,
    "b": 0.59132977821755
  }
}