{
  "timestamp": "2025-10-10T17:07:37.424Z",
  "runId": "cmgl3kbtb0039h6q6lb066m12",
  "step": 20,
  "loss": 0.28226074006852875,
  "elapsedMs": 152059,
  "parameters": {
    "w": 2.4865034838957647,
    "b": 0.8639317762935652
  }
}