{
  "timestamp": "2025-10-10T18:07:25.117Z",
  "runId": "cmgl5qlvy002ncwvauonxnqvu",
  "step": 12,
  "loss": 0.37980837262429507,
  "elapsedMs": 88073,
  "parameters": {
    "w": 2.5086165309417785,
    "b": 0.6463664342500717
  }
}