{
  "timestamp": "2025-10-10T19:20:50.278Z",
  "runId": "cmgl8btqb00bz6wcdppfmiop5",
  "step": 19,
  "loss": 0.5188741541234441,
  "elapsedMs": 144064,
  "parameters": {
    "w": 2.498299908777791,
    "b": 0.5417201386637133
  }
}