{
  "timestamp": "2025-10-10T17:59:42.020Z",
  "runId": "cmgl5h0vn014459p363ew48tj",
  "step": 10,
  "loss": 0.4579434216517421,
  "elapsedMs": 72027,
  "parameters": {
    "w": 2.5052569352084033,
    "b": 0.5659904640648633
  }
}