{
  "timestamp": "2025-10-10T18:41:12.129Z",
  "runId": "cmgl6yiy100c34bwgpi1gkjqk",
  "step": 23,
  "loss": 0.3877208796295081,
  "elapsedMs": 66145,
  "parameters": {
    "w": 2.5199007304062766,
    "b": 0.6595885709778727
  }
}