{
  "timestamp": "2025-10-10T20:15:39.852Z",
  "runId": "cmglacw590001owoouwrbu1dl",
  "step": 4,
  "loss": 0.803296152922205,
  "elapsedMs": 24010,
  "parameters": {
    "w": 2.4974963228514713,
    "b": 0.33871458107754127
  }
}