{
  "timestamp": "2025-10-10T17:03:48.264Z",
  "runId": "cmgl3g3cz0001h6q6xmybpgpv",
  "step": 16,
  "loss": 0.28296907696093443,
  "elapsedMs": 120054,
  "parameters": {
    "w": 2.5026144323754917,
    "b": 0.830552757358755
  }
}