{
  "timestamp": "2025-10-10T20:48:01.474Z",
  "runId": "cmglb7cuq00014nhizxmusl2p",
  "step": 69,
  "loss": 0.2559218931973041,
  "elapsedMs": 544284,
  "parameters": {
    "w": 2.5013995025538542,
    "b": 1.0217061295990935
  }
}