{
  "timestamp": "2025-10-10T20:14:29.942Z",
  "runId": "cmgla7z4y004y3dxh5c4aap3d",
  "step": 24,
  "loss": 0.27343222360045766,
  "elapsedMs": 184066,
  "parameters": {
    "w": 2.5006511059974583,
    "b": 0.8105110777991972
  }
}