{
  "timestamp": "2025-10-10T17:07:00.348Z",
  "runId": "cmgl3g3cz0001h6q6xmybpgpv",
  "step": 40,
  "loss": 0.24248533182940782,
  "elapsedMs": 312136,
  "parameters": {
    "w": 2.5003817474970087,
    "b": 0.9977984797030263
  }
}