{
  "timestamp": "2025-10-10T20:53:52.252Z",
  "runId": "cmglbcb2y001p4nhiwgg4wuky",
  "step": 84,
  "loss": 0.24757423843905113,
  "elapsedMs": 664281,
  "parameters": {
    "w": 2.5051538845226435,
    "b": 0.9915310297670895
  }
}