{
  "timestamp": "2025-10-10T20:39:45.206Z",
  "runId": "cmglb7cuq00014nhizxmusl2p",
  "step": 7,
  "loss": 0.5243296010366232,
  "elapsedMs": 48016,
  "parameters": {
    "w": 2.5103034771344523,
    "b": 0.5554356642481075
  }
}