{
  "timestamp": "2025-10-10T17:10:10.056Z",
  "runId": "cmgl3kopi003ph6q6ljucg8co",
  "step": 37,
  "loss": 0.24998384340492294,
  "elapsedMs": 288159,
  "parameters": {
    "w": 2.5086111386595173,
    "b": 0.9577068439090091
  }
}