{
  "timestamp": "2025-10-10T19:08:11.845Z",
  "runId": "cmgl7wdqj00026wcditavcuvj",
  "step": 14,
  "loss": 0.31702559640199207,
  "elapsedMs": 104025,
  "parameters": {
    "w": 2.508769152613522,
    "b": 0.7799798916932956
  }
}