{
  "timestamp": "2025-10-10T19:14:39.145Z",
  "runId": "cmgl836h500596wcddnzwnuoz",
  "step": 23,
  "loss": 0.2986356654290216,
  "elapsedMs": 176137,
  "parameters": {
    "w": 2.4967374112721066,
    "b": 0.7810510515484621
  }
}