{
  "timestamp": "2025-10-10T17:15:54.282Z",
  "runId": "cmgl3kopi003ph6q6ljucg8co",
  "step": 80,
  "loss": 0.24949397509264515,
  "elapsedMs": 632318,
  "parameters": {
    "w": 2.508648731600238,
    "b": 0.9774132817433138
  }
}