{
  "timestamp": "2025-10-10T17:26:04.936Z",
  "runId": "cmgl482qh002k59p30ih5wuub",
  "step": 20,
  "loss": 0.287594990828315,
  "elapsedMs": 152121,
  "parameters": {
    "w": 2.5037841833625207,
    "b": 0.7972510344779519
  }
}