{
  "timestamp": "2025-10-10T18:51:36.999Z",
  "runId": "cmgl7cxp1015v4bwguml7zqxc",
  "step": 7,
  "loss": 19.432228993597533,
  "elapsedMs": 18018,
  "parameters": {
    "w": 1.1249620424490419,
    "b": 0.06468022272930075
  }
}