{
  "timestamp": "2025-10-10T20:20:21.667Z",
  "runId": "cmglaifc40028owootgmhaq8r",
  "step": 7,
  "loss": 0.6306711299365793,
  "elapsedMs": 48018,
  "parameters": {
    "w": 2.489846453594133,
    "b": 0.42309051031625017
  }
}