{
  "timestamp": "2025-10-10T19:46:51.446Z",
  "runId": "cmgl96vw2010b6wcdbnqi98ym",
  "step": 33,
  "loss": 0.9812825052869797,
  "elapsedMs": 256123,
  "parameters": {
    "w": 2.338414999493163,
    "b": 0.25454691619427683
  }
}