{
  "timestamp": "2025-10-10T18:51:18.937Z",
  "runId": "cmgl7cxp1015v4bwguml7zqxc",
  "step": 1,
  "loss": 52.34193593514484,
  "elapsedMs": 0,
  "parameters": {
    "w": 0.20476869615547844,
    "b": 0.009354992926912166
  }
}