{
  "timestamp": "2025-10-10T19:10:53.426Z",
  "runId": "cmgl7zjlv002g6wcdql2u3d53",
  "step": 16,
  "loss": 0.3149366841156248,
  "elapsedMs": 120048,
  "parameters": {
    "w": 2.49202050772056,
    "b": 0.7376430462085596
  }
}