{
  "timestamp": "2025-10-10T17:14:02.159Z",
  "runId": "cmgl3kopi003ph6q6ljucg8co",
  "step": 66,
  "loss": 0.24949500529784735,
  "elapsedMs": 520260,
  "parameters": {
    "w": 2.5086473510184875,
    "b": 0.9766895727723569
  }
}