{
  "timestamp": "2025-10-10T17:13:13.670Z",
  "runId": "cmgl3kbtb0039h6q6lb066m12",
  "step": 62,
  "loss": 0.2630055427561711,
  "elapsedMs": 488305,
  "parameters": {
    "w": 2.488292231159347,
    "b": 0.9874204021865818
  }
}