{
  "timestamp": "2025-10-10T17:15:14.204Z",
  "runId": "cmgl3kopi003ph6q6ljucg8co",
  "step": 75,
  "loss": 0.24949408137174808,
  "elapsedMs": 592304,
  "parameters": {
    "w": 2.508648447591388,
    "b": 0.9772644026546581
  }
}