{
  "timestamp": "2025-10-10T18:08:21.149Z",
  "runId": "cmgl5qlvy002ncwvauonxnqvu",
  "step": 19,
  "loss": 0.28220998212911164,
  "elapsedMs": 144105,
  "parameters": {
    "w": 2.505434156339418,
    "b": 0.7995008752238575
  }
}