{
  "timestamp": "2025-10-10T17:05:37.377Z",
  "runId": "cmgl3kbtb0039h6q6lb066m12",
  "step": 5,
  "loss": 0.715177856616222,
  "elapsedMs": 32011,
  "parameters": {
    "w": 2.4788106969333166,
    "b": 0.3833336832612519
  }
}