{
  "timestamp": "2025-10-10T17:18:10.354Z",
  "runId": "cmgl3kopi003ph6q6ljucg8co",
  "step": 97,
  "loss": 0.2494939197772381,
  "elapsedMs": 768457,
  "parameters": {
    "w": 2.5086490728366133,
    "b": 0.9775921598328045
  }
}