{
  "timestamp": "2025-10-10T20:34:24.011Z",
  "runId": "cmglb15x5000410aty7a0wpll",
  "step": 3,
  "loss": 0.9224726553042083,
  "elapsedMs": 16009,
  "parameters": {
    "w": 2.4903897095326166,
    "b": 0.28244308293635234
  }
}