{
  "timestamp": "2025-10-10T17:55:00.315Z",
  "runId": "cmgl59m5400vt59p3z5r7qzff",
  "step": 18,
  "loss": 1.8926340570201454,
  "elapsedMs": 136120,
  "parameters": {
    "w": 2.196895455956314,
    "b": 0.2313685354602531
  }
}