{
  "timestamp": "2025-10-10T17:04:04.272Z",
  "runId": "cmgl3g3cz0001h6q6xmybpgpv",
  "step": 18,
  "loss": 0.2689725633291828,
  "elapsedMs": 136059,
  "parameters": {
    "w": 2.5021538855839753,
    "b": 0.8650513476595176
  }
}