{
  "timestamp": "2025-10-10T18:49:22.216Z",
  "runId": "cmgl7afsf010p4bwg8hj2ac1n",
  "step": 1,
  "loss": 56.87091593260302,
  "elapsedMs": 0,
  "parameters": {
    "w": 0.23723264751499465,
    "b": 0.012227240770695315
  }
}