{
  "timestamp": "2025-10-10T17:14:09.684Z",
  "runId": "cmgl3kbtb0039h6q6lb066m12",
  "step": 69,
  "loss": 0.2630033857540062,
  "elapsedMs": 544320,
  "parameters": {
    "w": 2.488303606321955,
    "b": 0.9882057021718702
  }
}