{
  "timestamp": "2025-10-10T17:18:18.361Z",
  "runId": "cmgl3kopi003ph6q6ljucg8co",
  "step": 98,
  "loss": 0.24949391947654073,
  "elapsedMs": 776461,
  "parameters": {
    "w": 2.5086490796667418,
    "b": 0.9775957402257552
  }
}