{
  "timestamp": "2025-10-10T17:14:42.189Z",
  "runId": "cmgl3kopi003ph6q6ljucg8co",
  "step": 71,
  "loss": 0.24949429725540795,
  "elapsedMs": 560290,
  "parameters": {
    "w": 2.508648084075207,
    "b": 0.9770738453614454
  }
}