{
  "timestamp": "2025-10-10T19:56:54.410Z",
  "runId": "cmgl9l0fl01bh6wcdrrxrxgke",
  "step": 26,
  "loss": 1.549105562397856,
  "elapsedMs": 199997,
  "parameters": {
    "w": 2.238582432784505,
    "b": 0.22526080873607968
  }
}