{
  "timestamp": "2025-10-10T17:15:46.218Z",
  "runId": "cmgl3kopi003ph6q6ljucg8co",
  "step": 79,
  "loss": 0.24949398843868392,
  "elapsedMs": 624316,
  "parameters": {
    "w": 2.508648686097213,
    "b": 0.9773894287930244
  }
}