{
  "timestamp": "2025-10-10T20:27:32.965Z",
  "runId": "cmglas6ov0002lfunaib5ijsh",
  "step": 4,
  "loss": 0.8004295161578527,
  "elapsedMs": 24032,
  "parameters": {
    "w": 2.495620833527823,
    "b": 0.3459084428515389
  }
}