{
  "timestamp": "2025-10-10T17:44:23.741Z",
  "runId": "cmgl4urll00k759p3ddddxdkz",
  "step": 25,
  "loss": 0.492548376338795,
  "elapsedMs": 192233,
  "parameters": {
    "w": 2.4962380831931337,
    "b": 0.4862999844862816
  }
}