{
  "timestamp": "2025-10-10T18:44:43.592Z",
  "runId": "cmgl74eri00o94bwg2vepljfr",
  "step": 2,
  "loss": 37.21777426130812,
  "elapsedMs": 3009,
  "parameters": {
    "w": 0.8180103752321792,
    "b": 0.03483481709382413
  }
}