{
  "timestamp": "2025-10-10T18:01:26.076Z",
  "runId": "cmgl5fha7011s59p318sj78n8",
  "step": 32,
  "loss": 0.9423728528132264,
  "elapsedMs": 248106,
  "parameters": {
    "w": 2.3572068796776997,
    "b": 0.25735671930128073
  }
}