{
  "timestamp": "2025-10-10T17:07:48.365Z",
  "runId": "cmgl3g3cz0001h6q6xmybpgpv",
  "step": 46,
  "loss": 0.24229812434490555,
  "elapsedMs": 360155,
  "parameters": {
    "w": 2.50029081128568,
    "b": 1.0046103197856353
  }
}