{
  "timestamp": "2025-10-10T17:17:13.821Z",
  "runId": "cmgl3kbtb0039h6q6lb066m12",
  "step": 92,
  "loss": 0.26300274910164534,
  "elapsedMs": 728455,
  "parameters": {
    "w": 2.4883131282059803,
    "b": 0.9888630585229516
  }
}