{
  "timestamp": "2025-10-10T20:55:36.294Z",
  "runId": "cmglbcb2y001p4nhiwgg4wuky",
  "step": 97,
  "loss": 0.2475742138932908,
  "elapsedMs": 768320,
  "parameters": {
    "w": 2.505154796969358,
    "b": 0.9916397718468778
  }
}