{
  "timestamp": "2025-10-10T20:47:52.107Z",
  "runId": "cmglbcb2y001p4nhiwgg4wuky",
  "step": 39,
  "loss": 0.247916979522769,
  "elapsedMs": 304136,
  "parameters": {
    "w": 2.5050152553591225,
    "b": 0.9750097104159167
  }
}