{
  "timestamp": "2025-10-10T17:32:49.916Z",
  "runId": "cmgl4fvzq008l59p3ozsfa6tx",
  "step": 25,
  "loss": 0.30430867450765303,
  "elapsedMs": 192108,
  "parameters": {
    "w": 2.503835938842954,
    "b": 0.7201106166309487
  }
}