{
  "timestamp": "2025-10-10T18:09:35.262Z",
  "runId": "cmgl5u8r5005hcwvace9t3wiy",
  "step": 7,
  "loss": 0.7407830918348736,
  "elapsedMs": 48025,
  "parameters": {
    "w": 2.487762732504494,
    "b": 0.3589725899921181
  }
}