{
  "timestamp": "2025-10-10T17:51:14.783Z",
  "runId": "cmgl54fs100rr59p3m5p675ua",
  "step": 20,
  "loss": 0.9310188294724494,
  "elapsedMs": 152096,
  "parameters": {
    "w": 2.379891812846561,
    "b": 0.30190121217607463
  }
}