{
  "timestamp": "2025-10-10T17:12:20.493Z",
  "runId": "cmgl3g3cz0001h6q6xmybpgpv",
  "step": 80,
  "loss": 0.24222431847786424,
  "elapsedMs": 632284,
  "parameters": {
    "w": 2.500190366219734,
    "b": 1.0121344481423435
  }
}