{
  "timestamp": "2025-10-10T18:36:11.923Z",
  "runId": "cmgl6slj300014bwgepuoxl5u",
  "step": 15,
  "loss": 0.31947386259217847,
  "elapsedMs": 42109,
  "parameters": {
    "w": 2.5091871534327943,
    "b": 0.7771829128887406
  }
}