{
  "timestamp": "2025-10-10T19:42:25.973Z",
  "runId": "cmgl90un200vk6wcdsop962ok",
  "step": 35,
  "loss": 0.6625716231234237,
  "elapsedMs": 272124,
  "parameters": {
    "w": 2.461699305996117,
    "b": 0.3627756672752177
  }
}