{
  "timestamp": "2025-10-10T18:43:27.057Z",
  "runId": "cmgl72bgt00jx4bwgrwqopomd",
  "step": 9,
  "loss": 1.9050631908496625,
  "elapsedMs": 24055,
  "parameters": {
    "w": 2.2301655101935207,
    "b": 0.1748446960561967
  }
}