{
  "timestamp": "2025-10-10T17:26:30.313Z",
  "runId": "cmgl4bpjs005d59p39f6kzn3x",
  "step": 2,
  "loss": 12.158162538391286,
  "elapsedMs": 8003,
  "parameters": {
    "w": 1.9872710440092378,
    "b": 0.1316236660999701
  }
}