{
  "timestamp": "2025-10-10T19:28:13.242Z",
  "runId": "cmgl8lu1b00jt6wcdu8xpy8ib",
  "step": 16,
  "loss": 0.7035355594459352,
  "elapsedMs": 120088,
  "parameters": {
    "w": 2.445191897301086,
    "b": 0.313134363969475
  }
}