{
  "timestamp": "2025-10-10T17:29:37.806Z",
  "runId": "cmgl4fvzq008l59p3ozsfa6tx",
  "step": 1,
  "loss": 53.69010220391701,
  "elapsedMs": 0,
  "parameters": {
    "w": 1.070909967496692,
    "b": 0.06012239178382633
  }
}