{
  "timestamp": "2025-10-10T18:18:13.266Z",
  "runId": "cmgl6674b0001g98wb8x1en6s",
  "step": 2,
  "loss": 2.337739127246331,
  "elapsedMs": 8009,
  "parameters": {
    "w": 2.4479553619738534,
    "b": 0.22351140399708577
  }
}