{
  "timestamp": "2025-10-10T19:48:28.834Z",
  "runId": "cmgl9dryo015r6wcdpzs47l9c",
  "step": 5,
  "loss": 26.90164260236933,
  "elapsedMs": 32014,
  "parameters": {
    "w": 0.8511992073004783,
    "b": 0.04827609879453893
  }
}