{
  "timestamp": "2025-10-10T17:56:44.486Z",
  "runId": "cmgl5dqby00yz59p3mdjadbc9",
  "step": 7,
  "loss": 0.5271678680496003,
  "elapsedMs": 48028,
  "parameters": {
    "w": 2.4972307864912686,
    "b": 0.4983191117514367
  }
}