{
  "timestamp": "2025-10-10T20:44:24.053Z",
  "runId": "cmglbcb2y001p4nhiwgg4wuky",
  "step": 13,
  "loss": 0.3294425847789316,
  "elapsedMs": 96057,
  "parameters": {
    "w": 2.5029937342240904,
    "b": 0.734092236216567
  }
}