{
  "timestamp": "2025-10-10T18:39:19.610Z",
  "runId": "cmgl6wtld008l4bwggktwxv95",
  "step": 12,
  "loss": 0.5806515575166918,
  "elapsedMs": 33090,
  "parameters": {
    "w": 2.495761823122692,
    "b": 0.46218874012896655
  }
}