{
  "timestamp": "2025-10-10T17:41:11.507Z",
  "runId": "cmgl4urll00k759p3ddddxdkz",
  "step": 1,
  "loss": 52.75629877721627,
  "elapsedMs": 0,
  "parameters": {
    "w": 0.538888134546386,
    "b": 0.03214926964048327
  }
}