{
  "timestamp": "2025-10-10T20:16:19.848Z",
  "runId": "cmglacw590001owoouwrbu1dl",
  "step": 9,
  "loss": 0.44224448856608495,
  "elapsedMs": 64035,
  "parameters": {
    "w": 2.500981509591643,
    "b": 0.6126032946927522
  }
}