{
  "timestamp": "2025-10-10T18:50:34.309Z",
  "runId": "cmgl7afsf010p4bwg8hj2ac1n",
  "step": 25,
  "loss": 1.3248290111704415,
  "elapsedMs": 72094,
  "parameters": {
    "w": 2.300692613258687,
    "b": 0.2498079505094331
  }
}