{
  "timestamp": "2025-10-10T17:40:46.063Z",
  "runId": "cmgl4p8ro00fv59p3xmz642an",
  "step": 30,
  "loss": 0.43151645529541166,
  "elapsedMs": 232095,
  "parameters": {
    "w": 2.4765528772138863,
    "b": 0.5836769007233621
  }
}