{
  "timestamp": "2025-10-10T17:53:48.251Z",
  "runId": "cmgl59m5400vt59p3z5r7qzff",
  "step": 9,
  "loss": 9.062597906753691,
  "elapsedMs": 64057,
  "parameters": {
    "w": 1.6280222836031715,
    "b": 0.12516985627724822
  }
}