{
  "timestamp": "2025-10-10T19:10:21.420Z",
  "runId": "cmgl7zjlv002g6wcdql2u3d53",
  "step": 12,
  "loss": 0.3882466106392382,
  "elapsedMs": 88039,
  "parameters": {
    "w": 2.4929345712409887,
    "b": 0.6363868530946089
  }
}