{
  "timestamp": "2025-10-10T18:48:59.388Z",
  "runId": "cmgl7856900vy4bwg1x0y62xj",
  "step": 29,
  "loss": 0.8508298724807941,
  "elapsedMs": 84080,
  "parameters": {
    "w": 2.397033806052851,
    "b": 0.29569149952507723
  }
}