{
  "timestamp": "2025-10-10T17:28:30.409Z",
  "runId": "cmgl4bpjs005d59p39f6kzn3x",
  "step": 17,
  "loss": 0.3715187512072383,
  "elapsedMs": 128099,
  "parameters": {
    "w": 2.5012789785201273,
    "b": 0.6882356974748478
  }
}