{
  "timestamp": "2025-10-10T20:44:49.403Z",
  "runId": "cmglb7cuq00014nhizxmusl2p",
  "step": 45,
  "loss": 0.25601275197509243,
  "elapsedMs": 352209,
  "parameters": {
    "w": 2.50155097342848,
    "b": 1.0137793145385723
  }
}