{
  "timestamp": "2025-10-10T17:27:50.392Z",
  "runId": "cmgl4bpjs005d59p39f6kzn3x",
  "step": 12,
  "loss": 0.4859253229936429,
  "elapsedMs": 88082,
  "parameters": {
    "w": 2.501537203408362,
    "b": 0.5600807271657746
  }
}