{
  "timestamp": "2025-10-10T17:13:37.677Z",
  "runId": "cmgl3kbtb0039h6q6lb066m12",
  "step": 65,
  "loss": 0.2630042328478697,
  "elapsedMs": 512313,
  "parameters": {
    "w": 2.4882981384158795,
    "b": 0.9878282177605621
  }
}