{
  "timestamp": "2025-10-10T19:53:17.023Z",
  "runId": "cmgl9dryo015r6wcdpzs47l9c",
  "step": 41,
  "loss": 0.7738466814808888,
  "elapsedMs": 320206,
  "parameters": {
    "w": 2.420550183288822,
    "b": 0.34125737892852537
  }
}