{
  "timestamp": "2025-10-10T20:36:32.175Z",
  "runId": "cmglb15x5000410aty7a0wpll",
  "step": 19,
  "loss": 0.277053003350827,
  "elapsedMs": 144112,
  "parameters": {
    "w": 2.4968529308966905,
    "b": 0.865642366601421
  }
}