{
  "timestamp": "2025-10-10T19:40:41.935Z",
  "runId": "cmgl90un200vk6wcdsop962ok",
  "step": 22,
  "loss": 1.2310782537507092,
  "elapsedMs": 168080,
  "parameters": {
    "w": 2.3031070394456465,
    "b": 0.24381916950938023
  }
}