{
  "timestamp": "2025-10-10T19:53:42.381Z",
  "runId": "cmgl9l0fl01bh6wcdrrxrxgke",
  "step": 2,
  "loss": 45.14597610634926,
  "elapsedMs": 8000,
  "parameters": {
    "w": 0.4026775042264601,
    "b": 0.01802616623417362
  }
}