{
  "timestamp": "2025-10-10T18:37:19.547Z",
  "runId": "cmgl6tsm0002f4bwgl80qap6b",
  "step": 19,
  "loss": 0.28645593021307636,
  "elapsedMs": 54110,
  "parameters": {
    "w": 2.4941092239185725,
    "b": 0.7974970540471836
  }
}