{
  "timestamp": "2025-10-10T17:12:09.648Z",
  "runId": "cmgl3kbtb0039h6q6lb066m12",
  "step": 54,
  "loss": 0.26301780809598274,
  "elapsedMs": 424277,
  "parameters": {
    "w": 2.488263419400072,
    "b": 0.9854313427845353
  }
}