{
  "timestamp": "2025-10-10T17:12:44.501Z",
  "runId": "cmgl3g3cz0001h6q6xmybpgpv",
  "step": 83,
  "loss": 0.24222429146516042,
  "elapsedMs": 656293,
  "parameters": {
    "w": 2.500189584411522,
    "b": 1.0121930117490199
  }
}