{
  "timestamp": "2025-10-10T20:36:40.119Z",
  "runId": "cmglb15x5000410aty7a0wpll",
  "step": 20,
  "loss": 0.27292353847425027,
  "elapsedMs": 152118,
  "parameters": {
    "w": 2.496765434422676,
    "b": 0.8789106579708837
  }
}