{
  "timestamp": "2025-10-10T17:37:25.984Z",
  "runId": "cmgl4p8ro00fv59p3xmz642an",
  "step": 5,
  "loss": 5.470750698812086,
  "elapsedMs": 32015,
  "parameters": {
    "w": 1.9094766638802958,
    "b": 0.08874966454455459
  }
}