{
  "timestamp": "2025-10-10T17:03:08.254Z",
  "runId": "cmgl3g3cz0001h6q6xmybpgpv",
  "step": 11,
  "loss": 0.35890863535480444,
  "elapsedMs": 80042,
  "parameters": {
    "w": 2.5042945399187317,
    "b": 0.7046990582996245
  }
}