{
  "timestamp": "2025-10-10T18:40:45.068Z",
  "runId": "cmgl6yiy100c34bwgpi1gkjqk",
  "step": 14,
  "loss": 0.5446984822178026,
  "elapsedMs": 39085,
  "parameters": {
    "w": 2.5176661062836705,
    "b": 0.49609263508388973
  }
}