{
  "timestamp": "2025-10-10T20:48:48.128Z",
  "runId": "cmglbcb2y001p4nhiwgg4wuky",
  "step": 46,
  "loss": 0.2476526882604099,
  "elapsedMs": 360155,
  "parameters": {
    "w": 2.505088190652926,
    "b": 0.9837018733800214
  }
}