{
  "timestamp": "2025-10-10T18:49:38.717Z",
  "runId": "cmgl7afsf010p4bwg8hj2ac1n",
  "step": 6,
  "loss": 21.77244431263401,
  "elapsedMs": 15019,
  "parameters": {
    "w": 1.1266754153876817,
    "b": 0.06968939355217324
  }
}