{
  "timestamp": "2025-10-10T20:17:23.871Z",
  "runId": "cmglacw590001owoouwrbu1dl",
  "step": 17,
  "loss": 0.28532535078542104,
  "elapsedMs": 128061,
  "parameters": {
    "w": 2.5020488559784977,
    "b": 0.837563681984359
  }
}