{
  "timestamp": "2025-10-10T18:39:43.676Z",
  "runId": "cmgl6wtld008l4bwggktwxv95",
  "step": 20,
  "loss": 0.3977738998560625,
  "elapsedMs": 57156,
  "parameters": {
    "w": 2.5008822953921586,
    "b": 0.6466279477468823
  }
}