{
  "timestamp": "2025-10-10T17:17:14.253Z",
  "runId": "cmgl3kopi003ph6q6ljucg8co",
  "step": 90,
  "loss": 0.24949392511247107,
  "elapsedMs": 712355,
  "parameters": {
    "w": 2.5086489983378666,
    "b": 0.9775531071569418
  }
}