{
  "timestamp": "2025-10-10T19:51:40.963Z",
  "runId": "cmgl9dryo015r6wcdpzs47l9c",
  "step": 29,
  "loss": 1.3134748282707185,
  "elapsedMs": 224144,
  "parameters": {
    "w": 2.2785653234881407,
    "b": 0.25431341382034817
  }
}