{
  "timestamp": "2025-10-10T17:50:18.735Z",
  "runId": "cmgl54fs100rr59p3m5p675ua",
  "step": 13,
  "loss": 2.322503734004429,
  "elapsedMs": 96049,
  "parameters": {
    "w": 2.148563326371873,
    "b": 0.2114588346974316
  }
}