{
  "timestamp": "2025-10-10T20:45:20.041Z",
  "runId": "cmglbcb2y001p4nhiwgg4wuky",
  "step": 20,
  "loss": 0.2663178532337303,
  "elapsedMs": 152069,
  "parameters": {
    "w": 2.5041209220776652,
    "b": 0.8684263236739795
  }
}