{
  "timestamp": "2025-10-10T17:08:25.999Z",
  "runId": "cmgl3kopi003ph6q6ljucg8co",
  "step": 24,
  "loss": 0.2570760392293174,
  "elapsedMs": 184102,
  "parameters": {
    "w": 2.5084996407226794,
    "b": 0.8992589779317394
  }
}