{
  "timestamp": "2025-10-10T18:45:10.656Z",
  "runId": "cmgl74eri00o94bwg2vepljfr",
  "step": 11,
  "loss": 1.929792802675254,
  "elapsedMs": 30073,
  "parameters": {
    "w": 2.216940727216031,
    "b": 0.19014459990679075
  }
}