{
  "timestamp": "2025-10-10T17:32:41.915Z",
  "runId": "cmgl4fvzq008l59p3ozsfa6tx",
  "step": 24,
  "loss": 0.31230412713428846,
  "elapsedMs": 184103,
  "parameters": {
    "w": 2.50398351500651,
    "b": 0.7063595033968653
  }
}