{
  "timestamp": "2025-10-10T17:59:10.006Z",
  "runId": "cmgl5h0vn014459p363ew48tj",
  "step": 6,
  "loss": 0.6764735541226671,
  "elapsedMs": 40014,
  "parameters": {
    "w": 2.5002958313846646,
    "b": 0.3917305556928268
  }
}