{
  "timestamp": "2025-10-10T17:25:00.879Z",
  "runId": "cmgl482qh002k59p30ih5wuub",
  "step": 12,
  "loss": 0.4086430088224615,
  "elapsedMs": 88065,
  "parameters": {
    "w": 2.5019438406735386,
    "b": 0.6157014328234394
  }
}