{
  "timestamp": "2025-10-10T20:55:44.292Z",
  "runId": "cmglbcb2y001p4nhiwgg4wuky",
  "step": 98,
  "loss": 0.24757421357080192,
  "elapsedMs": 776321,
  "parameters": {
    "w": 2.5051548280819564,
    "b": 0.9916434797331752
  }
}