{
  "timestamp": "2025-10-10T18:49:17.474Z",
  "runId": "cmgl7856900vy4bwg1x0y62xj",
  "step": 35,
  "loss": 0.7102275732134553,
  "elapsedMs": 102168,
  "parameters": {
    "w": 2.4430275918365996,
    "b": 0.3504723513952498
  }
}