{
  "timestamp": "2025-10-10T18:39:46.682Z",
  "runId": "cmgl6wtld008l4bwggktwxv95",
  "step": 21,
  "loss": 0.38396777369831375,
  "elapsedMs": 60163,
  "parameters": {
    "w": 2.5009820622345207,
    "b": 0.6646978925103564
  }
}