{
  "timestamp": "2025-10-10T18:45:49.739Z",
  "runId": "cmgl74eri00o94bwg2vepljfr",
  "step": 24,
  "loss": 0.6434741700488185,
  "elapsedMs": 69156,
  "parameters": {
    "w": 2.47887818133056,
    "b": 0.3792723590344506
  }
}