{
  "timestamp": "2025-10-10T20:27:16.934Z",
  "runId": "cmglas6ov0002lfunaib5ijsh",
  "step": 2,
  "loss": 1.8946160962255527,
  "elapsedMs": 8000,
  "parameters": {
    "w": 2.4591263682309172,
    "b": 0.19031897831276262
  }
}