{
  "timestamp": "2025-10-10T20:42:41.341Z",
  "runId": "cmglb7cuq00014nhizxmusl2p",
  "step": 29,
  "loss": 0.2585590219560588,
  "elapsedMs": 224150,
  "parameters": {
    "w": 2.502270832897579,
    "b": 0.9761074327644886
  }
}