{
  "timestamp": "2025-10-10T18:04:51.621Z",
  "runId": "cmgl5na850001cwva9g70z3sf",
  "step": 12,
  "loss": 0.3356418101129841,
  "elapsedMs": 88127,
  "parameters": {
    "w": 2.499114740800908,
    "b": 0.7111869523297766
  }
}