{
  "timestamp": "2025-10-10T18:44:15.168Z",
  "runId": "cmgl72bgt00jx4bwgrwqopomd",
  "step": 25,
  "loss": 0.5774125674914959,
  "elapsedMs": 72166,
  "parameters": {
    "w": 2.482107880313649,
    "b": 0.4645643535715409
  }
}