{
  "timestamp": "2025-10-10T18:15:32.725Z",
  "runId": "cmgl62lbu001gdkqpfjwsax3u",
  "step": 3,
  "loss": 0.9549839749151391,
  "elapsedMs": 16015,
  "parameters": {
    "w": 2.4912209932669414,
    "b": 0.2932620156594988
  }
}