{
  "timestamp": "2025-10-10T17:59:02.009Z",
  "runId": "cmgl5fha7011s59p318sj78n8",
  "step": 14,
  "loss": 5.378161236400347,
  "elapsedMs": 104044,
  "parameters": {
    "w": 1.8231368906953698,
    "b": 0.10929019504635676
  }
}