{
  "timestamp": "2025-10-10T20:08:26.418Z",
  "runId": "cmgla1jtd00013dxhvorihs03",
  "step": 16,
  "loss": 0.3022497969951514,
  "elapsedMs": 120049,
  "parameters": {
    "w": 2.5018635395103623,
    "b": 0.8183062471420084
  }
}