{
  "timestamp": "2025-10-10T18:47:50.320Z",
  "runId": "cmgl7856900vy4bwg1x0y62xj",
  "step": 6,
  "loss": 17.049071430238595,
  "elapsedMs": 15014,
  "parameters": {
    "w": 1.2317915914278361,
    "b": 0.058125660524522234
  }
}