{
  "timestamp": "2025-10-10T18:07:49.131Z",
  "runId": "cmgl5qlvy002ncwvauonxnqvu",
  "step": 15,
  "loss": 0.32407831827435973,
  "elapsedMs": 112085,
  "parameters": {
    "w": 2.5070255762396902,
    "b": 0.7229776183614474
  }
}