{
  "timestamp": "2025-10-10T18:17:19.951Z",
  "runId": "cmgl63irq0001phvacuo2rrtr",
  "step": 11,
  "loss": 0.37750052284585434,
  "elapsedMs": 80073,
  "parameters": {
    "w": 2.4872991994102587,
    "b": 0.6542337721491316
  }
}