{
  "timestamp": "2025-10-10T20:20:45.679Z",
  "runId": "cmglaifc40028owootgmhaq8r",
  "step": 10,
  "loss": 0.47874335157461007,
  "elapsedMs": 72029,
  "parameters": {
    "w": 2.492111968386157,
    "b": 0.5495511511853325
  }
}