{
  "timestamp": "2025-10-10T19:42:09.965Z",
  "runId": "cmgl90un200vk6wcdsop962ok",
  "step": 33,
  "loss": 0.6974344910936754,
  "elapsedMs": 256118,
  "parameters": {
    "w": 2.4497070670033967,
    "b": 0.3457409817907132
  }
}