{
  "timestamp": "2025-10-10T17:46:25.250Z",
  "runId": "cmgl4zfkb00nu59p3nhm3kcwp",
  "step": 13,
  "loss": 1.364987786964482,
  "elapsedMs": 96039,
  "parameters": {
    "w": 2.302179223895384,
    "b": 0.24486965450739326
  }
}