{
  "timestamp": "2025-10-10T18:43:21.047Z",
  "runId": "cmgl72bgt00jx4bwgrwqopomd",
  "step": 7,
  "loss": 3.565618298206364,
  "elapsedMs": 18044,
  "parameters": {
    "w": 2.0633449797608256,
    "b": 0.13241564809308504
  }
}