{
  "timestamp": "2025-10-10T19:35:28.348Z",
  "runId": "cmgl8vo8r00ri6wcdlenesao3",
  "step": 13,
  "loss": 2.3928220152503665,
  "elapsedMs": 96070,
  "parameters": {
    "w": 2.1384361496715614,
    "b": 0.21125215131647107
  }
}