{
  "timestamp": "2025-10-10T17:09:14.034Z",
  "runId": "cmgl3kopi003ph6q6ljucg8co",
  "step": 30,
  "loss": 0.2516354101127312,
  "elapsedMs": 232137,
  "parameters": {
    "w": 2.508569689060393,
    "b": 0.9359787233433056
  }
}