{
  "timestamp": "2025-10-10T20:06:42.372Z",
  "runId": "cmgla1jtd00013dxhvorihs03",
  "step": 3,
  "loss": 0.957322408957207,
  "elapsedMs": 16002,
  "parameters": {
    "w": 2.4913914455353767,
    "b": 0.27162689730415396
  }
}