{
  "timestamp": "2025-10-10T20:00:48.299Z",
  "runId": "cmgl9rwek01gx6wcdq62ivwmo",
  "step": 15,
  "loss": 5.465353100535602,
  "elapsedMs": 112037,
  "parameters": {
    "w": 1.8462674010475986,
    "b": 0.16335569548130183
  }
}