{
  "timestamp": "2025-10-10T17:13:22.142Z",
  "runId": "cmgl3kopi003ph6q6ljucg8co",
  "step": 61,
  "loss": 0.24949703588289507,
  "elapsedMs": 480246,
  "parameters": {
    "w": 2.5086461095990935,
    "b": 0.976038813516848
  }
}