{
  "timestamp": "2025-10-10T17:11:06.080Z",
  "runId": "cmgl3kopi003ph6q6ljucg8co",
  "step": 44,
  "loss": 0.24960600206923544,
  "elapsedMs": 344183,
  "parameters": {
    "w": 2.5086309642900595,
    "b": 0.9680995545698851
  }
}