{
  "timestamp": "2025-10-10T19:19:30.235Z",
  "runId": "cmgl8btqb00bz6wcdppfmiop5",
  "step": 9,
  "loss": 0.9105178107291947,
  "elapsedMs": 64021,
  "parameters": {
    "w": 2.4286761686139253,
    "b": 0.30093680681222257
  }
}