{
  "timestamp": "2025-10-10T19:13:59.137Z",
  "runId": "cmgl836h500596wcddnzwnuoz",
  "step": 18,
  "loss": 0.3500262074785974,
  "elapsedMs": 136130,
  "parameters": {
    "w": 2.4966320736656598,
    "b": 0.6951591111405675
  }
}