{
  "timestamp": "2025-10-10T17:01:04.749Z",
  "runId": "cmgl3d9qe00011qpodoj7t04t",
  "step": 12,
  "loss": 0.3434832659291685,
  "elapsedMs": 88028,
  "parameters": {
    "w": 2.4938034617408045,
    "b": 0.7220112296518518
  }
}