{
  "timestamp": "2025-10-10T20:19:43.472Z",
  "runId": "cmglaigvp002cowooff7wk6rf",
  "step": 2,
  "loss": 2.4263042604529255,
  "elapsedMs": 8000,
  "parameters": {
    "w": 2.429802117253892,
    "b": 0.1714268741890514
  }
}