{
  "timestamp": "2025-10-10T20:08:34.427Z",
  "runId": "cmgla1jtd00013dxhvorihs03",
  "step": 17,
  "loss": 0.29410678392264133,
  "elapsedMs": 128058,
  "parameters": {
    "w": 2.5018699767123738,
    "b": 0.83693819591883
  }
}