{
  "timestamp": "2025-10-10T20:12:53.908Z",
  "runId": "cmgla7z4y004y3dxh5c4aap3d",
  "step": 12,
  "loss": 0.44204253558919415,
  "elapsedMs": 88033,
  "parameters": {
    "w": 2.5055684619248244,
    "b": 0.5744147863839445
  }
}