{
  "timestamp": "2025-10-10T19:48:36.836Z",
  "runId": "cmgl9dryo015r6wcdpzs47l9c",
  "step": 6,
  "loss": 22.94721515985151,
  "elapsedMs": 40017,
  "parameters": {
    "w": 0.9829557830002644,
    "b": 0.05772696162699879
  }
}