{
  "timestamp": "2025-10-10T18:37:57.091Z",
  "runId": "cmgl6v8sc005d4bwg0lsq0cvg",
  "step": 9,
  "loss": 0.6355559809250461,
  "elapsedMs": 24054,
  "parameters": {
    "w": 2.4973405261826183,
    "b": 0.44912543032696406
  }
}