{
  "timestamp": "2025-10-10T17:38:46.015Z",
  "runId": "cmgl4p8ro00fv59p3xmz642an",
  "step": 15,
  "loss": 0.7338201875898035,
  "elapsedMs": 112047,
  "parameters": {
    "w": 2.4392887908417995,
    "b": 0.3264344182480477
  }
}