{
  "timestamp": "2025-10-10T17:28:14.408Z",
  "runId": "cmgl4bpjs005d59p39f6kzn3x",
  "step": 15,
  "loss": 0.4084778055768114,
  "elapsedMs": 112097,
  "parameters": {
    "w": 2.5014257744865906,
    "b": 0.6419921366739201
  }
}