{
  "timestamp": "2025-10-10T20:02:16.337Z",
  "runId": "cmgl9rwek01gx6wcdq62ivwmo",
  "step": 26,
  "loss": 1.4467700145327667,
  "elapsedMs": 200074,
  "parameters": {
    "w": 2.2614113758967687,
    "b": 0.2562200288699703
  }
}