{
  "timestamp": "2025-10-10T18:16:31.909Z",
  "runId": "cmgl63irq0001phvacuo2rrtr",
  "step": 5,
  "loss": 0.7295652908465108,
  "elapsedMs": 32032,
  "parameters": {
    "w": 2.477450090573222,
    "b": 0.3588161614341864
  }
}