{
  "timestamp": "2025-10-10T18:02:14.212Z",
  "runId": "cmgl5fha7011s59p318sj78n8",
  "step": 38,
  "loss": 0.7800149972718211,
  "elapsedMs": 296126,
  "parameters": {
    "w": 2.4086110926937083,
    "b": 0.3028416001916755
  }
}