{
  "timestamp": "2025-10-10T20:46:09.434Z",
  "runId": "cmglb7cuq00014nhizxmusl2p",
  "step": 55,
  "loss": 0.255932488185143,
  "elapsedMs": 432241,
  "parameters": {
    "w": 2.501443871490026,
    "b": 1.0193842023484796
  }
}