{
  "timestamp": "2025-10-10T19:10:45.425Z",
  "runId": "cmgl7zjlv002g6wcdql2u3d53",
  "step": 15,
  "loss": 0.328965662584905,
  "elapsedMs": 112045,
  "parameters": {
    "w": 2.492221952189818,
    "b": 0.7153999633427185
  }
}