{
  "timestamp": "2025-10-10T17:03:16.253Z",
  "runId": "cmgl3g3cz0001h6q6xmybpgpv",
  "step": 12,
  "loss": 0.3367662279890717,
  "elapsedMs": 88044,
  "parameters": {
    "w": 2.5038843776035615,
    "b": 0.7354237730314448
  }
}