{
  "timestamp": "2025-10-10T17:44:47.751Z",
  "runId": "cmgl4urll00k759p3ddddxdkz",
  "step": 28,
  "loss": 0.45673922128051564,
  "elapsedMs": 216243,
  "parameters": {
    "w": 2.498757394740932,
    "b": 0.5229223577669798
  }
}