{
  "timestamp": "2025-10-10T17:26:20.951Z",
  "runId": "cmgl482qh002k59p30ih5wuub",
  "step": 22,
  "loss": 0.2753095789651582,
  "elapsedMs": 168136,
  "parameters": {
    "w": 2.5040820495521103,
    "b": 0.8266624784445299
  }
}