{
  "timestamp": "2025-10-10T19:40:17.912Z",
  "runId": "cmgl90un200vk6wcdsop962ok",
  "step": 19,
  "loss": 1.6926483461081885,
  "elapsedMs": 144065,
  "parameters": {
    "w": 2.2196565118073672,
    "b": 0.21353163771975806
  }
}