{
  "timestamp": "2025-10-10T17:56:28.454Z",
  "runId": "cmgl59m5400vt59p3z5r7qzff",
  "step": 29,
  "loss": 0.8253270309820369,
  "elapsedMs": 224259,
  "parameters": {
    "w": 2.4176850895847246,
    "b": 0.3427570200009474
  }
}