{
  "timestamp": "2025-10-10T17:39:02.025Z",
  "runId": "cmgl4p8ro00fv59p3xmz642an",
  "step": 17,
  "loss": 0.669000366714726,
  "elapsedMs": 128056,
  "parameters": {
    "w": 2.453263944771735,
    "b": 0.3681842357389367
  }
}