{
  "timestamp": "2025-10-10T19:24:59.773Z",
  "runId": "cmgl8gnp400fr6wcdg48gl9pr",
  "step": 22,
  "loss": 0.5238798638161548,
  "elapsedMs": 168143,
  "parameters": {
    "w": 2.503105171915426,
    "b": 0.5377964231851806
  }
}