{
  "timestamp": "2025-10-10T17:31:21.868Z",
  "runId": "cmgl4fvzq008l59p3ozsfa6tx",
  "step": 14,
  "loss": 0.46136294006327544,
  "elapsedMs": 104059,
  "parameters": {
    "w": 2.504960784416112,
    "b": 0.5206988660693082
  }
}