{
  "timestamp": "2025-10-10T20:50:57.578Z",
  "runId": "cmglb7cuq00014nhizxmusl2p",
  "step": 91,
  "loss": 0.25592130865357055,
  "elapsedMs": 720380,
  "parameters": {
    "w": 2.5013875811137165,
    "b": 1.0223300056509104
  }
}