{
  "timestamp": "2025-10-10T19:52:28.997Z",
  "runId": "cmgl9dryo015r6wcdpzs47l9c",
  "step": 35,
  "loss": 0.9451146204219303,
  "elapsedMs": 272179,
  "parameters": {
    "w": 2.366881046085132,
    "b": 0.29905778907112035
  }
}