{
  "timestamp": "2025-10-10T17:52:34.835Z",
  "runId": "cmgl54fs100rr59p3m5p675ua",
  "step": 30,
  "loss": 0.6166173455909045,
  "elapsedMs": 232151,
  "parameters": {
    "w": 2.4761343076582456,
    "b": 0.4124620482523167
  }
}