{
  "timestamp": "2025-10-10T20:44:17.389Z",
  "runId": "cmglb7cuq00014nhizxmusl2p",
  "step": 41,
  "loss": 0.2561332325382037,
  "elapsedMs": 320199,
  "parameters": {
    "w": 2.501637001806989,
    "b": 1.0092772540065909
  }
}