{
  "timestamp": "2025-10-10T18:41:18.143Z",
  "runId": "cmgl6yiy100c34bwgpi1gkjqk",
  "step": 25,
  "loss": 0.3662570132784565,
  "elapsedMs": 72160,
  "parameters": {
    "w": 2.5190596460653665,
    "b": 0.6883091179424607
  }
}