{
  "timestamp": "2025-10-10T19:22:43.650Z",
  "runId": "cmgl8gnp400fr6wcdg48gl9pr",
  "step": 5,
  "loss": 5.233193368584814,
  "elapsedMs": 32020,
  "parameters": {
    "w": 1.988225727698901,
    "b": 0.16089553342514903
  }
}