{
  "timestamp": "2025-10-10T18:44:46.601Z",
  "runId": "cmgl74eri00o94bwg2vepljfr",
  "step": 3,
  "loss": 25.390495639989503,
  "elapsedMs": 6018,
  "parameters": {
    "w": 1.120310875700251,
    "b": 0.05248423033516415
  }
}