{
  "timestamp": "2025-10-10T17:35:08.333Z",
  "runId": "cmgl4kebm00c359p3j7bxwbeg",
  "step": 16,
  "loss": 0.47525253427931635,
  "elapsedMs": 120072,
  "parameters": {
    "w": 2.4932636782778888,
    "b": 0.49222103443162446
  }
}