{
  "timestamp": "2025-10-10T18:52:31.145Z",
  "runId": "cmgl7cxp1015v4bwguml7zqxc",
  "step": 25,
  "loss": 1.720479431404031,
  "elapsedMs": 72217,
  "parameters": {
    "w": 2.2018771575453746,
    "b": 0.2177944188731611
  }
}