{
  "timestamp": "2025-10-10T20:07:30.393Z",
  "runId": "cmgla1jtd00013dxhvorihs03",
  "step": 9,
  "loss": 0.4467342347377587,
  "elapsedMs": 64024,
  "parameters": {
    "w": 2.501793151899453,
    "b": 0.615078059383712
  }
}