{
  "timestamp": "2025-10-10T17:07:13.414Z",
  "runId": "cmgl3kbtb0039h6q6lb066m12",
  "step": 17,
  "loss": 0.29920444001635144,
  "elapsedMs": 128050,
  "parameters": {
    "w": 2.4858316382426384,
    "b": 0.8175499883778692
  }
}