{
  "timestamp": "2025-10-10T19:59:44.278Z",
  "runId": "cmgl9rwek01gx6wcdq62ivwmo",
  "step": 7,
  "loss": 19.64724358725127,
  "elapsedMs": 48016,
  "parameters": {
    "w": 1.159640069294137,
    "b": 0.08346718303052185
  }
}