{
  "timestamp": "2025-10-10T19:18:08.815Z",
  "runId": "cmgl87bxu008h6wcdl4542jih",
  "step": 25,
  "loss": 0.33735045930035223,
  "elapsedMs": 192060,
  "parameters": {
    "w": 2.498108868799463,
    "b": 0.7581375755271706
  }
}