{
  "timestamp": "2025-10-10T17:09:00.380Z",
  "runId": "cmgl3g3cz0001h6q6xmybpgpv",
  "step": 55,
  "loss": 0.2422353764927748,
  "elapsedMs": 432172,
  "parameters": {
    "w": 2.500227564057942,
    "b": 1.009348036419329
  }
}