{
  "timestamp": "2025-10-10T20:44:41.398Z",
  "runId": "cmglb7cuq00014nhizxmusl2p",
  "step": 44,
  "loss": 0.25603413493552674,
  "elapsedMs": 344207,
  "parameters": {
    "w": 2.501569218715414,
    "b": 1.0128244972140448
  }
}