{
  "timestamp": "2025-10-10T20:21:51.594Z",
  "runId": "cmglaigvp002cowooff7wk6rf",
  "step": 18,
  "loss": 0.280686597430217,
  "elapsedMs": 136048,
  "parameters": {
    "w": 2.4997033516895604,
    "b": 0.8410033099019594
  }
}