{
  "timestamp": "2025-10-10T17:16:58.244Z",
  "runId": "cmgl3kopi003ph6q6ljucg8co",
  "step": 88,
  "loss": 0.24949392873841186,
  "elapsedMs": 696347,
  "parameters": {
    "w": 2.5086489648421875,
    "b": 0.9775355485274205
  }
}