{
  "timestamp": "2025-10-10T17:16:17.792Z",
  "runId": "cmgl3kbtb0039h6q6lb066m12",
  "step": 85,
  "loss": 0.2630027661734958,
  "elapsedMs": 672429,
  "parameters": {
    "w": 2.488312116224366,
    "b": 0.9887931949812968
  }
}