{
  "timestamp": "2025-10-10T17:13:40.532Z",
  "runId": "cmgl3g3cz0001h6q6xmybpgpv",
  "step": 90,
  "loss": 0.24222426780634357,
  "elapsedMs": 712321,
  "parameters": {
    "w": 2.500188486475257,
    "b": 1.0122752558424468
  }
}