{
  "timestamp": "2025-10-10T18:51:49.050Z",
  "runId": "cmgl7cxp1015v4bwguml7zqxc",
  "step": 11,
  "loss": 10.299618697979286,
  "elapsedMs": 30114,
  "parameters": {
    "w": 1.5223351011896749,
    "b": 0.10054100762288148
  }
}