{
  "timestamp": "2025-10-10T17:09:16.387Z",
  "runId": "cmgl3g3cz0001h6q6xmybpgpv",
  "step": 57,
  "loss": 0.24223155805936977,
  "elapsedMs": 448177,
  "parameters": {
    "w": 2.5002199571802017,
    "b": 1.009917851611075
  }
}