{
  "timestamp": "2025-10-10T20:52:09.612Z",
  "runId": "cmglb7cuq00014nhizxmusl2p",
  "step": 100,
  "loss": 0.2559213037276022,
  "elapsedMs": 792419,
  "parameters": {
    "w": 2.5013867788825337,
    "b": 1.0223719882316495
  }
}