{
  "timestamp": "2025-10-10T20:49:46.114Z",
  "runId": "cmglb7cuq00014nhizxmusl2p",
  "step": 82,
  "loss": 0.25592134129500027,
  "elapsedMs": 648342,
  "parameters": {
    "w": 2.5013896462005625,
    "b": 1.0222219349637098
  }
}