{
  "timestamp": "2025-10-10T17:23:23.408Z",
  "runId": "cmgl44rnc000159p35n5uexhp",
  "step": 19,
  "loss": 0.26494901896165807,
  "elapsedMs": 144117,
  "parameters": {
    "w": 2.497014022663235,
    "b": 0.8580800246707638
  }
}