{
  "timestamp": "2025-10-10T20:48:56.132Z",
  "runId": "cmglbcb2y001p4nhiwgg4wuky",
  "step": 47,
  "loss": 0.24763778497339106,
  "elapsedMs": 368160,
  "parameters": {
    "w": 2.5050948790186007,
    "b": 0.9844989684676794
  }
}