{
  "timestamp": "2025-10-10T17:49:30.713Z",
  "runId": "cmgl54fs100rr59p3m5p675ua",
  "step": 7,
  "loss": 9.678448787468257,
  "elapsedMs": 48027,
  "parameters": {
    "w": 1.6284978355379176,
    "b": 0.12271060601511709
  }
}