{
  "timestamp": "2025-10-10T17:45:37.232Z",
  "runId": "cmgl4zfkb00nu59p3nhm3kcwp",
  "step": 7,
  "loss": 6.244506595422732,
  "elapsedMs": 48022,
  "parameters": {
    "w": 1.8555921576223404,
    "b": 0.14046951503471353
  }
}