{
  "timestamp": "2025-10-10T19:53:50.383Z",
  "runId": "cmgl9l0fl01bh6wcdrrxrxgke",
  "step": 3,
  "loss": 38.03412088410227,
  "elapsedMs": 16001,
  "parameters": {
    "w": 0.5788872857375954,
    "b": 0.027059544777380262
  }
}