{
  "timestamp": "2025-10-10T19:12:55.035Z",
  "runId": "cmgl836h500596wcddnzwnuoz",
  "step": 10,
  "loss": 0.5498774798542788,
  "elapsedMs": 72029,
  "parameters": {
    "w": 2.4952860339405207,
    "b": 0.48241780935969014
  }
}