{
  "timestamp": "2025-10-10T20:09:47.850Z",
  "runId": "cmgla4oab002f3dxhzweq11sz",
  "step": 8,
  "loss": 0.5349618033514943,
  "elapsedMs": 56083,
  "parameters": {
    "w": 2.5173621323133935,
    "b": 0.51240350098594
  }
}