{
  "timestamp": "2025-10-10T18:39:40.666Z",
  "runId": "cmgl6wtld008l4bwggktwxv95",
  "step": 19,
  "loss": 0.4131101891915707,
  "elapsedMs": 54146,
  "parameters": {
    "w": 2.5007600201758753,
    "b": 0.6275830833239879
  }
}