{
  "timestamp": "2025-10-10T20:42:49.348Z",
  "runId": "cmglb7cuq00014nhizxmusl2p",
  "step": 30,
  "loss": 0.25805914424822896,
  "elapsedMs": 232156,
  "parameters": {
    "w": 2.5021826166325436,
    "b": 0.9807239903700017
  }
}