{
  "timestamp": "2025-10-10T17:11:37.632Z",
  "runId": "cmgl3kbtb0039h6q6lb066m12",
  "step": 50,
  "loss": 0.26303769286977435,
  "elapsedMs": 392269,
  "parameters": {
    "w": 2.4882369273476654,
    "b": 0.9836024275345363
  }
}