{
  "timestamp": "2025-10-10T17:48:33.309Z",
  "runId": "cmgl4zfkb00nu59p3nhm3kcwp",
  "step": 29,
  "loss": 0.5438637882837712,
  "elapsedMs": 224100,
  "parameters": {
    "w": 2.498235601847316,
    "b": 0.4659196189226317
  }
}