{
  "timestamp": "2025-10-10T18:50:10.286Z",
  "runId": "cmgl7afsf010p4bwg8hj2ac1n",
  "step": 17,
  "loss": 3.2854686744218244,
  "elapsedMs": 48064,
  "parameters": {
    "w": 2.04627771380307,
    "b": 0.17984719872451618
  }
}