{
  "timestamp": "2025-10-10T18:14:53.038Z",
  "runId": "cmgl60jkk0001dkqperk9p40e",
  "step": 10,
  "loss": 0.39434033563369053,
  "elapsedMs": 72072,
  "parameters": {
    "w": 2.4952138788584315,
    "b": 0.6397994744050538
  }
}