{
  "timestamp": "2025-10-10T19:12:23.023Z",
  "runId": "cmgl836h500596wcddnzwnuoz",
  "step": 6,
  "loss": 0.7862017580055269,
  "elapsedMs": 40016,
  "parameters": {
    "w": 2.472090677505276,
    "b": 0.3256335468644336
  }
}