{
  "timestamp": "2025-10-10T18:10:47.287Z",
  "runId": "cmgl5u8r5005hcwvace9t3wiy",
  "step": 16,
  "loss": 0.40499595788788917,
  "elapsedMs": 120055,
  "parameters": {
    "w": 2.504859072869064,
    "b": 0.6471190893955802
  }
}