{
  "timestamp": "2025-10-10T18:09:59.269Z",
  "runId": "cmgl5u8r5005hcwvace9t3wiy",
  "step": 10,
  "loss": 0.5787456388886337,
  "elapsedMs": 72037,
  "parameters": {
    "w": 2.501883267156846,
    "b": 0.47451420452474585
  }
}