{
  "timestamp": "2025-10-10T19:44:35.387Z",
  "runId": "cmgl96vw2010b6wcdbnqi98ym",
  "step": 16,
  "loss": 4.487839382756225,
  "elapsedMs": 120065,
  "parameters": {
    "w": 1.8642213275074115,
    "b": 0.12062059100646337
  }
}