{
  "timestamp": "2025-10-10T20:50:08.163Z",
  "runId": "cmglbcb2y001p4nhiwgg4wuky",
  "step": 56,
  "loss": 0.24758376381294778,
  "elapsedMs": 440190,
  "parameters": {
    "w": 2.5051317623749783,
    "b": 0.9888945926926054
  }
}