{
  "timestamp": "2025-10-10T18:53:04.205Z",
  "runId": "cmgl7cxp1015v4bwguml7zqxc",
  "step": 36,
  "loss": 0.8830665973287987,
  "elapsedMs": 105276,
  "parameters": {
    "w": 2.3810393770105756,
    "b": 0.30025634186572037
  }
}