{
  "timestamp": "2025-10-10T17:46:01.242Z",
  "runId": "cmgl4zfkb00nu59p3nhm3kcwp",
  "step": 10,
  "loss": 2.5753564226113346,
  "elapsedMs": 72033,
  "parameters": {
    "w": 2.1416010545981714,
    "b": 0.1943566353909156
  }
}