{
  "timestamp": "2025-10-10T18:45:28.701Z",
  "runId": "cmgl74eri00o94bwg2vepljfr",
  "step": 17,
  "loss": 0.8625211503625224,
  "elapsedMs": 48118,
  "parameters": {
    "w": 2.413758631460507,
    "b": 0.2833609462355328
  }
}