{
  "timestamp": "2025-10-10T20:40:57.255Z",
  "runId": "cmglb7cuq00014nhizxmusl2p",
  "step": 16,
  "loss": 0.2964272094693971,
  "elapsedMs": 120060,
  "parameters": {
    "w": 2.504852631836095,
    "b": 0.8409960276031082
  }
}