{
  "timestamp": "2025-10-10T18:53:07.205Z",
  "runId": "cmgl7cxp1015v4bwguml7zqxc",
  "step": 37,
  "loss": 0.8527677441552062,
  "elapsedMs": 108277,
  "parameters": {
    "w": 2.3904448570957193,
    "b": 0.30733575532473045
  }
}