{
  "timestamp": "2025-10-10T20:42:57.348Z",
  "runId": "cmglb7cuq00014nhizxmusl2p",
  "step": 31,
  "loss": 0.2576539990395532,
  "elapsedMs": 240157,
  "parameters": {
    "w": 2.5021031980493476,
    "b": 0.9848801452936276
  }
}