{
  "timestamp": "2025-10-10T20:18:11.888Z",
  "runId": "cmglacw590001owoouwrbu1dl",
  "step": 23,
  "loss": 0.25970754898554116,
  "elapsedMs": 176079,
  "parameters": {
    "w": 2.5024267885253018,
    "b": 0.9172436057939233
  }
}