{
  "timestamp": "2025-10-10T20:46:17.557Z",
  "runId": "cmglb7cuq00014nhizxmusl2p",
  "step": 56,
  "loss": 0.2559303684375784,
  "elapsedMs": 440246,
  "parameters": {
    "w": 2.5014381269024586,
    "b": 1.0196848296694694
  }
}