{
  "timestamp": "2025-10-10T19:39:05.880Z",
  "runId": "cmgl90un200vk6wcdsop962ok",
  "step": 10,
  "loss": 7.518915111887223,
  "elapsedMs": 72032,
  "parameters": {
    "w": 1.7047288970934027,
    "b": 0.11640624615438695
  }
}