{
  "timestamp": "2025-10-10T19:08:51.846Z",
  "runId": "cmgl7wdqj00026wcditavcuvj",
  "step": 19,
  "loss": 0.27545732486726715,
  "elapsedMs": 144026,
  "parameters": {
    "w": 2.5082628517753087,
    "b": 0.8730893335622695
  }
}