{
  "timestamp": "2025-10-10T18:41:58.487Z",
  "runId": "cmgl70ak600fq4bwgf9uu5c69",
  "step": 11,
  "loss": 0.9087727479330785,
  "elapsedMs": 30043,
  "parameters": {
    "w": 2.4033696882242803,
    "b": 0.26379068863294103
  }
}