{
  "timestamp": "2025-10-10T17:55:56.338Z",
  "runId": "cmgl59m5400vt59p3z5r7qzff",
  "step": 25,
  "loss": 0.9961327994898702,
  "elapsedMs": 192141,
  "parameters": {
    "w": 2.367445618028223,
    "b": 0.30429092635401334
  }
}