{
  "timestamp": "2025-10-10T18:40:18.012Z",
  "runId": "cmgl6yiy100c34bwgpi1gkjqk",
  "step": 5,
  "loss": 2.8291519445297597,
  "elapsedMs": 12029,
  "parameters": {
    "w": 2.2115234627324982,
    "b": 0.24860042031399782
  }
}