{
  "timestamp": "2025-10-10T17:03:32.263Z",
  "runId": "cmgl3g3cz0001h6q6xmybpgpv",
  "step": 14,
  "loss": 0.3042895093127387,
  "elapsedMs": 104050,
  "parameters": {
    "w": 2.50318284251108,
    "b": 0.7879743495708298
  }
}