{
  "timestamp": "2025-10-10T17:59:02.005Z",
  "runId": "cmgl5h0vn014459p363ew48tj",
  "step": 5,
  "loss": 0.7672985525006696,
  "elapsedMs": 32011,
  "parameters": {
    "w": 2.4916987262366486,
    "b": 0.3383218621175222
  }
}