{
  "timestamp": "2025-10-10T17:05:53.377Z",
  "runId": "cmgl3kbtb0039h6q6lb066m12",
  "step": 7,
  "loss": 0.5597968280761617,
  "elapsedMs": 48011,
  "parameters": {
    "w": 2.4811778772400657,
    "b": 0.4982274551893743
  }
}