{
  "timestamp": "2025-10-10T17:57:08.468Z",
  "runId": "cmgl59m5400vt59p3z5r7qzff",
  "step": 34,
  "loss": 0.7124055561441066,
  "elapsedMs": 264274,
  "parameters": {
    "w": 2.4549190783477166,
    "b": 0.3878943369256247
  }
}