{
  "timestamp": "2025-10-10T19:42:43.326Z",
  "runId": "cmgl96vw2010b6wcdbnqi98ym",
  "step": 2,
  "loss": 41.33588677296776,
  "elapsedMs": 8004,
  "parameters": {
    "w": 0.39708111179754413,
    "b": 0.012959077619729333
  }
}