{
  "timestamp": "2025-10-10T17:12:58.135Z",
  "runId": "cmgl3kopi003ph6q6ljucg8co",
  "step": 58,
  "loss": 0.24949978456972322,
  "elapsedMs": 456238,
  "parameters": {
    "w": 2.508644982685146,
    "b": 0.9754480786813625
  }
}