{
  "timestamp": "2025-10-10T17:46:41.259Z",
  "runId": "cmgl4zfkb00nu59p3nhm3kcwp",
  "step": 15,
  "loss": 1.0364262914022662,
  "elapsedMs": 112047,
  "parameters": {
    "w": 2.3678441846074803,
    "b": 0.2767863797081453
  }
}