{
  "timestamp": "2025-10-10T20:29:17.008Z",
  "runId": "cmglas6ov0002lfunaib5ijsh",
  "step": 17,
  "loss": 0.2919980394569385,
  "elapsedMs": 128071,
  "parameters": {
    "w": 2.496529246904724,
    "b": 0.8406939584651405
  }
}