{
  "timestamp": "2025-10-10T18:44:30.215Z",
  "runId": "cmgl72bgt00jx4bwgrwqopomd",
  "step": 30,
  "loss": 0.5001175920372457,
  "elapsedMs": 87212,
  "parameters": {
    "w": 2.4868660730113077,
    "b": 0.5340681782805143
  }
}