{
  "timestamp": "2025-10-10T20:40:09.219Z",
  "runId": "cmglb7cuq00014nhizxmusl2p",
  "step": 10,
  "loss": 0.3988227846219301,
  "elapsedMs": 72028,
  "parameters": {
    "w": 2.5078970291570557,
    "b": 0.6816746248013001
  }
}