{
  "timestamp": "2025-10-10T18:36:52.485Z",
  "runId": "cmgl6tsm0002f4bwgl80qap6b",
  "step": 10,
  "loss": 0.47830246188450415,
  "elapsedMs": 27047,
  "parameters": {
    "w": 2.4903254503637684,
    "b": 0.5561922671550781
  }
}