{
  "timestamp": "2025-10-10T18:04:03.513Z",
  "runId": "cmgl5na850001cwva9g70z3sf",
  "step": 6,
  "loss": 0.5984410757407129,
  "elapsedMs": 40018,
  "parameters": {
    "w": 2.4965839628765796,
    "b": 0.45597643199283183
  }
}