{
  "timestamp": "2025-10-10T20:47:13.463Z",
  "runId": "cmglb7cuq00014nhizxmusl2p",
  "step": 63,
  "loss": 0.25592338554107713,
  "elapsedMs": 496272,
  "parameters": {
    "w": 2.501411125022193,
    "b": 1.021097899420861
  }
}