{
  "timestamp": "2025-10-10T20:47:28.091Z",
  "runId": "cmglbcb2y001p4nhiwgg4wuky",
  "step": 36,
  "loss": 0.24821897132985274,
  "elapsedMs": 280121,
  "parameters": {
    "w": 2.5049632985821044,
    "b": 0.9688176907587842
  }
}