{
  "timestamp": "2025-10-10T19:11:51.009Z",
  "runId": "cmgl836h500596wcddnzwnuoz",
  "step": 2,
  "loss": 12.287084294104309,
  "elapsedMs": 8002,
  "parameters": {
    "w": 1.9644764915616784,
    "b": 0.12193998498868702
  }
}