{
  "timestamp": "2025-10-10T18:07:57.135Z",
  "runId": "cmgl5qlvy002ncwvauonxnqvu",
  "step": 16,
  "loss": 0.3108768000650357,
  "elapsedMs": 120091,
  "parameters": {
    "w": 2.5065768770062746,
    "b": 0.744554770154889
  }
}