{
  "timestamp": "2025-10-10T20:48:09.478Z",
  "runId": "cmglb7cuq00014nhizxmusl2p",
  "step": 70,
  "loss": 0.2559217813201861,
  "elapsedMs": 552288,
  "parameters": {
    "w": 2.5013981828167817,
    "b": 1.0217751944389712
  }
}