{
  "timestamp": "2025-10-10T17:10:52.426Z",
  "runId": "cmgl3g3cz0001h6q6xmybpgpv",
  "step": 69,
  "loss": 0.24222484489347573,
  "elapsedMs": 544213,
  "parameters": {
    "w": 2.5001966671146674,
    "b": 1.011662461372303
  }
}