{
  "timestamp": "2025-10-10T18:03:31.506Z",
  "runId": "cmgl5na850001cwva9g70z3sf",
  "step": 2,
  "loss": 2.6382929155061245,
  "elapsedMs": 8005,
  "parameters": {
    "w": 2.418319138793447,
    "b": 0.17131361854304145
  }
}