{
  "timestamp": "2025-10-10T19:49:16.854Z",
  "runId": "cmgl9dryo015r6wcdpzs47l9c",
  "step": 11,
  "loss": 10.57479891166597,
  "elapsedMs": 80036,
  "parameters": {
    "w": 1.499907088797298,
    "b": 0.10388763507092558
  }
}