{
  "timestamp": "2025-10-10T17:31:37.876Z",
  "runId": "cmgl4fvzq008l59p3ozsfa6tx",
  "step": 16,
  "loss": 0.41791057906633006,
  "elapsedMs": 120066,
  "parameters": {
    "w": 2.5051684821520146,
    "b": 0.5660134407323805
  }
}