{
  "timestamp": "2025-10-10T19:11:09.435Z",
  "runId": "cmgl7zjlv002g6wcdql2u3d53",
  "step": 18,
  "loss": 0.2930088949158146,
  "elapsedMs": 136056,
  "parameters": {
    "w": 2.4916645451391095,
    "b": 0.7769363169911729
  }
}