{
  "timestamp": "2025-10-10T20:27:56.979Z",
  "runId": "cmglas6ov0002lfunaib5ijsh",
  "step": 7,
  "loss": 0.5456560800601,
  "elapsedMs": 48044,
  "parameters": {
    "w": 2.4962977487150884,
    "b": 0.5256939714186257
  }
}