{
  "timestamp": "2025-10-10T19:18:00.812Z",
  "runId": "cmgl87bxu008h6wcdl4542jih",
  "step": 24,
  "loss": 0.3466616962487096,
  "elapsedMs": 184056,
  "parameters": {
    "w": 2.4981669419295693,
    "b": 0.7432977599360042
  }
}