{
  "timestamp": "2025-10-10T17:24:12.836Z",
  "runId": "cmgl482qh002k59p30ih5wuub",
  "step": 6,
  "loss": 0.691404434760906,
  "elapsedMs": 40022,
  "parameters": {
    "w": 2.497441699784035,
    "b": 0.37371012852160657
  }
}