{
  "timestamp": "2025-10-10T17:07:45.984Z",
  "runId": "cmgl3kopi003ph6q6ljucg8co",
  "step": 19,
  "loss": 0.2712385774797362,
  "elapsedMs": 144084,
  "parameters": {
    "w": 2.5083959646632814,
    "b": 0.844911385532401
  }
}