{
  "timestamp": "2025-10-10T19:44:51.395Z",
  "runId": "cmgl96vw2010b6wcdbnqi98ym",
  "step": 18,
  "loss": 3.4367371784931313,
  "elapsedMs": 136072,
  "parameters": {
    "w": 1.9623420624046974,
    "b": 0.13682918301125116
  }
}