{
  "timestamp": "2025-10-10T20:49:44.157Z",
  "runId": "cmglbcb2y001p4nhiwgg4wuky",
  "step": 53,
  "loss": 0.2475921791725296,
  "elapsedMs": 416178,
  "parameters": {
    "w": 2.5051230891430167,
    "b": 0.9878609484622006
  }
}