{
  "timestamp": "2025-10-10T17:06:09.920Z",
  "runId": "cmgl3kopi003ph6q6ljucg8co",
  "step": 7,
  "loss": 0.522078429870587,
  "elapsedMs": 48022,
  "parameters": {
    "w": 2.5077462932989323,
    "b": 0.5077344611053789
  }
}