{
  "timestamp": "2025-10-10T19:44:19.381Z",
  "runId": "cmgl96vw2010b6wcdbnqi98ym",
  "step": 14,
  "loss": 5.967711020512378,
  "elapsedMs": 104057,
  "parameters": {
    "w": 1.747391907413144,
    "b": 0.10443163684963035
  }
}