{
  "timestamp": "2025-10-10T20:46:16.066Z",
  "runId": "cmglbcb2y001p4nhiwgg4wuky",
  "step": 27,
  "loss": 0.2518655406813046,
  "elapsedMs": 208095,
  "parameters": {
    "w": 2.5046602650282663,
    "b": 0.9327032543017457
  }
}