{
  "timestamp": "2025-10-10T19:42:59.332Z",
  "runId": "cmgl96vw2010b6wcdbnqi98ym",
  "step": 4,
  "loss": 29.465035616110274,
  "elapsedMs": 24012,
  "parameters": {
    "w": 0.7304435852627501,
    "b": 0.026881808327882877
  }
}