{
  "timestamp": "2025-10-10T19:44:27.385Z",
  "runId": "cmgl96vw2010b6wcdbnqi98ym",
  "step": 15,
  "loss": 5.164436960410777,
  "elapsedMs": 112063,
  "parameters": {
    "w": 1.8083542213807249,
    "b": 0.11251951224610308
  }
}