{
  "timestamp": "2025-10-10T20:47:45.473Z",
  "runId": "cmglb7cuq00014nhizxmusl2p",
  "step": 67,
  "loss": 0.25592220154677087,
  "elapsedMs": 528283,
  "parameters": {
    "w": 2.5014025968089744,
    "b": 1.0215442001974864
  }
}