{
  "timestamp": "2025-10-10T18:43:18.042Z",
  "runId": "cmgl72bgt00jx4bwgrwqopomd",
  "step": 6,
  "loss": 5.251262019396272,
  "elapsedMs": 15038,
  "parameters": {
    "w": 1.9422631737200455,
    "b": 0.11120138001144454
  }
}