{
  "timestamp": "2025-10-10T19:30:06.678Z",
  "runId": "cmgl8qo2800nl6wcd5h2kd6qf",
  "step": 2,
  "loss": 36.24086536799237,
  "elapsedMs": 8010,
  "parameters": {
    "w": 0.7840308996355188,
    "b": 0.03264351264859311
  }
}