{
  "timestamp": "2025-10-10T18:04:27.529Z",
  "runId": "cmgl5na850001cwva9g70z3sf",
  "step": 9,
  "loss": 0.4268648149079481,
  "elapsedMs": 64034,
  "parameters": {
    "w": 2.498076499788812,
    "b": 0.6035680016845967
  }
}