{
  "timestamp": "2025-10-10T20:11:49.886Z",
  "runId": "cmgla7z4y004y3dxh5c4aap3d",
  "step": 4,
  "loss": 1.2385518295472515,
  "elapsedMs": 24011,
  "parameters": {
    "w": 2.4182853363455066,
    "b": 0.27253564826545734
  }
}