{
  "timestamp": "2025-10-10T17:49:22.708Z",
  "runId": "cmgl54fs100rr59p3m5p675ua",
  "step": 6,
  "loss": 12.72658209364907,
  "elapsedMs": 40021,
  "parameters": {
    "w": 1.4866362647461158,
    "b": 0.10665013399213685
  }
}