{
  "timestamp": "2025-10-10T18:45:46.738Z",
  "runId": "cmgl74eri00o94bwg2vepljfr",
  "step": 23,
  "loss": 0.6627543828289997,
  "elapsedMs": 66155,
  "parameters": {
    "w": 2.474080970128866,
    "b": 0.3663929478739242
  }
}