{
  "timestamp": "2025-10-10T18:52:43.176Z",
  "runId": "cmgl7cxp1015v4bwguml7zqxc",
  "step": 29,
  "loss": 1.2556968303794924,
  "elapsedMs": 84247,
  "parameters": {
    "w": 2.2870124091888804,
    "b": 0.2487653895669128
  }
}