{
  "timestamp": "2025-10-10T20:45:12.041Z",
  "runId": "cmglbcb2y001p4nhiwgg4wuky",
  "step": 19,
  "loss": 0.27071190159800873,
  "elapsedMs": 144067,
  "parameters": {
    "w": 2.5040060772625155,
    "b": 0.8547395364317115
  }
}