{
  "timestamp": "2025-10-10T17:54:52.309Z",
  "runId": "cmgl59m5400vt59p3z5r7qzff",
  "step": 17,
  "loss": 2.166632347774714,
  "elapsedMs": 128115,
  "parameters": {
    "w": 2.1590396636158897,
    "b": 0.22031268485598182
  }
}