{
  "timestamp": "2025-10-10T17:08:01.988Z",
  "runId": "cmgl3kopi003ph6q6ljucg8co",
  "step": 21,
  "loss": 0.26376076012267896,
  "elapsedMs": 160092,
  "parameters": {
    "w": 2.508444066965021,
    "b": 0.8701268914414251
  }
}