{
  "timestamp": "2025-10-10T19:50:20.888Z",
  "runId": "cmgl9dryo015r6wcdpzs47l9c",
  "step": 19,
  "loss": 3.4778697119139523,
  "elapsedMs": 144070,
  "parameters": {
    "w": 1.9872248350400512,
    "b": 0.1738031329187173
  }
}