{
  "timestamp": "2025-10-10T20:19:31.910Z",
  "runId": "cmglacw590001owoouwrbu1dl",
  "step": 33,
  "loss": 0.2508482046985457,
  "elapsedMs": 256098,
  "parameters": {
    "w": 2.5027060168133586,
    "b": 0.9761136050062031
  }
}