{
  "timestamp": "2025-10-10T17:08:41.492Z",
  "runId": "cmgl3kbtb0039h6q6lb066m12",
  "step": 28,
  "loss": 0.26658066075883163,
  "elapsedMs": 216128,
  "parameters": {
    "w": 2.487533642543604,
    "b": 0.9350501944527072
  }
}