{
  "timestamp": "2025-10-10T19:45:15.398Z",
  "runId": "cmgl96vw2010b6wcdbnqi98ym",
  "step": 21,
  "loss": 2.3982023906092644,
  "elapsedMs": 160075,
  "parameters": {
    "w": 2.0808817023066415,
    "b": 0.16105313567654855
  }
}