{
  "timestamp": "2025-10-10T18:46:54.177Z",
  "runId": "cmgl766gt00rw4bwglngil2h1",
  "step": 18,
  "loss": 1.0674872827759672,
  "elapsedMs": 51123,
  "parameters": {
    "w": 2.345659798563022,
    "b": 0.29253659094613527
  }
}