{
  "timestamp": "2025-10-10T20:13:25.923Z",
  "runId": "cmgla7z4y004y3dxh5c4aap3d",
  "step": 16,
  "loss": 0.35507065537832855,
  "elapsedMs": 120045,
  "parameters": {
    "w": 2.5035538105967166,
    "b": 0.6745182904957506
  }
}