{
  "timestamp": "2025-10-10T18:11:37.683Z",
  "runId": "cmgl5xjy700013nvz1epx7c4m",
  "step": 3,
  "loss": 0.9746086818438898,
  "elapsedMs": 16006,
  "parameters": {
    "w": 2.4842827010959176,
    "b": 0.2917406364595665
  }
}