{
  "timestamp": "2025-10-10T19:35:04.332Z",
  "runId": "cmgl8vo8r00ri6wcdlenesao3",
  "step": 10,
  "loss": 4.575864793275877,
  "elapsedMs": 72053,
  "parameters": {
    "w": 1.9342615618017973,
    "b": 0.1682155728657821
  }
}