{
  "timestamp": "2025-10-10T17:41:27.515Z",
  "runId": "cmgl4urll00k759p3ddddxdkz",
  "step": 3,
  "loss": 20.641423772894374,
  "elapsedMs": 16005,
  "parameters": {
    "w": 1.2938795076032703,
    "b": 0.08985002079964904
  }
}