{
  "timestamp": "2025-10-10T17:00:00.727Z",
  "runId": "cmgl3d9qe00011qpodoj7t04t",
  "step": 4,
  "loss": 0.7928820396147878,
  "elapsedMs": 24009,
  "parameters": {
    "w": 2.4913160283724562,
    "b": 0.34154579649844197
  }
}