{
  "timestamp": "2025-10-10T20:13:17.920Z",
  "runId": "cmgla7z4y004y3dxh5c4aap3d",
  "step": 15,
  "loss": 0.3727210900673815,
  "elapsedMs": 112042,
  "parameters": {
    "w": 2.504030984339531,
    "b": 0.651909674950275
  }
}