{
  "timestamp": "2025-10-10T18:44:49.611Z",
  "runId": "cmgl74eri00o94bwg2vepljfr",
  "step": 4,
  "loss": 17.424811325872454,
  "elapsedMs": 9028,
  "parameters": {
    "w": 1.3682484556515135,
    "b": 0.07016155164367034
  }
}