{
  "timestamp": "2025-10-10T19:29:41.318Z",
  "runId": "cmgl8lu1b00jt6wcdu8xpy8ib",
  "step": 27,
  "loss": 0.48979243794913113,
  "elapsedMs": 208163,
  "parameters": {
    "w": 2.4870491687483303,
    "b": 0.4733489659855339
  }
}