{
  "timestamp": "2025-10-10T17:47:45.286Z",
  "runId": "cmgl4zfkb00nu59p3nhm3kcwp",
  "step": 23,
  "loss": 0.6443922931225743,
  "elapsedMs": 176076,
  "parameters": {
    "w": 2.477711522035969,
    "b": 0.39168587624481904
  }
}