{
  "timestamp": "2025-10-10T17:55:48.335Z",
  "runId": "cmgl59m5400vt59p3z5r7qzff",
  "step": 24,
  "loss": 1.060921085976948,
  "elapsedMs": 184141,
  "parameters": {
    "w": 2.3507556217407197,
    "b": 0.29432597484847484
  }
}