{
  "timestamp": "2025-10-10T18:44:18.179Z",
  "runId": "cmgl72bgt00jx4bwgrwqopomd",
  "step": 26,
  "loss": 0.5602289562786252,
  "elapsedMs": 75175,
  "parameters": {
    "w": 2.483417977025897,
    "b": 0.47920154949511534
  }
}