{
  "timestamp": "2025-10-10T17:33:48.295Z",
  "runId": "cmgl4kebm00c359p3j7bxwbeg",
  "step": 6,
  "loss": 1.6603518424781327,
  "elapsedMs": 40027,
  "parameters": {
    "w": 2.2852805868927195,
    "b": 0.2409578415108946
  }
}