{
  "timestamp": "2025-10-10T18:18:53.308Z",
  "runId": "cmgl6674b0001g98wb8x1en6s",
  "step": 7,
  "loss": 0.5050486475617311,
  "elapsedMs": 48051,
  "parameters": {
    "w": 2.506491410500224,
    "b": 0.540544380060547
  }
}