{
  "timestamp": "2025-10-10T17:21:07.293Z",
  "runId": "cmgl44rnc000159p35n5uexhp",
  "step": 2,
  "loss": 2.407720946356239,
  "elapsedMs": 8004,
  "parameters": {
    "w": 2.4261694842150203,
    "b": 0.1667661216309495
  }
}