{
  "timestamp": "2025-10-10T20:13:49.927Z",
  "runId": "cmgla7z4y004y3dxh5c4aap3d",
  "step": 19,
  "loss": 0.3141528702098957,
  "elapsedMs": 144052,
  "parameters": {
    "w": 2.502285352989863,
    "b": 0.7340549004212205
  }
}