{
  "timestamp": "2025-10-10T17:35:16.336Z",
  "runId": "cmgl4kebm00c359p3j7bxwbeg",
  "step": 17,
  "loss": 0.45518033167912175,
  "elapsedMs": 128075,
  "parameters": {
    "w": 2.4941830497139086,
    "b": 0.5118185668380638
  }
}