{
  "timestamp": "2025-10-10T20:10:27.896Z",
  "runId": "cmgla4oab002f3dxhzweq11sz",
  "step": 13,
  "loss": 0.38690303299026857,
  "elapsedMs": 96129,
  "parameters": {
    "w": 2.5133908741902315,
    "b": 0.672889661340867
  }
}