{
  "timestamp": "2025-10-10T18:48:26.358Z",
  "runId": "cmgl7856900vy4bwg1x0y62xj",
  "step": 18,
  "loss": 1.972142516428545,
  "elapsedMs": 51050,
  "parameters": {
    "w": 2.1674789627197573,
    "b": 0.18566370505048604
  }
}