{
  "timestamp": "2025-10-10T19:29:33.315Z",
  "runId": "cmgl8lu1b00jt6wcdu8xpy8ib",
  "step": 26,
  "loss": 0.5027532551133612,
  "elapsedMs": 200161,
  "parameters": {
    "w": 2.486168720221781,
    "b": 0.4606159578589379
  }
}