{
  "timestamp": "2025-10-10T18:38:24.159Z",
  "runId": "cmgl6v8sc005d4bwg0lsq0cvg",
  "step": 18,
  "loss": 0.37374400994290935,
  "elapsedMs": 51121,
  "parameters": {
    "w": 2.502485760901761,
    "b": 0.7064365832642872
  }
}