{
  "timestamp": "2025-10-10T18:08:37.156Z",
  "runId": "cmgl5qlvy002ncwvauonxnqvu",
  "step": 21,
  "loss": 0.269668384252994,
  "elapsedMs": 160113,
  "parameters": {
    "w": 2.5048161241615134,
    "b": 0.8292175001292045
  }
}