{
  "timestamp": "2025-10-10T18:45:55.751Z",
  "runId": "cmgl74eri00o94bwg2vepljfr",
  "step": 26,
  "loss": 0.6094162006138262,
  "elapsedMs": 75168,
  "parameters": {
    "w": 2.4860861631121547,
    "b": 0.40424467632548733
  }
}