{
  "timestamp": "2025-10-10T19:33:34.834Z",
  "runId": "cmgl8qo2800nl6wcd5h2kd6qf",
  "step": 28,
  "loss": 0.5814402141971555,
  "elapsedMs": 216166,
  "parameters": {
    "w": 2.487570301604556,
    "b": 0.42670106325261364
  }
}