{
  "timestamp": "2025-10-10T18:53:16.214Z",
  "runId": "cmgl7cxp1015v4bwguml7zqxc",
  "step": 40,
  "loss": 0.7800783552147058,
  "elapsedMs": 117287,
  "parameters": {
    "w": 2.414289335462554,
    "b": 0.32816825255655724
  }
}