{
  "timestamp": "2025-10-10T17:15:22.205Z",
  "runId": "cmgl3kopi003ph6q6ljucg8co",
  "step": 76,
  "loss": 0.24949405036887815,
  "elapsedMs": 600306,
  "parameters": {
    "w": 2.508648516944353,
    "b": 0.9773007578816665
  }
}