{
  "timestamp": "2025-10-10T17:29:53.817Z",
  "runId": "cmgl4fvzq008l59p3ozsfa6tx",
  "step": 3,
  "loss": 6.640251694022421,
  "elapsedMs": 16009,
  "parameters": {
    "w": 2.0364904372039296,
    "b": 0.16028207880385903
  }
}