{
  "timestamp": "2025-10-10T17:57:16.473Z",
  "runId": "cmgl59m5400vt59p3z5r7qzff",
  "step": 35,
  "loss": 0.6962304956809826,
  "elapsedMs": 272279,
  "parameters": {
    "w": 2.460081650759812,
    "b": 0.3965516177736925
  }
}