{
  "timestamp": "2025-10-10T19:56:38.373Z",
  "runId": "cmgl9l0fl01bh6wcdrrxrxgke",
  "step": 24,
  "loss": 1.8446205596926204,
  "elapsedMs": 183990,
  "parameters": {
    "w": 2.1900626651039183,
    "b": 0.20921662990811388
  }
}