{
  "timestamp": "2025-10-10T20:21:27.510Z",
  "runId": "cmglaigvp002cowooff7wk6rf",
  "step": 15,
  "loss": 0.30600219901392933,
  "elapsedMs": 112038,
  "parameters": {
    "w": 2.499202867925899,
    "b": 0.78431023396849
  }
}