{
  "timestamp": "2025-10-10T17:39:34.038Z",
  "runId": "cmgl4p8ro00fv59p3xmz642an",
  "step": 21,
  "loss": 0.5717467722059164,
  "elapsedMs": 160068,
  "parameters": {
    "w": 2.4667714805442396,
    "b": 0.44434262811277064
  }
}