{
  "timestamp": "2025-10-10T18:46:21.102Z",
  "runId": "cmgl766gt00rw4bwglngil2h1",
  "step": 7,
  "loss": 9.639111087018224,
  "elapsedMs": 18048,
  "parameters": {
    "w": 1.6396994221914127,
    "b": 0.13649886801922662
  }
}