{
  "timestamp": "2025-10-10T18:11:53.685Z",
  "runId": "cmgl5xjy700013nvz1epx7c4m",
  "step": 5,
  "loss": 0.6503937647245001,
  "elapsedMs": 32008,
  "parameters": {
    "w": 2.5075456138936856,
    "b": 0.4265525024039136
  }
}