{
  "timestamp": "2025-10-10T17:45:13.222Z",
  "runId": "cmgl4zfkb00nu59p3nhm3kcwp",
  "step": 4,
  "loss": 17.689782752605794,
  "elapsedMs": 24013,
  "parameters": {
    "w": 1.3461896120659245,
    "b": 0.082940134695658
  }
}