{
  "timestamp": "2025-10-10T18:40:57.097Z",
  "runId": "cmgl6yiy100c34bwgpi1gkjqk",
  "step": 18,
  "loss": 0.459933825567947,
  "elapsedMs": 51114,
  "parameters": {
    "w": 2.5213376458572063,
    "b": 0.5764090343985614
  }
}