{
  "timestamp": "2025-10-10T20:50:25.552Z",
  "runId": "cmglb7cuq00014nhizxmusl2p",
  "step": 87,
  "loss": 0.2559213162967861,
  "elapsedMs": 688361,
  "parameters": {
    "w": 2.5013882663199416,
    "b": 1.0222941472521296
  }
}