{
  "timestamp": "2025-10-10T19:26:03.797Z",
  "runId": "cmgl8gnp400fr6wcdg48gl9pr",
  "step": 30,
  "loss": 0.41613993484184264,
  "elapsedMs": 232167,
  "parameters": {
    "w": 2.5051519030630836,
    "b": 0.6532961690603257
  }
}