{
  "timestamp": "2025-10-10T17:02:04.219Z",
  "runId": "cmgl3g3cz0001h6q6xmybpgpv",
  "step": 3,
  "loss": 0.9069657855772952,
  "elapsedMs": 16008,
  "parameters": {
    "w": 2.4990204695634217,
    "b": 0.298350291151697
  }
}