{
  "timestamp": "2025-10-10T17:00:24.737Z",
  "runId": "cmgl3d9qe00011qpodoj7t04t",
  "step": 7,
  "loss": 0.5341963090653856,
  "elapsedMs": 48017,
  "parameters": {
    "w": 2.493111556851413,
    "b": 0.5225763786090803
  }
}