{
  "timestamp": "2025-10-10T18:42:28.570Z",
  "runId": "cmgl70ak600fq4bwgf9uu5c69",
  "step": 21,
  "loss": 0.5441524548014907,
  "elapsedMs": 60120,
  "parameters": {
    "w": 2.481781614265574,
    "b": 0.4673360890189111
  }
}