{
  "timestamp": "2025-10-10T17:23:32.813Z",
  "runId": "cmgl482qh002k59p30ih5wuub",
  "step": 1,
  "loss": 55.291313835812,
  "elapsedMs": 0,
  "parameters": {
    "w": 1.7324091708367453,
    "b": 0.06353132065003804
  }
}