{
  "timestamp": "2025-10-10T18:43:57.125Z",
  "runId": "cmgl72bgt00jx4bwgrwqopomd",
  "step": 19,
  "loss": 0.7063697393309367,
  "elapsedMs": 54122,
  "parameters": {
    "w": 2.464505904306334,
    "b": 0.36835787915048596
  }
}