{
  "timestamp": "2025-10-10T19:07:15.828Z",
  "runId": "cmgl7wdqj00026wcditavcuvj",
  "step": 7,
  "loss": 0.5321184701272884,
  "elapsedMs": 48008,
  "parameters": {
    "w": 2.51009900127203,
    "b": 0.5320140305089124
  }
}