{
  "timestamp": "2025-10-10T19:28:21.254Z",
  "runId": "cmgl8lu1b00jt6wcdu8xpy8ib",
  "step": 17,
  "loss": 0.6711613826969656,
  "elapsedMs": 128099,
  "parameters": {
    "w": 2.4549802729504835,
    "b": 0.3296571546146045
  }
}