{
  "timestamp": "2025-10-10T17:16:18.223Z",
  "runId": "cmgl3kopi003ph6q6ljucg8co",
  "step": 83,
  "loss": 0.24949394843308825,
  "elapsedMs": 656326,
  "parameters": {
    "w": 2.5086488425827596,
    "b": 0.9774714594254458
  }
}