{
  "timestamp": "2025-10-10T18:39:34.648Z",
  "runId": "cmgl6wtld008l4bwggktwxv95",
  "step": 17,
  "loss": 0.4490716242300404,
  "elapsedMs": 48130,
  "parameters": {
    "w": 2.5003864915214202,
    "b": 0.5863555732065026
  }
}