{
  "timestamp": "2025-10-10T19:29:57.329Z",
  "runId": "cmgl8lu1b00jt6wcdu8xpy8ib",
  "step": 29,
  "loss": 0.46590362370193805,
  "elapsedMs": 224175,
  "parameters": {
    "w": 2.4883262208645704,
    "b": 0.4978273362639892
  }
}