{
  "timestamp": "2025-10-10T19:31:18.731Z",
  "runId": "cmgl8qo2800nl6wcd5h2kd6qf",
  "step": 11,
  "loss": 2.107366776631783,
  "elapsedMs": 80063,
  "parameters": {
    "w": 2.183551037782378,
    "b": 0.18537399909307112
  }
}