{
  "timestamp": "2025-10-10T20:47:29.467Z",
  "runId": "cmglb7cuq00014nhizxmusl2p",
  "step": 65,
  "loss": 0.25592267095351684,
  "elapsedMs": 512277,
  "parameters": {
    "w": 2.501406414573874,
    "b": 1.0213444078850706
  }
}