{
  "timestamp": "2025-10-10T20:40:49.245Z",
  "runId": "cmglb7cuq00014nhizxmusl2p",
  "step": 15,
  "loss": 0.30589844517005166,
  "elapsedMs": 112056,
  "parameters": {
    "w": 2.5052366220017017,
    "b": 0.8209009495923661
  }
}