{
  "timestamp": "2025-10-10T19:24:03.726Z",
  "runId": "cmgl8gnp400fr6wcdg48gl9pr",
  "step": 15,
  "loss": 0.6861859054786803,
  "elapsedMs": 112095,
  "parameters": {
    "w": 2.4836350123421256,
    "b": 0.4081161095030576
  }
}