{
  "timestamp": "2025-10-10T19:52:20.993Z",
  "runId": "cmgl9dryo015r6wcdpzs47l9c",
  "step": 34,
  "loss": 0.9876500250266089,
  "elapsedMs": 264175,
  "parameters": {
    "w": 2.355040290872016,
    "b": 0.29178023073117837
  }
}