{
  "timestamp": "2025-10-10T17:21:23.303Z",
  "runId": "cmgl44rnc000159p35n5uexhp",
  "step": 4,
  "loss": 0.8008347213155141,
  "elapsedMs": 24012,
  "parameters": {
    "w": 2.489273360402182,
    "b": 0.32377691434251205
  }
}