{
  "timestamp": "2025-10-10T19:36:24.374Z",
  "runId": "cmgl8vo8r00ri6wcdlenesao3",
  "step": 20,
  "loss": 0.9625232060593253,
  "elapsedMs": 152096,
  "parameters": {
    "w": 2.373785620020596,
    "b": 0.3022097953953161
  }
}