{
  "timestamp": "2025-10-10T17:17:38.342Z",
  "runId": "cmgl3kopi003ph6q6ljucg8co",
  "step": 93,
  "loss": 0.24949392187109706,
  "elapsedMs": 736443,
  "parameters": {
    "w": 2.508649037036238,
    "b": 0.9775733930681471
  }
}