{
  "timestamp": "2025-10-10T18:00:54.059Z",
  "runId": "cmgl5h0vn014459p363ew48tj",
  "step": 19,
  "loss": 0.28001965128938217,
  "elapsedMs": 144064,
  "parameters": {
    "w": 2.505991996234447,
    "b": 0.7983593760575307
  }
}