{
  "timestamp": "2025-10-10T20:12:37.903Z",
  "runId": "cmgla7z4y004y3dxh5c4aap3d",
  "step": 10,
  "loss": 0.506079726825354,
  "elapsedMs": 72027,
  "parameters": {
    "w": 2.506324696746043,
    "b": 0.5135445457880502
  }
}