{
  "timestamp": "2025-10-10T20:00:24.294Z",
  "runId": "cmgl9rwek01gx6wcdq62ivwmo",
  "step": 12,
  "loss": 8.67095599529333,
  "elapsedMs": 88032,
  "parameters": {
    "w": 1.6434612411352556,
    "b": 0.13491023752439055
  }
}