{
  "timestamp": "2025-10-10T19:20:26.261Z",
  "runId": "cmgl8btqb00bz6wcdppfmiop5",
  "step": 16,
  "loss": 0.5861921383467518,
  "elapsedMs": 120047,
  "parameters": {
    "w": 2.494806137693607,
    "b": 0.4795978998709828
  }
}