{
  "timestamp": "2025-10-10T20:08:42.425Z",
  "runId": "cmgla1jtd00013dxhvorihs03",
  "step": 18,
  "loss": 0.28751094203954863,
  "elapsedMs": 136058,
  "parameters": {
    "w": 2.5018757701944603,
    "b": 0.8537069514633091
  }
}