{
  "timestamp": "2025-10-10T19:15:52.773Z",
  "runId": "cmgl87bxu008h6wcdl4542jih",
  "step": 8,
  "loss": 0.7729813873841128,
  "elapsedMs": 56017,
  "parameters": {
    "w": 2.4736203504420615,
    "b": 0.3610661087797293
  }
}