{
  "timestamp": "2025-10-10T19:51:56.971Z",
  "runId": "cmgl9dryo015r6wcdpzs47l9c",
  "step": 31,
  "loss": 1.155327476206449,
  "elapsedMs": 240151,
  "parameters": {
    "w": 2.3130050169562257,
    "b": 0.2695179788374159
  }
}