{
  "timestamp": "2025-10-10T18:51:40.023Z",
  "runId": "cmgl7cxp1015v4bwguml7zqxc",
  "step": 8,
  "loss": 16.537825896143776,
  "elapsedMs": 21020,
  "parameters": {
    "w": 1.2374045410670553,
    "b": 0.0737318892059127
  }
}