{
  "timestamp": "2025-10-10T17:08:09.476Z",
  "runId": "cmgl3kbtb0039h6q6lb066m12",
  "step": 24,
  "loss": 0.27130355761881464,
  "elapsedMs": 184088,
  "parameters": {
    "w": 2.4871253612249347,
    "b": 0.9068639324540155
  }
}