{
  "timestamp": "2025-10-10T18:10:07.269Z",
  "runId": "cmgl5u8r5005hcwvace9t3wiy",
  "step": 11,
  "loss": 0.539400413370111,
  "elapsedMs": 80039,
  "parameters": {
    "w": 2.503004338303563,
    "b": 0.5082322154949901
  }
}