{
  "timestamp": "2025-10-10T17:02:36.236Z",
  "runId": "cmgl3g3cz0001h6q6xmybpgpv",
  "step": 7,
  "loss": 0.5129721019938116,
  "elapsedMs": 48025,
  "parameters": {
    "w": 2.506436261047894,
    "b": 0.5437148428931183
  }
}