{
  "timestamp": "2025-10-10T18:37:01.512Z",
  "runId": "cmgl6tsm0002f4bwgl80qap6b",
  "step": 13,
  "loss": 0.38117506702263604,
  "elapsedMs": 36075,
  "parameters": {
    "w": 2.491947036858449,
    "b": 0.65732857101863
  }
}