{
  "timestamp": "2025-10-10T20:36:48.122Z",
  "runId": "cmglb15x5000410aty7a0wpll",
  "step": 21,
  "loss": 0.2695784328249333,
  "elapsedMs": 160121,
  "parameters": {
    "w": 2.496686684781604,
    "b": 0.8908525469983218
  }
}