{
  "timestamp": "2025-10-10T18:06:29.048Z",
  "runId": "cmgl5qlvy002ncwvauonxnqvu",
  "step": 5,
  "loss": 0.6975214401319663,
  "elapsedMs": 32007,
  "parameters": {
    "w": 2.5064449088863383,
    "b": 0.3722384782413818
  }
}