{
  "timestamp": "2025-10-10T20:46:24.133Z",
  "runId": "cmglbcb2y001p4nhiwgg4wuky",
  "step": 28,
  "loss": 0.25105058009527537,
  "elapsedMs": 216096,
  "parameters": {
    "w": 2.504709724250126,
    "b": 0.9385976244216689
  }
}