{
  "timestamp": "2025-10-10T18:12:40.371Z",
  "runId": "cmgl5z2hw0001m5uqlbdm4yho",
  "step": 2,
  "loss": 2.902524668917858,
  "elapsedMs": 8004,
  "parameters": {
    "w": 2.4169577057532377,
    "b": 0.19018441890497362
  }
}