{
  "timestamp": "2025-10-10T18:48:11.342Z",
  "runId": "cmgl7856900vy4bwg1x0y62xj",
  "step": 13,
  "loss": 4.2537094403030435,
  "elapsedMs": 36027,
  "parameters": {
    "w": 1.9217102344818835,
    "b": 0.13254776963632828
  }
}