{
  "timestamp": "2025-10-10T17:17:06.251Z",
  "runId": "cmgl3kopi003ph6q6ljucg8co",
  "step": 89,
  "loss": 0.249493926735135,
  "elapsedMs": 704351,
  "parameters": {
    "w": 2.5086489824714673,
    "b": 0.9775447898982642
  }
}