{
  "timestamp": "2025-10-10T17:51:46.797Z",
  "runId": "cmgl54fs100rr59p3m5p675ua",
  "step": 24,
  "loss": 0.7434093455457093,
  "elapsedMs": 184110,
  "parameters": {
    "w": 2.43591259303993,
    "b": 0.348495126292255
  }
}