{
  "timestamp": "2025-10-10T20:09:07.770Z",
  "runId": "cmgla4oab002f3dxhzweq11sz",
  "step": 3,
  "loss": 1.4650935010763269,
  "elapsedMs": 16005,
  "parameters": {
    "w": 2.438753733104419,
    "b": 0.26721033307121045
  }
}