{
  "timestamp": "2025-10-10T17:57:34.192Z",
  "runId": "cmgl5fha7011s59p318sj78n8",
  "step": 3,
  "loss": 36.61829392931518,
  "elapsedMs": 16005,
  "parameters": {
    "w": 0.6159956168964491,
    "b": 0.02066508593466551
  }
}