{
  "timestamp": "2025-10-10T17:49:46.719Z",
  "runId": "cmgl54fs100rr59p3m5p675ua",
  "step": 9,
  "loss": 5.729971488244098,
  "elapsedMs": 64033,
  "parameters": {
    "w": 1.8556738349646964,
    "b": 0.1536579069171965
  }
}