{
  "timestamp": "2025-10-10T17:12:01.636Z",
  "runId": "cmgl3kbtb0039h6q6lb066m12",
  "step": 53,
  "loss": 0.26302133554827234,
  "elapsedMs": 416274,
  "parameters": {
    "w": 2.4882578021070825,
    "b": 0.9850435452422964
  }
}