{
  "timestamp": "2025-10-10T17:50:26.739Z",
  "runId": "cmgl54fs100rr59p3m5p675ua",
  "step": 14,
  "loss": 1.9305693333721443,
  "elapsedMs": 104053,
  "parameters": {
    "w": 2.1981665757841027,
    "b": 0.22515461179599813
  }
}