{
  "timestamp": "2025-10-10T17:13:54.154Z",
  "runId": "cmgl3kopi003ph6q6ljucg8co",
  "step": 65,
  "loss": 0.24949526028933733,
  "elapsedMs": 512257,
  "parameters": {
    "w": 2.5086471521220854,
    "b": 0.9765853101233026
  }
}