{
  "timestamp": "2025-10-10T19:47:47.472Z",
  "runId": "cmgl96vw2010b6wcdbnqi98ym",
  "step": 40,
  "loss": 0.7831690231654231,
  "elapsedMs": 312150,
  "parameters": {
    "w": 2.402495884847634,
    "b": 0.30537498084320464
  }
}