{
  "timestamp": "2025-10-10T19:11:25.440Z",
  "runId": "cmgl7zjlv002g6wcdql2u3d53",
  "step": 20,
  "loss": 0.27729663984192976,
  "elapsedMs": 152063,
  "parameters": {
    "w": 2.4913632018492566,
    "b": 0.8101976779165176
  }
}