{
  "timestamp": "2025-10-10T19:37:20.391Z",
  "runId": "cmgl8vo8r00ri6wcdlenesao3",
  "step": 27,
  "loss": 0.6897270112448846,
  "elapsedMs": 208114,
  "parameters": {
    "w": 2.456963501841879,
    "b": 0.38217019454022905
  }
}