{
  "timestamp": "2025-10-10T20:13:41.922Z",
  "runId": "cmgla7z4y004y3dxh5c4aap3d",
  "step": 18,
  "loss": 0.3260390492687394,
  "elapsedMs": 136048,
  "parameters": {
    "w": 2.502681495488554,
    "b": 0.7155018565644513
  }
}