{
  "timestamp": "2025-10-10T17:05:21.900Z",
  "runId": "cmgl3kopi003ph6q6ljucg8co",
  "step": 1,
  "loss": 54.05893492827301,
  "elapsedMs": 0,
  "parameters": {
    "w": 2.108240211412077,
    "b": 0.09421692980961978
  }
}