{
  "timestamp": "2025-10-10T20:01:36.318Z",
  "runId": "cmgl9rwek01gx6wcdq62ivwmo",
  "step": 21,
  "loss": 2.426951971390748,
  "elapsedMs": 160056,
  "parameters": {
    "w": 2.121133251436376,
    "b": 0.2159539538410194
  }
}