{
  "timestamp": "2025-10-10T17:03:40.264Z",
  "runId": "cmgl3g3cz0001h6q6xmybpgpv",
  "step": 15,
  "loss": 0.29251180538811455,
  "elapsedMs": 112053,
  "parameters": {
    "w": 2.50288369999463,
    "b": 0.8103824868556212
  }
}