{
  "timestamp": "2025-10-10T20:02:32.344Z",
  "runId": "cmgl9rwek01gx6wcdq62ivwmo",
  "step": 28,
  "loss": 1.2314261046631214,
  "elapsedMs": 216082,
  "parameters": {
    "w": 2.3022789876121217,
    "b": 0.27155872700414435
  }
}