{
  "timestamp": "2025-10-10T17:18:01.874Z",
  "runId": "cmgl3kbtb0039h6q6lb066m12",
  "step": 98,
  "loss": 0.26300274545988644,
  "elapsedMs": 776507,
  "parameters": {
    "w": 2.4883135633988402,
    "b": 0.9888931026601981
  }
}