{
  "timestamp": "2025-10-10T19:39:13.884Z",
  "runId": "cmgl90un200vk6wcdsop962ok",
  "step": 11,
  "loss": 6.175183917983311,
  "elapsedMs": 80037,
  "parameters": {
    "w": 1.791156590584865,
    "b": 0.12763388505261114
  }
}