{
  "timestamp": "2025-10-10T20:21:09.687Z",
  "runId": "cmglaifc40028owootgmhaq8r",
  "step": 13,
  "loss": 0.386601270014909,
  "elapsedMs": 96036,
  "parameters": {
    "w": 2.4933105132209348,
    "b": 0.6480588645157586
  }
}