{
  "timestamp": "2025-10-10T17:00:32.737Z",
  "runId": "cmgl3d9qe00011qpodoj7t04t",
  "step": 8,
  "loss": 0.47856428611790464,
  "elapsedMs": 56017,
  "parameters": {
    "w": 2.4932827999671217,
    "b": 0.5712763526844811
  }
}