{
  "timestamp": "2025-10-10T19:43:47.370Z",
  "runId": "cmgl96vw2010b6wcdbnqi98ym",
  "step": 10,
  "loss": 11.006110118418109,
  "elapsedMs": 72049,
  "parameters": {
    "w": 1.4426060510847643,
    "b": 0.07241397522002885
  }
}