{
  "timestamp": "2025-10-10T17:30:09.825Z",
  "runId": "cmgl4fvzq008l59p3ozsfa6tx",
  "step": 5,
  "loss": 1.4358890072610893,
  "elapsedMs": 32015,
  "parameters": {
    "w": 2.3533651076065056,
    "b": 0.2444590075444638
  }
}