{
  "timestamp": "2025-10-10T20:46:57.456Z",
  "runId": "cmglb7cuq00014nhizxmusl2p",
  "step": 61,
  "loss": 0.2559244733724425,
  "elapsedMs": 480265,
  "parameters": {
    "w": 2.5014169368843553,
    "b": 1.020793751467458
  }
}