{
  "timestamp": "2025-10-10T20:00:16.292Z",
  "runId": "cmgl9rwek01gx6wcdq62ivwmo",
  "step": 11,
  "loss": 10.17077437533108,
  "elapsedMs": 80028,
  "parameters": {
    "w": 1.562998988776358,
    "b": 0.12505458445806958
  }
}