{
  "timestamp": "2025-10-10T17:25:48.926Z",
  "runId": "cmgl482qh002k59p30ih5wuub",
  "step": 18,
  "loss": 0.30473928148312096,
  "elapsedMs": 136111,
  "parameters": {
    "w": 2.503432309108175,
    "b": 0.7625069200331486
  }
}