{
  "timestamp": "2025-10-10T18:43:12.030Z",
  "runId": "cmgl72bgt00jx4bwgrwqopomd",
  "step": 4,
  "loss": 12.631717106112163,
  "elapsedMs": 9026,
  "parameters": {
    "w": 1.5847929120104276,
    "b": 0.06968589627590505
  }
}