{
  "timestamp": "2025-10-10T19:47:55.475Z",
  "runId": "cmgl96vw2010b6wcdbnqi98ym",
  "step": 41,
  "loss": 0.7651945684016744,
  "elapsedMs": 320153,
  "parameters": {
    "w": 2.4088917227377893,
    "b": 0.3123823317299931
  }
}