{
  "timestamp": "2025-10-10T19:26:53.175Z",
  "runId": "cmgl8lu1b00jt6wcdu8xpy8ib",
  "step": 6,
  "loss": 5.158034716482677,
  "elapsedMs": 40021,
  "parameters": {
    "w": 1.9434953989807884,
    "b": 0.1249474038287498
  }
}