{
  "timestamp": "2025-10-10T18:35:59.891Z",
  "runId": "cmgl6slj300014bwgepuoxl5u",
  "step": 11,
  "loss": 0.38366835107435643,
  "elapsedMs": 30076,
  "parameters": {
    "w": 2.5097113356970993,
    "b": 0.673270648729188
  }
}