{
  "timestamp": "2025-10-10T19:49:00.849Z",
  "runId": "cmgl9dryo015r6wcdpzs47l9c",
  "step": 9,
  "loss": 14.34750455017809,
  "elapsedMs": 64031,
  "parameters": {
    "w": 1.3184617157014817,
    "b": 0.08564579262664838
  }
}