{
  "timestamp": "2025-10-10T20:34:40.021Z",
  "runId": "cmglb15x5000410aty7a0wpll",
  "step": 5,
  "loss": 0.6703348782570766,
  "elapsedMs": 32018,
  "parameters": {
    "w": 2.499536778897999,
    "b": 0.41848067975403563
  }
}