{
  "timestamp": "2025-10-10T19:39:53.904Z",
  "runId": "cmgl90un200vk6wcdsop962ok",
  "step": 16,
  "loss": 2.563891997051076,
  "elapsedMs": 120056,
  "parameters": {
    "w": 2.102267201188822,
    "b": 0.18217514956917374
  }
}