{
  "timestamp": "2025-10-10T18:10:43.607Z",
  "runId": "cmgl5w87m006wcwvaoazi1va1",
  "step": 4,
  "loss": 0.7404685198925676,
  "elapsedMs": 24008,
  "parameters": {
    "w": 2.501300029470112,
    "b": 0.3682952248429927
  }
}