{
  "timestamp": "2025-10-10T18:38:15.133Z",
  "runId": "cmgl6v8sc005d4bwg0lsq0cvg",
  "step": 15,
  "loss": 0.4293905710879563,
  "elapsedMs": 42096,
  "parameters": {
    "w": 2.5019637283311678,
    "b": 0.6370049841389358
  }
}