{
  "timestamp": "2025-10-10T19:37:44.407Z",
  "runId": "cmgl8vo8r00ri6wcdlenesao3",
  "step": 30,
  "loss": 0.6360927464311696,
  "elapsedMs": 232129,
  "parameters": {
    "w": 2.473259728991123,
    "b": 0.4135366109166305
  }
}