{
  "timestamp": "2025-10-10T17:46:09.248Z",
  "runId": "cmgl4zfkb00nu59p3nhm3kcwp",
  "step": 11,
  "loss": 2.0207011988495283,
  "elapsedMs": 80036,
  "parameters": {
    "w": 2.2056907992974986,
    "b": 0.21155712287879674
  }
}