{
  "timestamp": "2025-10-10T18:38:36.184Z",
  "runId": "cmgl6v8sc005d4bwg0lsq0cvg",
  "step": 22,
  "loss": 0.326799267828755,
  "elapsedMs": 63147,
  "parameters": {
    "w": 2.5030045867970263,
    "b": 0.7799814356251469
  }
}