{
  "timestamp": "2025-10-10T17:09:21.506Z",
  "runId": "cmgl3kbtb0039h6q6lb066m12",
  "step": 33,
  "loss": 0.2642523330122317,
  "elapsedMs": 256141,
  "parameters": {
    "w": 2.4878528526575603,
    "b": 0.9570873034096592
  }
}