{
  "timestamp": "2025-10-10T19:55:02.344Z",
  "runId": "cmgl9l0fl01bh6wcdrrxrxgke",
  "step": 12,
  "loss": 8.631469414193646,
  "elapsedMs": 87961,
  "parameters": {
    "w": 1.625821835118318,
    "b": 0.10764379309058923
  }
}