{
  "timestamp": "2025-10-10T19:43:31.367Z",
  "runId": "cmgl96vw2010b6wcdbnqi98ym",
  "step": 8,
  "loss": 15.180265705785738,
  "elapsedMs": 56044,
  "parameters": {
    "w": 1.245305729319956,
    "b": 0.05677677800294101
  }
}