{
  "timestamp": "2025-10-10T17:31:13.866Z",
  "runId": "cmgl4fvzq008l59p3ozsfa6tx",
  "step": 13,
  "loss": 0.4868028392425971,
  "elapsedMs": 96054,
  "parameters": {
    "w": 2.5044513103062513,
    "b": 0.4961889258952624
  }
}