{
  "timestamp": "2025-10-10T20:37:20.133Z",
  "runId": "cmglb15x5000410aty7a0wpll",
  "step": 25,
  "loss": 0.2614551883538841,
  "elapsedMs": 192132,
  "parameters": {
    "w": 2.496442926132167,
    "b": 0.9278170169490368
  }
}