{
  "timestamp": "2025-10-10T18:07:17.245Z",
  "runId": "cmgl5qlvy002ncwvauonxnqvu",
  "step": 11,
  "loss": 0.40547293908098014,
  "elapsedMs": 80068,
  "parameters": {
    "w": 2.5092369160587102,
    "b": 0.6162813885524333
  }
}