{
  "timestamp": "2025-10-10T19:29:17.296Z",
  "runId": "cmgl8lu1b00jt6wcdu8xpy8ib",
  "step": 24,
  "loss": 0.5309801461904401,
  "elapsedMs": 184141,
  "parameters": {
    "w": 2.483673654891464,
    "b": 0.4341197340479743
  }
}