{
  "timestamp": "2025-10-10T18:50:28.301Z",
  "runId": "cmgl7afsf010p4bwg8hj2ac1n",
  "step": 23,
  "loss": 1.5823319315354647,
  "elapsedMs": 66087,
  "parameters": {
    "w": 2.2546308922363694,
    "b": 0.23298283512091955
  }
}