{
  "timestamp": "2025-10-10T19:55:34.356Z",
  "runId": "cmgl9l0fl01bh6wcdrrxrxgke",
  "step": 16,
  "loss": 4.765320358442327,
  "elapsedMs": 119973,
  "parameters": {
    "w": 1.8826650029092051,
    "b": 0.1424415411671278
  }
}