{
  "timestamp": "2025-10-10T18:01:42.074Z",
  "runId": "cmgl5fha7011s59p318sj78n8",
  "step": 34,
  "loss": 0.8748349868529837,
  "elapsedMs": 264110,
  "parameters": {
    "w": 2.3776478247034962,
    "b": 0.27278479443809733
  }
}