{
  "timestamp": "2025-10-10T18:45:25.690Z",
  "runId": "cmgl74eri00o94bwg2vepljfr",
  "step": 16,
  "loss": 0.9302794542830664,
  "elapsedMs": 45107,
  "parameters": {
    "w": 2.394832873296439,
    "b": 0.2685347203485976
  }
}