{
  "timestamp": "2025-10-10T20:46:48.082Z",
  "runId": "cmglbcb2y001p4nhiwgg4wuky",
  "step": 31,
  "loss": 0.24942232146695695,
  "elapsedMs": 240111,
  "parameters": {
    "w": 2.504830368413688,
    "b": 0.952975556910275
  }
}