{
  "timestamp": "2025-10-10T18:37:36.046Z",
  "runId": "cmgl6v8sc005d4bwg0lsq0cvg",
  "step": 2,
  "loss": 12.872037213620283,
  "elapsedMs": 3009,
  "parameters": {
    "w": 1.9240138647893903,
    "b": 0.11540979958094873
  }
}