{
  "timestamp": "2025-10-10T18:42:19.536Z",
  "runId": "cmgl70ak600fq4bwgf9uu5c69",
  "step": 18,
  "loss": 0.6089561643993412,
  "elapsedMs": 51094,
  "parameters": {
    "w": 2.4753309003270716,
    "b": 0.4128529956044241
  }
}