{
  "timestamp": "2025-10-10T19:32:22.790Z",
  "runId": "cmgl8qo2800nl6wcd5h2kd6qf",
  "step": 19,
  "loss": 0.7919742292648501,
  "elapsedMs": 144122,
  "parameters": {
    "w": 2.429380544987411,
    "b": 0.308649496583391
  }
}