{
  "timestamp": "2025-10-10T17:57:17.962Z",
  "runId": "cmgl5fha7011s59p318sj78n8",
  "step": 1,
  "loss": 53.13105370449939,
  "elapsedMs": 0,
  "parameters": {
    "w": 0.2252368069170314,
    "b": 0.006598157799480881
  }
}