{
  "timestamp": "2025-10-10T17:01:48.228Z",
  "runId": "cmgl3g3cz0001h6q6xmybpgpv",
  "step": 1,
  "loss": 54.13672286898877,
  "elapsedMs": 0,
  "parameters": {
    "w": 2.1046542143324882,
    "b": 0.12586521209849888
  }
}