{
  "timestamp": "2025-10-10T20:47:37.469Z",
  "runId": "cmglb7cuq00014nhizxmusl2p",
  "step": 66,
  "loss": 0.25592241168276914,
  "elapsedMs": 520278,
  "parameters": {
    "w": 2.501404405510939,
    "b": 1.0214495467137217
  }
}