{
  "timestamp": "2025-10-10T19:21:06.288Z",
  "runId": "cmgl8btqb00bz6wcdppfmiop5",
  "step": 21,
  "loss": 0.4826445011701853,
  "elapsedMs": 160074,
  "parameters": {
    "w": 2.4993333179701653,
    "b": 0.5790217048645506
  }
}