{
  "timestamp": "2025-10-10T20:36:08.115Z",
  "runId": "cmglb15x5000410aty7a0wpll",
  "step": 16,
  "loss": 0.2962124511576355,
  "elapsedMs": 120110,
  "parameters": {
    "w": 2.4971781680734324,
    "b": 0.8163221890741117
  }
}