{
  "timestamp": "2025-10-10T19:53:09.015Z",
  "runId": "cmgl9dryo015r6wcdpzs47l9c",
  "step": 40,
  "loss": 0.7951442636331689,
  "elapsedMs": 312198,
  "parameters": {
    "w": 2.4133535342896058,
    "b": 0.3343958273955438
  }
}