{
  "timestamp": "2025-10-10T17:24:36.851Z",
  "runId": "cmgl482qh002k59p30ih5wuub",
  "step": 9,
  "loss": 0.515258000598121,
  "elapsedMs": 64037,
  "parameters": {
    "w": 2.500813512830234,
    "b": 0.5097398342275682
  }
}