{
  "timestamp": "2025-10-10T17:09:29.508Z",
  "runId": "cmgl3kbtb0039h6q6lb066m12",
  "step": 34,
  "loss": 0.26401524297363504,
  "elapsedMs": 264145,
  "parameters": {
    "w": 2.4878989051517104,
    "b": 0.9602666006404007
  }
}