{
  "timestamp": "2025-10-10T20:27:48.973Z",
  "runId": "cmglas6ov0002lfunaib5ijsh",
  "step": 6,
  "loss": 0.613390907651825,
  "elapsedMs": 40039,
  "parameters": {
    "w": 2.496251324682348,
    "b": 0.47195719669844804
  }
}