{
  "timestamp": "2025-10-10T18:08:13.143Z",
  "runId": "cmgl5qlvy002ncwvauonxnqvu",
  "step": 18,
  "loss": 0.2902284500908102,
  "elapsedMs": 136100,
  "parameters": {
    "w": 2.505783890369593,
    "b": 0.7826846755568458
  }
}