{
  "timestamp": "2025-10-10T20:09:15.776Z",
  "runId": "cmgla4oab002f3dxhzweq11sz",
  "step": 4,
  "loss": 0.8439388112055073,
  "elapsedMs": 24012,
  "parameters": {
    "w": 2.495022085181204,
    "b": 0.32570599940811773
  }
}