{
  "timestamp": "2025-10-10T20:49:20.198Z",
  "runId": "cmglbcb2y001p4nhiwgg4wuky",
  "step": 50,
  "loss": 0.24760800880250045,
  "elapsedMs": 392169,
  "parameters": {
    "w": 2.505111193716893,
    "b": 0.9864432948544136
  }
}