{
  "timestamp": "2025-10-10T20:51:36.200Z",
  "runId": "cmglbcb2y001p4nhiwgg4wuky",
  "step": 67,
  "loss": 0.24757515397767957,
  "elapsedMs": 528227,
  "parameters": {
    "w": 2.505147777526007,
    "b": 0.9908032201263192
  }
}