{
  "timestamp": "2025-10-10T18:42:40.589Z",
  "runId": "cmgl70ak600fq4bwgf9uu5c69",
  "step": 25,
  "loss": 0.476405892617942,
  "elapsedMs": 72146,
  "parameters": {
    "w": 2.4856564802538643,
    "b": 0.5321271056333132
  }
}