{
  "timestamp": "2025-10-10T19:30:30.688Z",
  "runId": "cmgl8qo2800nl6wcd5h2kd6qf",
  "step": 5,
  "loss": 12.421904205778645,
  "elapsedMs": 32020,
  "parameters": {
    "w": 1.5238362626116113,
    "b": 0.08377970220763774
  }
}