{
  "timestamp": "2025-10-10T19:24:27.745Z",
  "runId": "cmgl8gnp400fr6wcdg48gl9pr",
  "step": 18,
  "loss": 0.604496813396051,
  "elapsedMs": 136114,
  "parameters": {
    "w": 2.497066473312708,
    "b": 0.4674196032217533
  }
}