{
  "timestamp": "2025-10-10T17:18:17.877Z",
  "runId": "cmgl3kbtb0039h6q6lb066m12",
  "step": 100,
  "loss": 0.2630027449662172,
  "elapsedMs": 792513,
  "parameters": {
    "w": 2.4883136572480717,
    "b": 0.988899581670879
  }
}