{
  "timestamp": "2025-10-10T18:46:36.143Z",
  "runId": "cmgl766gt00rw4bwglngil2h1",
  "step": 12,
  "loss": 2.7819851056228453,
  "elapsedMs": 33089,
  "parameters": {
    "w": 2.1019974548184073,
    "b": 0.21337535005045122
  }
}