{
  "timestamp": "2025-10-10T18:01:18.071Z",
  "runId": "cmgl5fha7011s59p318sj78n8",
  "step": 31,
  "loss": 0.9836667565995348,
  "elapsedMs": 240105,
  "parameters": {
    "w": 2.3454452144110376,
    "b": 0.24954579297543553
  }
}