{
  "timestamp": "2025-10-10T19:17:20.795Z",
  "runId": "cmgl87bxu008h6wcdl4542jih",
  "step": 19,
  "loss": 0.4111823653480961,
  "elapsedMs": 144040,
  "parameters": {
    "w": 2.498468788210522,
    "b": 0.6561882697353194
  }
}