{
  "timestamp": "2025-10-10T19:41:13.937Z",
  "runId": "cmgl90un200vk6wcdsop962ok",
  "step": 26,
  "loss": 0.9206348494081592,
  "elapsedMs": 200089,
  "parameters": {
    "w": 2.3781336804810542,
    "b": 0.28252794509050283
  }
}