{
  "timestamp": "2025-10-10T18:48:41.373Z",
  "runId": "cmgl7856900vy4bwg1x0y62xj",
  "step": 23,
  "loss": 1.1868513254581008,
  "elapsedMs": 66064,
  "parameters": {
    "w": 2.3067815313804476,
    "b": 0.2370963863950624
  }
}