{
  "timestamp": "2025-10-10T17:52:44.192Z",
  "runId": "cmgl59m5400vt59p3z5r7qzff",
  "step": 1,
  "loss": 52.87625981457865,
  "elapsedMs": 0,
  "parameters": {
    "w": 0.27590072433053664,
    "b": 0.015124307585393706
  }
}