{
  "timestamp": "2025-10-10T20:41:45.280Z",
  "runId": "cmglb7cuq00014nhizxmusl2p",
  "step": 22,
  "loss": 0.267402838596658,
  "elapsedMs": 168089,
  "parameters": {
    "w": 2.5032317724502,
    "b": 0.9258192824069251
  }
}