{
  "timestamp": "2025-10-10T18:48:47.385Z",
  "runId": "cmgl7856900vy4bwg1x0y62xj",
  "step": 25,
  "loss": 1.0346584737866793,
  "elapsedMs": 72074,
  "parameters": {
    "w": 2.3438509994665204,
    "b": 0.2570350318564732
  }
}