{
  "timestamp": "2025-10-10T19:34:48.325Z",
  "runId": "cmgl8vo8r00ri6wcdlenesao3",
  "step": 8,
  "loss": 7.526172899284657,
  "elapsedMs": 56047,
  "parameters": {
    "w": 1.738006302848181,
    "b": 0.1379215616198434
  }
}