{
  "timestamp": "2025-10-10T18:37:42.055Z",
  "runId": "cmgl6v8sc005d4bwg0lsq0cvg",
  "step": 4,
  "loss": 1.6040551109346697,
  "elapsedMs": 9017,
  "parameters": {
    "w": 2.367046649556587,
    "b": 0.22521927643708717
  }
}