{
  "timestamp": "2025-10-10T19:16:08.773Z",
  "runId": "cmgl87bxu008h6wcdl4542jih",
  "step": 10,
  "loss": 0.6616680637305355,
  "elapsedMs": 72018,
  "parameters": {
    "w": 2.4910963810512206,
    "b": 0.42818061940712693
  }
}