{
  "timestamp": "2025-10-10T17:47:21.276Z",
  "runId": "cmgl4zfkb00nu59p3nhm3kcwp",
  "step": 20,
  "loss": 0.7231051435261691,
  "elapsedMs": 152063,
  "parameters": {
    "w": 2.4542792036056436,
    "b": 0.3508710900256191
  }
}