{
  "timestamp": "2025-10-10T18:46:03.052Z",
  "runId": "cmgl766gt00rw4bwglngil2h1",
  "step": 1,
  "loss": 54.10510143692855,
  "elapsedMs": 0,
  "parameters": {
    "w": 0.35226021291780046,
    "b": 0.022495228602344715
  }
}