{
  "timestamp": "2025-10-10T17:07:08.348Z",
  "runId": "cmgl3g3cz0001h6q6xmybpgpv",
  "step": 41,
  "loss": 0.24243579013393785,
  "elapsedMs": 320139,
  "parameters": {
    "w": 2.5003623460873663,
    "b": 0.9992517984407625
  }
}