{
  "timestamp": "2025-10-10T20:01:04.306Z",
  "runId": "cmgl9rwek01gx6wcdq62ivwmo",
  "step": 17,
  "loss": 4.090494741204999,
  "elapsedMs": 128043,
  "parameters": {
    "w": 1.954486524911716,
    "b": 0.1814749977933614
  }
}