{
  "timestamp": "2025-10-10T17:53:40.244Z",
  "runId": "cmgl59m5400vt59p3z5r7qzff",
  "step": 8,
  "loss": 11.18014561698894,
  "elapsedMs": 56050,
  "parameters": {
    "w": 1.5196482992975522,
    "b": 0.11233654721143155
  }
}