{
  "timestamp": "2025-10-10T19:14:15.143Z",
  "runId": "cmgl836h500596wcddnzwnuoz",
  "step": 20,
  "loss": 0.32533778022993387,
  "elapsedMs": 152134,
  "parameters": {
    "w": 2.4966792261747313,
    "b": 0.7329543942237635
  }
}