{
  "timestamp": "2025-10-10T20:52:00.210Z",
  "runId": "cmglbcb2y001p4nhiwgg4wuky",
  "step": 70,
  "loss": 0.24757471286628147,
  "elapsedMs": 552237,
  "parameters": {
    "w": 2.5051497632494484,
    "b": 0.9910398714216221
  }
}