{
  "timestamp": "2025-10-10T19:51:00.938Z",
  "runId": "cmgl9dryo015r6wcdpzs47l9c",
  "step": 24,
  "loss": 1.9930915040148638,
  "elapsedMs": 184119,
  "parameters": {
    "w": 2.162722257166109,
    "b": 0.21500418135986377
  }
}