{
  "timestamp": "2025-10-10T18:40:15.007Z",
  "runId": "cmgl6yiy100c34bwgpi1gkjqk",
  "step": 4,
  "loss": 5.397316676285022,
  "elapsedMs": 9023,
  "parameters": {
    "w": 2.047979166563194,
    "b": 0.2109321173629559
  }
}