{
  "timestamp": "2025-10-10T19:57:50.392Z",
  "runId": "cmgl9l0fl01bh6wcdrrxrxgke",
  "step": 33,
  "loss": 1.0124399802544364,
  "elapsedMs": 256010,
  "parameters": {
    "w": 2.3545236066295643,
    "b": 0.2792690608005702
  }
}