{
  "timestamp": "2025-10-10T17:10:57.617Z",
  "runId": "cmgl3kbtb0039h6q6lb066m12",
  "step": 45,
  "loss": 0.2631028121780394,
  "elapsedMs": 352252,
  "parameters": {
    "w": 2.488183543548784,
    "b": 0.9799170036051067
  }
}