{
  "timestamp": "2025-10-10T19:49:56.876Z",
  "runId": "cmgl9dryo015r6wcdpzs47l9c",
  "step": 16,
  "loss": 5.1439334448429745,
  "elapsedMs": 120056,
  "parameters": {
    "w": 1.8410838440387087,
    "b": 0.14816136305752903
  }
}