{
  "timestamp": "2025-10-10T18:38:49.524Z",
  "runId": "cmgl6wtld008l4bwggktwxv95",
  "step": 2,
  "loss": 18.574639980719223,
  "elapsedMs": 3004,
  "parameters": {
    "w": 1.6292098244803852,
    "b": 0.09415001534701624
  }
}