{
  "timestamp": "2025-10-10T18:38:27.168Z",
  "runId": "cmgl6v8sc005d4bwg0lsq0cvg",
  "step": 19,
  "loss": 0.3595882256926927,
  "elapsedMs": 54130,
  "parameters": {
    "w": 2.5026297662924426,
    "b": 0.7266843439477338
  }
}