{
  "timestamp": "2025-10-10T20:52:08.215Z",
  "runId": "cmglbcb2y001p4nhiwgg4wuky",
  "step": 71,
  "loss": 0.24757461778448397,
  "elapsedMs": 560242,
  "parameters": {
    "w": 2.505150297478705,
    "b": 0.9911035389208418
  }
}