{
  "timestamp": "2025-10-10T18:41:06.114Z",
  "runId": "cmgl6yiy100c34bwgpi1gkjqk",
  "step": 21,
  "loss": 0.41306121473507845,
  "elapsedMs": 60130,
  "parameters": {
    "w": 2.520686791320468,
    "b": 0.6283792319011932
  }
}