{
  "timestamp": "2025-10-10T19:38:49.871Z",
  "runId": "cmgl90un200vk6wcdsop962ok",
  "step": 8,
  "loss": 11.310331598048222,
  "elapsedMs": 56023,
  "parameters": {
    "w": 1.4993472866249293,
    "b": 0.09366423224791176
  }
}