{
  "timestamp": "2025-10-10T18:49:11.468Z",
  "runId": "cmgl7856900vy4bwg1x0y62xj",
  "step": 33,
  "loss": 0.7472708713614001,
  "elapsedMs": 96159,
  "parameters": {
    "w": 2.4309655656638807,
    "b": 0.3326451523347091
  }
}