{
  "timestamp": "2025-10-10T17:25:32.911Z",
  "runId": "cmgl482qh002k59p30ih5wuub",
  "step": 16,
  "loss": 0.32866413685880325,
  "elapsedMs": 120095,
  "parameters": {
    "w": 2.50301662360702,
    "b": 0.7214632539431763
  }
}