{
  "timestamp": "2025-10-10T18:50:16.285Z",
  "runId": "cmgl7afsf010p4bwg8hj2ac1n",
  "step": 19,
  "loss": 2.4942562851420615,
  "elapsedMs": 54073,
  "parameters": {
    "w": 2.1298912925337135,
    "b": 0.19802691838475675
  }
}