{
  "timestamp": "2025-10-10T18:04:35.532Z",
  "runId": "cmgl5na850001cwva9g70z3sf",
  "step": 10,
  "loss": 0.3898787929966643,
  "elapsedMs": 72037,
  "parameters": {
    "w": 2.498459756328592,
    "b": 0.6432770201803428
  }
}