{
  "timestamp": "2025-10-10T20:43:43.992Z",
  "runId": "cmglbcb2y001p4nhiwgg4wuky",
  "step": 8,
  "loss": 0.48223812231768753,
  "elapsedMs": 56019,
  "parameters": {
    "w": 2.5014931364654025,
    "b": 0.5555779613959406
  }
}