{
  "timestamp": "2025-10-10T20:17:07.862Z",
  "runId": "cmglacw590001owoouwrbu1dl",
  "step": 15,
  "loss": 0.30403582730295287,
  "elapsedMs": 112052,
  "parameters": {
    "w": 2.5018596698881925,
    "b": 0.7976773775636016
  }
}