{
  "timestamp": "2025-10-10T17:49:06.697Z",
  "runId": "cmgl54fs100rr59p3m5p675ua",
  "step": 4,
  "loss": 22.36397427709646,
  "elapsedMs": 24011,
  "parameters": {
    "w": 1.130305028622989,
    "b": 0.07321367383014225
  }
}