{
  "timestamp": "2025-10-10T20:02:24.340Z",
  "runId": "cmgl9rwek01gx6wcdq62ivwmo",
  "step": 27,
  "loss": 1.330476666840323,
  "elapsedMs": 208077,
  "parameters": {
    "w": 2.2827505899764313,
    "b": 0.26394056065289456
  }
}