{
  "timestamp": "2025-10-10T17:36:12.362Z",
  "runId": "cmgl4kebm00c359p3j7bxwbeg",
  "step": 24,
  "loss": 0.35374505675280465,
  "elapsedMs": 184101,
  "parameters": {
    "w": 2.4947123671046407,
    "b": 0.6282322154970834
  }
}