{
  "timestamp": "2025-10-10T19:22:59.658Z",
  "runId": "cmgl8gnp400fr6wcdg48gl9pr",
  "step": 7,
  "loss": 2.1497060843212767,
  "elapsedMs": 48027,
  "parameters": {
    "w": 2.230413665210239,
    "b": 0.21734976372299156
  }
}