{
  "timestamp": "2025-10-10T17:56:28.486Z",
  "runId": "cmgl5dqby00yz59p3mdjadbc9",
  "step": 5,
  "loss": 0.675170678939809,
  "elapsedMs": 32020,
  "parameters": {
    "w": 2.4958599023794483,
    "b": 0.38615358287062335
  }
}