{
  "timestamp": "2025-10-10T18:00:22.047Z",
  "runId": "cmgl5h0vn014459p363ew48tj",
  "step": 15,
  "loss": 0.32843729312840414,
  "elapsedMs": 112053,
  "parameters": {
    "w": 2.505755142216726,
    "b": 0.7160707315868633
  }
}