{
  "timestamp": "2025-10-10T20:12:29.898Z",
  "runId": "cmgla7z4y004y3dxh5c4aap3d",
  "step": 9,
  "loss": 0.545086999902679,
  "elapsedMs": 64022,
  "parameters": {
    "w": 2.5061809034725187,
    "b": 0.4799535655905122
  }
}