{
  "timestamp": "2025-10-10T17:09:38.046Z",
  "runId": "cmgl3kopi003ph6q6ljucg8co",
  "step": 33,
  "loss": 0.25063201525909967,
  "elapsedMs": 256148,
  "parameters": {
    "w": 2.5085912200533085,
    "b": 0.9472653948636531
  }
}