{
  "timestamp": "2025-10-10T18:38:18.141Z",
  "runId": "cmgl6v8sc005d4bwg0lsq0cvg",
  "step": 16,
  "loss": 0.40834224562437554,
  "elapsedMs": 45103,
  "parameters": {
    "w": 2.5021576741887612,
    "b": 0.6616946999557186
  }
}