{
  "timestamp": "2025-10-10T18:53:38.659Z",
  "runId": "cmgl7foml01c34bwg1tweenyt",
  "step": 5,
  "loss": 26.72995674054318,
  "elapsedMs": 12012,
  "parameters": {
    "w": 0.8469967209852504,
    "b": 0.04020636297795689
  }
}