{
  "timestamp": "2025-10-10T17:23:40.819Z",
  "runId": "cmgl482qh002k59p30ih5wuub",
  "step": 2,
  "loss": 6.175844111238865,
  "elapsedMs": 8005,
  "parameters": {
    "w": 2.26320882929591,
    "b": 0.1327510035779102
  }
}