{
  "timestamp": "2025-10-10T19:50:36.910Z",
  "runId": "cmgl9dryo015r6wcdpzs47l9c",
  "step": 21,
  "loss": 2.7400999314197234,
  "elapsedMs": 160091,
  "parameters": {
    "w": 2.0662631992934823,
    "b": 0.19051298887977514
  }
}