{
  "timestamp": "2025-10-10T17:57:48.511Z",
  "runId": "cmgl5dqby00yz59p3mdjadbc9",
  "step": 15,
  "loss": 0.29705015752417696,
  "elapsedMs": 112054,
  "parameters": {
    "w": 2.499772346596479,
    "b": 0.7707509317875241
  }
}