{
  "timestamp": "2025-10-10T17:42:47.592Z",
  "runId": "cmgl4urll00k759p3ddddxdkz",
  "step": 13,
  "loss": 0.8615792266109122,
  "elapsedMs": 96084,
  "parameters": {
    "w": 2.3968388637103937,
    "b": 0.30561301172777855
  }
}