{
  "timestamp": "2025-10-10T20:18:27.893Z",
  "runId": "cmglacw590001owoouwrbu1dl",
  "step": 25,
  "loss": 0.2562394502807861,
  "elapsedMs": 192083,
  "parameters": {
    "w": 2.5025082387869557,
    "b": 0.9344158517463933
  }
}