{
  "timestamp": "2025-10-10T19:06:35.821Z",
  "runId": "cmgl7wdqj00026wcditavcuvj",
  "step": 2,
  "loss": 2.811472240120008,
  "elapsedMs": 8000,
  "parameters": {
    "w": 2.4260670729505596,
    "b": 0.20196710967424203
  }
}