{
  "timestamp": "2025-10-10T17:40:14.055Z",
  "runId": "cmgl4p8ro00fv59p3xmz642an",
  "step": 26,
  "loss": 0.4836678571812486,
  "elapsedMs": 200085,
  "parameters": {
    "w": 2.4735727763983704,
    "b": 0.5267716662752389
  }
}