{
  "timestamp": "2025-10-10T17:53:16.224Z",
  "runId": "cmgl59m5400vt59p3z5r7qzff",
  "step": 5,
  "loss": 21.460507650625704,
  "elapsedMs": 32031,
  "parameters": {
    "w": 1.1070877038222513,
    "b": 0.072362119740569
  }
}