{
  "timestamp": "2025-10-10T17:04:12.273Z",
  "runId": "cmgl3g3cz0001h6q6xmybpgpv",
  "step": 19,
  "loss": 0.26389671822381294,
  "elapsedMs": 144063,
  "parameters": {
    "w": 2.501957503423708,
    "b": 0.8797619217130883
  }
}