{
  "timestamp": "2025-10-10T17:56:12.478Z",
  "runId": "cmgl5dqby00yz59p3mdjadbc9",
  "step": 3,
  "loss": 0.9421922326776837,
  "elapsedMs": 16010,
  "parameters": {
    "w": 2.4829990528657713,
    "b": 0.24780086519675518
  }
}