{
  "timestamp": "2025-10-10T17:43:43.620Z",
  "runId": "cmgl4urll00k759p3ddddxdkz",
  "step": 20,
  "loss": 0.5705030612020067,
  "elapsedMs": 152112,
  "parameters": {
    "w": 2.4833071566508442,
    "b": 0.4182829150542875
  }
}