{
  "timestamp": "2025-10-10T18:44:33.222Z",
  "runId": "cmgl72bgt00jx4bwgrwqopomd",
  "step": 31,
  "loss": 0.4869934112956761,
  "elapsedMs": 90219,
  "parameters": {
    "w": 2.487450211507464,
    "b": 0.5469080046706549
  }
}