{
  "timestamp": "2025-10-10T18:37:25.558Z",
  "runId": "cmgl6tsm0002f4bwgl80qap6b",
  "step": 21,
  "loss": 0.2708161715985934,
  "elapsedMs": 60121,
  "parameters": {
    "w": 2.494620452798931,
    "b": 0.8306814569938169
  }
}