{
  "timestamp": "2025-10-10T18:35:50.868Z",
  "runId": "cmgl6slj300014bwgepuoxl5u",
  "step": 8,
  "loss": 0.4830317723182651,
  "elapsedMs": 21054,
  "parameters": {
    "w": 2.5102770163915147,
    "b": 0.5609537720884614
  }
}