{
  "timestamp": "2025-10-10T17:58:37.996Z",
  "runId": "cmgl5fha7011s59p318sj78n8",
  "step": 11,
  "loss": 8.772115286306922,
  "elapsedMs": 80033,
  "parameters": {
    "w": 1.6076940564158773,
    "b": 0.08409482560125547
  }
}