{
  "timestamp": "2025-10-10T19:42:33.975Z",
  "runId": "cmgl90un200vk6wcdsop962ok",
  "step": 36,
  "loss": 0.6474327117356808,
  "elapsedMs": 280126,
  "parameters": {
    "w": 2.4667522974232607,
    "b": 0.37112714120778256
  }
}