{
  "timestamp": "2025-10-10T20:19:59.479Z",
  "runId": "cmglaigvp002cowooff7wk6rf",
  "step": 4,
  "loss": 0.800940805076329,
  "elapsedMs": 24007,
  "parameters": {
    "w": 2.493523793481984,
    "b": 0.3271147697185401
  }
}