{
  "timestamp": "2025-10-10T18:48:56.386Z",
  "runId": "cmgl7856900vy4bwg1x0y62xj",
  "step": 28,
  "loss": 0.8865105210747132,
  "elapsedMs": 81079,
  "parameters": {
    "w": 2.385893153560171,
    "b": 0.28618454710395547
  }
}