{
  "timestamp": "2025-10-10T17:36:04.358Z",
  "runId": "cmgl4kebm00c359p3j7bxwbeg",
  "step": 23,
  "loss": 0.3648575214301172,
  "elapsedMs": 176097,
  "parameters": {
    "w": 2.494860460533769,
    "b": 0.613613928986003
  }
}