{
  "timestamp": "2025-10-10T18:35:53.877Z",
  "runId": "cmgl6slj300014bwgepuoxl5u",
  "step": 9,
  "loss": 0.44274150560171766,
  "elapsedMs": 24062,
  "parameters": {
    "w": 2.510068713167566,
    "b": 0.602398306055482
  }
}