{
  "timestamp": "2025-10-10T18:49:55.265Z",
  "runId": "cmgl7afsf010p4bwg8hj2ac1n",
  "step": 12,
  "loss": 7.3110669877081165,
  "elapsedMs": 33048,
  "parameters": {
    "w": 1.7478007603412025,
    "b": 0.13210112725862233
  }
}