{
  "timestamp": "2025-10-10T18:44:06.145Z",
  "runId": "cmgl72bgt00jx4bwgrwqopomd",
  "step": 22,
  "loss": 0.6353400988720797,
  "elapsedMs": 63142,
  "parameters": {
    "w": 2.476128198259365,
    "b": 0.4183049037634566
  }
}