{
  "timestamp": "2025-10-10T18:40:48.075Z",
  "runId": "cmgl6yiy100c34bwgpi1gkjqk",
  "step": 15,
  "loss": 0.5204664813313788,
  "elapsedMs": 42091,
  "parameters": {
    "w": 2.519607196470005,
    "b": 0.5174697849232044
  }
}