{
  "timestamp": "2025-10-10T20:46:08.065Z",
  "runId": "cmglbcb2y001p4nhiwgg4wuky",
  "step": 26,
  "loss": 0.2528715514599097,
  "elapsedMs": 200090,
  "parameters": {
    "w": 2.5046053134344084,
    "b": 0.9261543232693338
  }
}