{
  "timestamp": "2025-10-10T17:16:33.816Z",
  "runId": "cmgl3kbtb0039h6q6lb066m12",
  "step": 87,
  "loss": 0.26300275856532973,
  "elapsedMs": 688439,
  "parameters": {
    "w": 2.4883124846524027,
    "b": 0.9888186299172003
  }
}