{
  "timestamp": "2025-10-10T18:46:24.111Z",
  "runId": "cmgl766gt00rw4bwglngil2h1",
  "step": 8,
  "loss": 7.359128339988363,
  "elapsedMs": 21058,
  "parameters": {
    "w": 1.7620098781165778,
    "b": 0.1528996221525533
  }
}