{
  "timestamp": "2025-10-10T19:51:16.941Z",
  "runId": "cmgl9dryo015r6wcdpzs47l9c",
  "step": 26,
  "loss": 1.658197336958674,
  "elapsedMs": 200122,
  "parameters": {
    "w": 2.2148928882105463,
    "b": 0.2309524848720845
  }
}