{
  "timestamp": "2025-10-10T20:42:17.338Z",
  "runId": "cmglb7cuq00014nhizxmusl2p",
  "step": 26,
  "loss": 0.2608756648095956,
  "elapsedMs": 200141,
  "parameters": {
    "w": 2.502598565269935,
    "b": 0.958956453003957
  }
}