{
  "timestamp": "2025-10-10T20:15:31.818Z",
  "runId": "cmglacw590001owoouwrbu1dl",
  "step": 3,
  "loss": 0.9767169684291155,
  "elapsedMs": 16006,
  "parameters": {
    "w": 2.4866188479929727,
    "b": 0.26445206549928046
  }
}