{
  "timestamp": "2025-10-10T17:28:38.414Z",
  "runId": "cmgl4bpjs005d59p39f6kzn3x",
  "step": 18,
  "loss": 0.3563978607373699,
  "elapsedMs": 136102,
  "parameters": {
    "w": 2.501208122107525,
    "b": 0.7091624291511118
  }
}