{
  "timestamp": "2025-10-10T17:44:15.737Z",
  "runId": "cmgl4urll00k759p3ddddxdkz",
  "step": 24,
  "loss": 0.50596539340128,
  "elapsedMs": 184229,
  "parameters": {
    "w": 2.494806185522436,
    "b": 0.47342291209391635
  }
}