{
  "timestamp": "2025-10-10T18:40:39.058Z",
  "runId": "cmgl6yiy100c34bwgpi1gkjqk",
  "step": 12,
  "loss": 0.6030295186405656,
  "elapsedMs": 33075,
  "parameters": {
    "w": 2.509125447221558,
    "b": 0.4504380658754767
  }
}