{
  "timestamp": "2025-10-10T18:49:58.268Z",
  "runId": "cmgl7afsf010p4bwg8hj2ac1n",
  "step": 13,
  "loss": 6.165753909456294,
  "elapsedMs": 36052,
  "parameters": {
    "w": 1.819897124686299,
    "b": 0.14193164499416666
  }
}