{
  "timestamp": "2025-10-10T17:57:24.501Z",
  "runId": "cmgl5dqby00yz59p3mdjadbc9",
  "step": 12,
  "loss": 0.3432192237946778,
  "elapsedMs": 88045,
  "parameters": {
    "w": 2.499060783751668,
    "b": 0.694189185417833
  }
}