{
  "timestamp": "2025-10-10T17:02:52.244Z",
  "runId": "cmgl3g3cz0001h6q6xmybpgpv",
  "step": 9,
  "loss": 0.419965759865376,
  "elapsedMs": 64033,
  "parameters": {
    "w": 2.505256255831216,
    "b": 0.6326448082839098
  }
}