{
  "timestamp": "2025-10-10T17:14:41.707Z",
  "runId": "cmgl3kbtb0039h6q6lb066m12",
  "step": 73,
  "loss": 0.2630030206293981,
  "elapsedMs": 576334,
  "parameters": {
    "w": 2.488307196168052,
    "b": 0.9884535321312551
  }
}