{
  "timestamp": "2025-10-10T18:10:35.603Z",
  "runId": "cmgl5w87m006wcwvaoazi1va1",
  "step": 3,
  "loss": 0.9261320352771691,
  "elapsedMs": 16003,
  "parameters": {
    "w": 2.48716569744715,
    "b": 0.2985256033276845
  }
}