{
  "timestamp": "2025-10-10T17:45:29.231Z",
  "runId": "cmgl4zfkb00nu59p3nhm3kcwp",
  "step": 6,
  "loss": 8.728606433211864,
  "elapsedMs": 40020,
  "parameters": {
    "w": 1.717223439279012,
    "b": 0.12171231875644786
  }
}