{
  "timestamp": "2025-10-10T17:11:29.628Z",
  "runId": "cmgl3kbtb0039h6q6lb066m12",
  "step": 49,
  "loss": 0.26304587660519485,
  "elapsedMs": 384264,
  "parameters": {
    "w": 2.488228371317787,
    "b": 0.9830117502520074
  }
}