{
  "timestamp": "2025-10-10T20:02:56.356Z",
  "runId": "cmgl9rwek01gx6wcdq62ivwmo",
  "step": 31,
  "loss": 1.0123051748619099,
  "elapsedMs": 240094,
  "parameters": {
    "w": 2.3514658754794446,
    "b": 0.293829577914021
  }
}