{
  "timestamp": "2025-10-10T17:08:52.379Z",
  "runId": "cmgl3g3cz0001h6q6xmybpgpv",
  "step": 54,
  "loss": 0.2422379798748712,
  "elapsedMs": 424170,
  "parameters": {
    "w": 2.500232011566677,
    "b": 1.0090148829062697
  }
}