{
  "timestamp": "2025-10-10T17:15:06.197Z",
  "runId": "cmgl3kopi003ph6q6ljucg8co",
  "step": 74,
  "loss": 0.24949411964666673,
  "elapsedMs": 584299,
  "parameters": {
    "w": 2.508648370532769,
    "b": 0.9772240080790032
  }
}