{
  "timestamp": "2025-10-10T17:14:57.708Z",
  "runId": "cmgl3kbtb0039h6q6lb066m12",
  "step": 75,
  "loss": 0.2630029256233433,
  "elapsedMs": 592343,
  "parameters": {
    "w": 2.4883084981001056,
    "b": 0.9885434128000304
  }
}