{
  "timestamp": "2025-10-10T17:57:40.505Z",
  "runId": "cmgl5dqby00yz59p3mdjadbc9",
  "step": 14,
  "loss": 0.3093352924253827,
  "elapsedMs": 104049,
  "parameters": {
    "w": 2.49955964982794,
    "b": 0.7478654432641934
  }
}