{
  "timestamp": "2025-10-10T16:59:44.722Z",
  "runId": "cmgl3d9qe00011qpodoj7t04t",
  "step": 2,
  "loss": 2.2302009723429026,
  "elapsedMs": 8002,
  "parameters": {
    "w": 2.437854380020807,
    "b": 0.18503514151267272
  }
}