{
  "timestamp": "2025-10-10T18:00:46.055Z",
  "runId": "cmgl5h0vn014459p363ew48tj",
  "step": 18,
  "loss": 0.2892835901875427,
  "elapsedMs": 136063,
  "parameters": {
    "w": 2.5059400358913364,
    "b": 0.7802843077984982
  }
}