{
  "timestamp": "2025-10-10T17:06:17.919Z",
  "runId": "cmgl3kopi003ph6q6ljucg8co",
  "step": 8,
  "loss": 0.47028868476390095,
  "elapsedMs": 56023,
  "parameters": {
    "w": 2.5078413596019886,
    "b": 0.5547225353313844
  }
}