{
  "timestamp": "2025-10-10T19:41:53.956Z",
  "runId": "cmgl90un200vk6wcdsop962ok",
  "step": 31,
  "loss": 0.7407949382901324,
  "elapsedMs": 240109,
  "parameters": {
    "w": 2.434668954948529,
    "b": 0.3282567343102783
  }
}