{
  "timestamp": "2025-10-10T17:05:45.375Z",
  "runId": "cmgl3kbtb0039h6q6lb066m12",
  "step": 6,
  "loss": 0.6292991821045004,
  "elapsedMs": 40011,
  "parameters": {
    "w": 2.480273821352375,
    "b": 0.4437962462613477
  }
}