{
  "timestamp": "2025-10-10T20:35:52.080Z",
  "runId": "cmglb15x5000410aty7a0wpll",
  "step": 14,
  "loss": 0.3176416499148233,
  "elapsedMs": 104078,
  "parameters": {
    "w": 2.4974596570045704,
    "b": 0.7736361558708346
  }
}