{
  "timestamp": "2025-10-10T17:21:55.320Z",
  "runId": "cmgl44rnc000159p35n5uexhp",
  "step": 8,
  "loss": 0.48194263572813956,
  "elapsedMs": 56030,
  "parameters": {
    "w": 2.4935248061040785,
    "b": 0.5550595477202049
  }
}