{
  "timestamp": "2025-10-10T20:39:13.197Z",
  "runId": "cmglb7cuq00014nhizxmusl2p",
  "step": 3,
  "loss": 0.9102007284509401,
  "elapsedMs": 16006,
  "parameters": {
    "w": 2.505284807973893,
    "b": 0.31134637076265564
  }
}