{
  "timestamp": "2025-10-10T17:14:34.183Z",
  "runId": "cmgl3kopi003ph6q6ljucg8co",
  "step": 70,
  "loss": 0.2494943861681067,
  "elapsedMs": 552286,
  "parameters": {
    "w": 2.5086479666271106,
    "b": 0.9770122783875481
  }
}