{
  "timestamp": "2025-10-10T20:48:32.118Z",
  "runId": "cmglbcb2y001p4nhiwgg4wuky",
  "step": 44,
  "loss": 0.24769379514889975,
  "elapsedMs": 344147,
  "parameters": {
    "w": 2.5050725032434418,
    "b": 0.9818323049912234
  }
}