{
  "timestamp": "2025-10-10T17:11:54.099Z",
  "runId": "cmgl3kopi003ph6q6ljucg8co",
  "step": 50,
  "loss": 0.2495255751294444,
  "elapsedMs": 392203,
  "parameters": {
    "w": 2.508639481042922,
    "b": 0.9725640858784804
  }
}