{
  "timestamp": "2025-10-10T17:52:42.841Z",
  "runId": "cmgl54fs100rr59p3m5p675ua",
  "step": 31,
  "loss": 0.6021226576696297,
  "elapsedMs": 240156,
  "parameters": {
    "w": 2.4799442357053416,
    "b": 0.4224880776187879
  }
}