{
  "timestamp": "2025-10-10T17:41:35.520Z",
  "runId": "cmgl4urll00k759p3ddddxdkz",
  "step": 4,
  "loss": 13.074765275722052,
  "elapsedMs": 24010,
  "parameters": {
    "w": 1.5544557164145023,
    "b": 0.11608300597153894
  }
}