{
  "timestamp": "2025-10-10T17:30:49.848Z",
  "runId": "cmgl4fvzq008l59p3ozsfa6tx",
  "step": 10,
  "loss": 0.583371919505232,
  "elapsedMs": 72037,
  "parameters": {
    "w": 2.497513058504362,
    "b": 0.41438488062896717
  }
}