{
  "timestamp": "2025-10-10T19:30:14.682Z",
  "runId": "cmgl8qo2800nl6wcd5h2kd6qf",
  "step": 3,
  "loss": 25.20909199842007,
  "elapsedMs": 16014,
  "parameters": {
    "w": 1.0782476190952397,
    "b": 0.049521922345203834
  }
}