{
  "timestamp": "2025-10-10T19:23:15.681Z",
  "runId": "cmgl8gnp400fr6wcdg48gl9pr",
  "step": 9,
  "loss": 1.2165816292411855,
  "elapsedMs": 64050,
  "parameters": {
    "w": 2.3592726051551702,
    "b": 0.2700046554402014
  }
}