{
  "timestamp": "2025-10-10T17:24:04.833Z",
  "runId": "cmgl482qh002k59p30ih5wuub",
  "step": 5,
  "loss": 0.7761827764751408,
  "elapsedMs": 32018,
  "parameters": {
    "w": 2.4922468669053206,
    "b": 0.3203084982675055
  }
}