{
  "timestamp": "2025-10-10T18:15:01.049Z",
  "runId": "cmgl60jkk0001dkqperk9p40e",
  "step": 11,
  "loss": 0.36781732156101216,
  "elapsedMs": 80081,
  "parameters": {
    "w": 2.495055800091178,
    "b": 0.6734257297495501
  }
}