{
  "timestamp": "2025-10-10T18:01:18.069Z",
  "runId": "cmgl5h0vn014459p363ew48tj",
  "step": 22,
  "loss": 0.25992440783019227,
  "elapsedMs": 168076,
  "parameters": {
    "w": 2.5061242216186184,
    "b": 0.8443624740301745
  }
}