{
  "timestamp": "2025-10-10T18:43:48.096Z",
  "runId": "cmgl72bgt00jx4bwgrwqopomd",
  "step": 16,
  "loss": 0.8041696287632898,
  "elapsedMs": 45092,
  "parameters": {
    "w": 2.440852351340003,
    "b": 0.31456687496539837
  }
}