{
  "timestamp": "2025-10-10T18:46:57.183Z",
  "runId": "cmgl766gt00rw4bwglngil2h1",
  "step": 19,
  "loss": 0.9691875380965705,
  "elapsedMs": 54129,
  "parameters": {
    "w": 2.3687412772323024,
    "b": 0.3046831834957751
  }
}