{
  "timestamp": "2025-10-10T17:55:40.333Z",
  "runId": "cmgl59m5400vt59p3z5r7qzff",
  "step": 23,
  "loss": 1.1392505765446144,
  "elapsedMs": 176139,
  "parameters": {
    "w": 2.331992679934684,
    "b": 0.28421584680826867
  }
}