{
  "timestamp": "2025-10-10T17:37:50.024Z",
  "runId": "cmgl4p8ro00fv59p3xmz642an",
  "step": 8,
  "loss": 1.708635684928201,
  "elapsedMs": 56023,
  "parameters": {
    "w": 2.2373425364067687,
    "b": 0.16242779560767676
  }
}