{
  "timestamp": "2025-10-10T20:07:38.399Z",
  "runId": "cmgla1jtd00013dxhvorihs03",
  "step": 10,
  "loss": 0.41113920145269306,
  "elapsedMs": 72030,
  "parameters": {
    "w": 2.5018067564077233,
    "b": 0.6540328089453904
  }
}