{
  "timestamp": "2025-10-10T19:51:24.952Z",
  "runId": "cmgl9dryo015r6wcdpzs47l9c",
  "step": 27,
  "loss": 1.5256180282511709,
  "elapsedMs": 208133,
  "parameters": {
    "w": 2.2379023165378347,
    "b": 0.23881392864085818
  }
}