{
  "timestamp": "2025-10-10T17:57:08.494Z",
  "runId": "cmgl5dqby00yz59p3mdjadbc9",
  "step": 10,
  "loss": 0.39484918403942926,
  "elapsedMs": 72038,
  "parameters": {
    "w": 2.4984449432090954,
    "b": 0.6279315052082255
  }
}