{
  "timestamp": "2025-10-10T18:36:20.938Z",
  "runId": "cmgl6slj300014bwgepuoxl5u",
  "step": 18,
  "loss": 0.2967360083554568,
  "elapsedMs": 51125,
  "parameters": {
    "w": 2.508916118756165,
    "b": 0.8309116300858911
  }
}