{
  "timestamp": "2025-10-10T19:51:08.938Z",
  "runId": "cmgl9dryo015r6wcdpzs47l9c",
  "step": 25,
  "loss": 1.812713049338915,
  "elapsedMs": 192121,
  "parameters": {
    "w": 2.189890449920315,
    "b": 0.2230160280983369
  }
}