{
  "timestamp": "2025-10-10T18:36:55.493Z",
  "runId": "cmgl6tsm0002f4bwgl80qap6b",
  "step": 11,
  "loss": 0.44041320757977653,
  "elapsedMs": 30057,
  "parameters": {
    "w": 2.4909317718647834,
    "b": 0.5927456832408178
  }
}