{
  "timestamp": "2025-10-10T19:50:12.881Z",
  "runId": "cmgl9dryo015r6wcdpzs47l9c",
  "step": 18,
  "loss": 3.946004945704821,
  "elapsedMs": 136062,
  "parameters": {
    "w": 1.9424985077548524,
    "b": 0.1653329023505695
  }
}