{
  "timestamp": "2025-10-10T18:37:54.085Z",
  "runId": "cmgl6v8sc005d4bwg0lsq0cvg",
  "step": 8,
  "loss": 0.689998412016314,
  "elapsedMs": 21047,
  "parameters": {
    "w": 2.4934311345861375,
    "b": 0.40993017734246884
  }
}