{
  "timestamp": "2025-10-10T17:12:42.124Z",
  "runId": "cmgl3kopi003ph6q6ljucg8co",
  "step": 56,
  "loss": 0.2495028593694644,
  "elapsedMs": 440228,
  "parameters": {
    "w": 2.508644007275942,
    "b": 0.9749367635120971
  }
}