{
  "timestamp": "2025-10-10T17:11:40.475Z",
  "runId": "cmgl3g3cz0001h6q6xmybpgpv",
  "step": 75,
  "loss": 0.24222442603313982,
  "elapsedMs": 592266,
  "parameters": {
    "w": 2.5001923657142715,
    "b": 1.0119846702173736
  }
}