{
  "timestamp": "2025-10-10T18:36:58.501Z",
  "runId": "cmgl6tsm0002f4bwgl80qap6b",
  "step": 12,
  "loss": 0.4083344800261005,
  "elapsedMs": 33064,
  "parameters": {
    "w": 2.4914650008925294,
    "b": 0.6263801605188368
  }
}