{
  "timestamp": "2025-10-10T20:51:04.186Z",
  "runId": "cmglbcb2y001p4nhiwgg4wuky",
  "step": 63,
  "loss": 0.24757639902372194,
  "elapsedMs": 496213,
  "parameters": {
    "w": 2.5051439375859443,
    "b": 0.9903455900400113
  }
}