{
  "timestamp": "2025-10-10T17:22:19.328Z",
  "runId": "cmgl44rnc000159p35n5uexhp",
  "step": 11,
  "loss": 0.3692161844215776,
  "elapsedMs": 80035,
  "parameters": {
    "w": 2.49490297287153,
    "b": 0.6746931558500495
  }
}