{
  "timestamp": "2025-10-10T20:42:47.971Z",
  "runId": "cmglbcb2y001p4nhiwgg4wuky",
  "step": 1,
  "loss": 52.416597993538296,
  "elapsedMs": 0,
  "parameters": {
    "w": 2.049205679163918,
    "b": 0.0840236428575574
  }
}