{
  "timestamp": "2025-10-10T20:51:45.621Z",
  "runId": "cmglb7cuq00014nhizxmusl2p",
  "step": 97,
  "loss": 0.25592130449654077,
  "elapsedMs": 768403,
  "parameters": {
    "w": 2.5013869676971554,
    "b": 1.022362107133435
  }
}