{
  "timestamp": "2025-10-10T17:07:53.432Z",
  "runId": "cmgl3kbtb0039h6q6lb066m12",
  "step": 22,
  "loss": 0.275646202228879,
  "elapsedMs": 168069,
  "parameters": {
    "w": 2.4868470121244775,
    "b": 0.8876477197256184
  }
}