{
  "timestamp": "2025-10-10T18:02:40.926Z",
  "runId": "cmgl5ku9x01af59p3n22aaa4d",
  "step": 10,
  "loss": 0.5485179982656918,
  "elapsedMs": 72022,
  "parameters": {
    "w": 2.500286279985085,
    "b": 0.4731655179138976
  }
}