{
  "timestamp": "2025-10-10T20:52:24.218Z",
  "runId": "cmglbcb2y001p4nhiwgg4wuky",
  "step": 73,
  "loss": 0.247574478362314,
  "elapsedMs": 576245,
  "parameters": {
    "w": 2.505151211086612,
    "b": 0.9912124193872633
  }
}