{
  "timestamp": "2025-10-10T18:44:55.623Z",
  "runId": "cmgl74eri00o94bwg2vepljfr",
  "step": 6,
  "loss": 8.435875129893667,
  "elapsedMs": 15039,
  "parameters": {
    "w": 1.7383965525400271,
    "b": 0.10532578652281024
  }
}