{
  "timestamp": "2025-10-10T18:02:08.431Z",
  "runId": "cmgl5ku9x01af59p3n22aaa4d",
  "step": 6,
  "loss": 0.7776610276305879,
  "elapsedMs": 40013,
  "parameters": {
    "w": 2.477032301885548,
    "b": 0.3190588730897206
  }
}