{
  "timestamp": "2025-10-10T17:07:16.350Z",
  "runId": "cmgl3g3cz0001h6q6xmybpgpv",
  "step": 42,
  "loss": 0.2423956496321289,
  "elapsedMs": 328141,
  "parameters": {
    "w": 2.5003448822671626,
    "b": 1.000559976434101
  }
}