{
  "timestamp": "2025-10-10T20:08:18.410Z",
  "runId": "cmgla1jtd00013dxhvorihs03",
  "step": 15,
  "loss": 0.31230289758099794,
  "elapsedMs": 112042,
  "parameters": {
    "w": 2.501856387062358,
    "b": 0.7976040838657127
  }
}