{
  "timestamp": "2025-10-10T20:41:29.277Z",
  "runId": "cmglb7cuq00014nhizxmusl2p",
  "step": 20,
  "loss": 0.2733998812638648,
  "elapsedMs": 152082,
  "parameters": {
    "w": 2.5036632945941077,
    "b": 0.9032367480567627
  }
}