{
  "timestamp": "2025-10-10T18:39:01.559Z",
  "runId": "cmgl6wtld008l4bwggktwxv95",
  "step": 6,
  "loss": 1.1173648224558843,
  "elapsedMs": 15039,
  "parameters": {
    "w": 2.3940772454706907,
    "b": 0.26338316340925433
  }
}