{
  "timestamp": "2025-10-10T20:46:40.078Z",
  "runId": "cmglbcb2y001p4nhiwgg4wuky",
  "step": 30,
  "loss": 0.24985557141588707,
  "elapsedMs": 232106,
  "parameters": {
    "w": 2.5047943065442477,
    "b": 0.9486778345097804
  }
}