{
  "timestamp": "2025-10-10T17:11:13.621Z",
  "runId": "cmgl3kbtb0039h6q6lb066m12",
  "step": 47,
  "loss": 0.26306844180018624,
  "elapsedMs": 368258,
  "parameters": {
    "w": 2.4882083066384806,
    "b": 0.9816265575380639
  }
}