{
  "timestamp": "2025-10-10T17:13:53.681Z",
  "runId": "cmgl3kbtb0039h6q6lb066m12",
  "step": 67,
  "loss": 0.263003721481518,
  "elapsedMs": 528316,
  "parameters": {
    "w": 2.488301158915262,
    "b": 0.9880367420869809
  }
}