{
  "timestamp": "2025-10-10T17:34:44.325Z",
  "runId": "cmgl4kebm00c359p3j7bxwbeg",
  "step": 13,
  "loss": 0.5486681321635302,
  "elapsedMs": 96063,
  "parameters": {
    "w": 2.4855215299080493,
    "b": 0.4282002558163151
  }
}