{
  "timestamp": "2025-10-10T18:46:39.145Z",
  "runId": "cmgl766gt00rw4bwglngil2h1",
  "step": 13,
  "loss": 2.2627759582420657,
  "elapsedMs": 36092,
  "parameters": {
    "w": 2.1593865798633907,
    "b": 0.22741437554599125
  }
}