{
  "timestamp": "2025-10-10T18:46:01.766Z",
  "runId": "cmgl74eri00o94bwg2vepljfr",
  "step": 28,
  "loss": 0.5796142875646869,
  "elapsedMs": 81184,
  "parameters": {
    "w": 2.4909930429972675,
    "b": 0.4281982347710355
  }
}