{
  "timestamp": "2025-10-10T18:46:42.155Z",
  "runId": "cmgl766gt00rw4bwglngil2h1",
  "step": 14,
  "loss": 1.8741765926260638,
  "elapsedMs": 39101,
  "parameters": {
    "w": 2.2087060112887262,
    "b": 0.24108487142734153
  }
}