{
  "timestamp": "2025-10-10T18:40:21.022Z",
  "runId": "cmgl6yiy100c34bwgpi1gkjqk",
  "step": 6,
  "loss": 1.679030301310151,
  "elapsedMs": 15039,
  "parameters": {
    "w": 2.3194027346595147,
    "b": 0.28312029376515124
  }
}