{
  "timestamp": "2025-10-10T19:47:23.458Z",
  "runId": "cmgl96vw2010b6wcdbnqi98ym",
  "step": 37,
  "loss": 0.8491581999488268,
  "elapsedMs": 288135,
  "parameters": {
    "w": 2.3796607380709243,
    "b": 0.2839680361874586
  }
}