{
  "timestamp": "2025-10-10T20:43:29.362Z",
  "runId": "cmglb7cuq00014nhizxmusl2p",
  "step": 35,
  "loss": 0.25666897322181,
  "elapsedMs": 272172,
  "parameters": {
    "w": 2.501857213941554,
    "b": 0.9977530526108128
  }
}