{
  "timestamp": "2025-10-10T20:15:48.046Z",
  "runId": "cmglacw590001owoouwrbu1dl",
  "step": 5,
  "loss": 0.69707013873541,
  "elapsedMs": 32014,
  "parameters": {
    "w": 2.4996238710205123,
    "b": 0.40558840495734544
  }
}