{
  "timestamp": "2025-10-10T20:42:01.293Z",
  "runId": "cmglb7cuq00014nhizxmusl2p",
  "step": 24,
  "loss": 0.2634634301320174,
  "elapsedMs": 184096,
  "parameters": {
    "w": 2.502882028650259,
    "b": 0.9441221701901077
  }
}