{
  "timestamp": "2025-10-10T19:13:19.038Z",
  "runId": "cmgl836h500596wcddnzwnuoz",
  "step": 13,
  "loss": 0.4495950644317376,
  "elapsedMs": 96032,
  "parameters": {
    "w": 2.496383372122491,
    "b": 0.5756031768165085
  }
}