{
  "timestamp": "2025-10-10T19:22:27.637Z",
  "runId": "cmgl8gnp400fr6wcdg48gl9pr",
  "step": 3,
  "loss": 15.87828983825794,
  "elapsedMs": 16006,
  "parameters": {
    "w": 1.533094859239458,
    "b": 0.10022888224725521
  }
}