{
  "timestamp": "2025-10-10T18:48:38.369Z",
  "runId": "cmgl7856900vy4bwg1x0y62xj",
  "step": 22,
  "loss": 1.28750933333466,
  "elapsedMs": 63061,
  "parameters": {
    "w": 2.2848542883415757,
    "b": 0.22698312157049685
  }
}