{
  "timestamp": "2025-10-10T20:11:41.880Z",
  "runId": "cmgla7z4y004y3dxh5c4aap3d",
  "step": 3,
  "loss": 2.994199311670647,
  "elapsedMs": 16006,
  "parameters": {
    "w": 2.299649467996494,
    "b": 0.22012268445148442
  }
}