{
  "timestamp": "2025-10-10T18:42:52.621Z",
  "runId": "cmgl70ak600fq4bwgf9uu5c69",
  "step": 29,
  "loss": 0.42455527413280253,
  "elapsedMs": 84177,
  "parameters": {
    "w": 2.4876580931980246,
    "b": 0.5888997768405894
  }
}