{
  "timestamp": "2025-10-10T17:10:25.609Z",
  "runId": "cmgl3kbtb0039h6q6lb066m12",
  "step": 41,
  "loss": 0.2632349034512623,
  "elapsedMs": 320241,
  "parameters": {
    "w": 2.4881152637329196,
    "b": 0.9752032126693688
  }
}