{
  "timestamp": "2025-10-10T17:12:28.497Z",
  "runId": "cmgl3g3cz0001h6q6xmybpgpv",
  "step": 81,
  "loss": 0.24222430752700627,
  "elapsedMs": 640287,
  "parameters": {
    "w": 2.5001900777688153,
    "b": 1.0121560553931794
  }
}