{
  "timestamp": "2025-10-10T19:26:13.152Z",
  "runId": "cmgl8lu1b00jt6wcdu8xpy8ib",
  "step": 1,
  "loss": 53.98259781593722,
  "elapsedMs": 0,
  "parameters": {
    "w": 0.5567234231776634,
    "b": 0.020297104135329782
  }
}