{
  "timestamp": "2025-10-10T20:52:01.627Z",
  "runId": "cmglb7cuq00014nhizxmusl2p",
  "step": 99,
  "loss": 0.25592130393231705,
  "elapsedMs": 784414,
  "parameters": {
    "w": 2.5013868353361124,
    "b": 1.0223690338875862
  }
}