{
  "timestamp": "2025-10-10T20:09:55.860Z",
  "runId": "cmgla4oab002f3dxhzweq11sz",
  "step": 9,
  "loss": 0.49481141671971135,
  "elapsedMs": 64094,
  "parameters": {
    "w": 2.5165643979364876,
    "b": 0.5500350444681088
  }
}