{
  "timestamp": "2025-10-10T20:30:21.034Z",
  "runId": "cmglas6ov0002lfunaib5ijsh",
  "step": 25,
  "loss": 0.2633961028572942,
  "elapsedMs": 192101,
  "parameters": {
    "w": 2.4965995297732904,
    "b": 0.9367358670526796
  }
}