{
  "timestamp": "2025-10-10T18:00:38.054Z",
  "runId": "cmgl5h0vn014459p363ew48tj",
  "step": 17,
  "loss": 0.30022858535757124,
  "elapsedMs": 128059,
  "parameters": {
    "w": 2.5058835404120248,
    "b": 0.760637595245709
  }
}