{
  "timestamp": "2025-10-10T19:12:31.025Z",
  "runId": "cmgl836h500596wcddnzwnuoz",
  "step": 7,
  "loss": 0.7037790297334539,
  "elapsedMs": 48017,
  "parameters": {
    "w": 2.485121266950112,
    "b": 0.36879154853823226
  }
}