{
  "timestamp": "2025-10-10T18:37:33.036Z",
  "runId": "cmgl6v8sc005d4bwg0lsq0cvg",
  "step": 1,
  "loss": 52.06521696477058,
  "elapsedMs": 0,
  "parameters": {
    "w": 1.3002667148363054,
    "b": 0.057467535932791226
  }
}