{
  "timestamp": "2025-10-10T19:09:09.382Z",
  "runId": "cmgl7zjlv002g6wcdql2u3d53",
  "step": 3,
  "loss": 1.49447098070207,
  "elapsedMs": 16005,
  "parameters": {
    "w": 2.4115282732694348,
    "b": 0.23663320075846805
  }
}