{
  "timestamp": "2025-10-10T20:28:36.994Z",
  "runId": "cmglas6ov0002lfunaib5ijsh",
  "step": 12,
  "loss": 0.3575773434733953,
  "elapsedMs": 88061,
  "parameters": {
    "w": 2.49644366506795,
    "b": 0.7237459653335633
  }
}