{
  "timestamp": "2025-10-10T19:19:38.239Z",
  "runId": "cmgl8btqb00bz6wcdppfmiop5",
  "step": 10,
  "loss": 0.820654161294609,
  "elapsedMs": 72025,
  "parameters": {
    "w": 2.4515513735516246,
    "b": 0.32965921404846027
  }
}