{
  "timestamp": "2025-10-10T19:57:18.384Z",
  "runId": "cmgl9l0fl01bh6wcdrrxrxgke",
  "step": 29,
  "loss": 1.2497230224506266,
  "elapsedMs": 224003,
  "parameters": {
    "w": 2.297076290653849,
    "b": 0.24881824228071067
  }
}