{
  "timestamp": "2025-10-10T20:46:49.453Z",
  "runId": "cmglb7cuq00014nhizxmusl2p",
  "step": 60,
  "loss": 0.25592521471483026,
  "elapsedMs": 472261,
  "parameters": {
    "w": 2.5014203341241115,
    "b": 1.020615966191382
  }
}