{
  "timestamp": "2025-10-10T18:42:58.637Z",
  "runId": "cmgl70ak600fq4bwgf9uu5c69",
  "step": 31,
  "loss": 0.4033598362083501,
  "elapsedMs": 90194,
  "parameters": {
    "w": 2.488385732145363,
    "b": 0.6145872616255094
  }
}