{
  "timestamp": "2025-10-10T20:43:21.359Z",
  "runId": "cmglb7cuq00014nhizxmusl2p",
  "step": 34,
  "loss": 0.2568437961770126,
  "elapsedMs": 264166,
  "parameters": {
    "w": 2.5019093833617587,
    "b": 0.9950229083055172
  }
}