{
  "timestamp": "2025-10-10T18:52:40.169Z",
  "runId": "cmgl7cxp1015v4bwguml7zqxc",
  "step": 28,
  "loss": 1.3465599052028991,
  "elapsedMs": 81240,
  "parameters": {
    "w": 2.2683767239102615,
    "b": 0.24112910210854488
  }
}