{
  "timestamp": "2025-10-10T17:08:44.376Z",
  "runId": "cmgl3g3cz0001h6q6xmybpgpv",
  "step": 53,
  "loss": 0.24224119298774233,
  "elapsedMs": 416168,
  "parameters": {
    "w": 2.5002369525210533,
    "b": 1.0086447664194176
  }
}