{
  "timestamp": "2025-10-10T18:37:07.523Z",
  "runId": "cmgl6tsm0002f4bwgl80qap6b",
  "step": 15,
  "loss": 0.33871229068134184,
  "elapsedMs": 42086,
  "parameters": {
    "w": 2.4927918768444886,
    "b": 0.7120078619258067
  }
}