{
  "timestamp": "2025-10-10T17:12:33.651Z",
  "runId": "cmgl3kbtb0039h6q6lb066m12",
  "step": 57,
  "loss": 0.2630107575660938,
  "elapsedMs": 448288,
  "parameters": {
    "w": 2.488277124312443,
    "b": 0.9863774802468624
  }
}