{
  "timestamp": "2025-10-10T19:53:01.012Z",
  "runId": "cmgl9dryo015r6wcdpzs47l9c",
  "step": 39,
  "loss": 0.8187511088422585,
  "elapsedMs": 304194,
  "parameters": {
    "w": 2.4055343735310677,
    "b": 0.327466341897605
  }
}