{
  "timestamp": "2025-10-10T18:41:24.159Z",
  "runId": "cmgl6yiy100c34bwgpi1gkjqk",
  "step": 27,
  "loss": 0.34807537565883767,
  "elapsedMs": 78176,
  "parameters": {
    "w": 2.518234054387412,
    "b": 0.7147412148682467
  }
}