{
  "timestamp": "2025-10-10T18:02:00.430Z",
  "runId": "cmgl5ku9x01af59p3n22aaa4d",
  "step": 5,
  "loss": 0.9336164885071573,
  "elapsedMs": 32009,
  "parameters": {
    "w": 2.44881809115369,
    "b": 0.2737631675659537
  }
}