{
  "timestamp": "2025-10-10T20:17:47.881Z",
  "runId": "cmglacw590001owoouwrbu1dl",
  "step": 20,
  "loss": 0.2685980781489975,
  "elapsedMs": 152070,
  "parameters": {
    "w": 2.5022674354161363,
    "b": 0.8836470190144483
  }
}