{
  "timestamp": "2025-10-10T18:44:00.130Z",
  "runId": "cmgl72bgt00jx4bwgrwqopomd",
  "step": 20,
  "loss": 0.6807607277653497,
  "elapsedMs": 57129,
  "parameters": {
    "w": 2.4693006614117037,
    "b": 0.3854282677827666
  }
}