{
  "timestamp": "2025-10-10T20:07:54.405Z",
  "runId": "cmgla1jtd00013dxhvorihs03",
  "step": 12,
  "loss": 0.35895330834348815,
  "elapsedMs": 88036,
  "parameters": {
    "w": 2.501829797704268,
    "b": 0.7206454404046869
  }
}