{
  "timestamp": "2025-10-10T18:16:07.885Z",
  "runId": "cmgl63irq0001phvacuo2rrtr",
  "step": 2,
  "loss": 2.9835502049920324,
  "elapsedMs": 8007,
  "parameters": {
    "w": 2.3792262741968733,
    "b": 0.12801274772839402
  }
}