{
  "timestamp": "2025-10-10T19:35:52.359Z",
  "runId": "cmgl8vo8r00ri6wcdlenesao3",
  "step": 16,
  "loss": 1.459867894821621,
  "elapsedMs": 120082,
  "parameters": {
    "w": 2.269307562951916,
    "b": 0.2517343603305795
  }
}