{
  "timestamp": "2025-10-10T16:59:52.725Z",
  "runId": "cmgl3d9qe00011qpodoj7t04t",
  "step": 3,
  "loss": 0.9465178162704545,
  "elapsedMs": 16006,
  "parameters": {
    "w": 2.484263207304599,
    "b": 0.267345737312553
  }
}