{
  "timestamp": "2025-10-10T19:16:56.787Z",
  "runId": "cmgl87bxu008h6wcdl4542jih",
  "step": 16,
  "loss": 0.46969580998353844,
  "elapsedMs": 120031,
  "parameters": {
    "w": 2.4985032828243967,
    "b": 0.5918139057028162
  }
}