{
  "timestamp": "2025-10-10T17:14:18.177Z",
  "runId": "cmgl3kopi003ph6q6ljucg8co",
  "step": 68,
  "loss": 0.24949463145158127,
  "elapsedMs": 536280,
  "parameters": {
    "w": 2.508647691132837,
    "b": 0.9768678626894086
  }
}