{
  "timestamp": "2025-10-10T19:16:48.784Z",
  "runId": "cmgl87bxu008h6wcdl4542jih",
  "step": 15,
  "loss": 0.49367798031188953,
  "elapsedMs": 112029,
  "parameters": {
    "w": 2.498389372219231,
    "b": 0.5679991417766238
  }
}