{
  "timestamp": "2025-10-10T18:42:13.521Z",
  "runId": "cmgl70ak600fq4bwgf9uu5c69",
  "step": 16,
  "loss": 0.6619706159460247,
  "elapsedMs": 45077,
  "parameters": {
    "w": 2.4669750962766397,
    "b": 0.3734860842450342
  }
}