{
  "timestamp": "2025-10-10T17:24:20.842Z",
  "runId": "cmgl482qh002k59p30ih5wuub",
  "step": 7,
  "loss": 0.6224790901277498,
  "elapsedMs": 48027,
  "parameters": {
    "w": 2.4993641933635042,
    "b": 0.4228719260710671
  }
}