{
  "timestamp": "2025-10-10T17:07:45.429Z",
  "runId": "cmgl3kbtb0039h6q6lb066m12",
  "step": 21,
  "loss": 0.27860683541375103,
  "elapsedMs": 160065,
  "parameters": {
    "w": 2.4866842741884057,
    "b": 0.8764128826331152
  }
}