{
  "timestamp": "2025-10-10T20:34:16.005Z",
  "runId": "cmglb15x5000410aty7a0wpll",
  "step": 2,
  "loss": 2.387373131969328,
  "elapsedMs": 8004,
  "parameters": {
    "w": 2.4369160307493165,
    "b": 0.20257576836657287
  }
}