{
  "timestamp": "2025-10-10T19:25:15.786Z",
  "runId": "cmgl8gnp400fr6wcdg48gl9pr",
  "step": 24,
  "loss": 0.49131017063945365,
  "elapsedMs": 184155,
  "parameters": {
    "w": 2.5041905025224755,
    "b": 0.5696182695136653
  }
}