{
  "timestamp": "2025-10-10T18:15:59.879Z",
  "runId": "cmgl63irq0001phvacuo2rrtr",
  "step": 1,
  "loss": 50.45104461358306,
  "elapsedMs": 0,
  "parameters": {
    "w": 1.9926977643974073,
    "b": 0.044296863961168
  }
}