{
  "timestamp": "2025-10-10T19:59:12.265Z",
  "runId": "cmgl9rwek01gx6wcdq62ivwmo",
  "step": 3,
  "loss": 38.783212655050654,
  "elapsedMs": 16003,
  "parameters": {
    "w": 0.5853571424673787,
    "b": 0.037731773276970026
  }
}