{
  "timestamp": "2025-10-10T17:07:37.976Z",
  "runId": "cmgl3kopi003ph6q6ljucg8co",
  "step": 18,
  "loss": 0.27633901571661035,
  "elapsedMs": 136079,
  "parameters": {
    "w": 2.5083678347864526,
    "b": 0.8301655407488282
  }
}