{
  "timestamp": "2025-10-10T17:18:26.362Z",
  "runId": "cmgl3kopi003ph6q6ljucg8co",
  "step": 99,
  "loss": 0.24949391923297443,
  "elapsedMs": 784463,
  "parameters": {
    "w": 2.5086490858138757,
    "b": 0.977598962589065
  }
}