{
  "timestamp": "2025-10-10T20:44:33.393Z",
  "runId": "cmglb7cuq00014nhizxmusl2p",
  "step": 43,
  "loss": 0.25606051773611194,
  "elapsedMs": 336203,
  "parameters": {
    "w": 2.501589485144291,
    "b": 1.0117639089389625
  }
}