{
  "timestamp": "2025-10-10T18:50:19.291Z",
  "runId": "cmgl7afsf010p4bwg8hj2ac1n",
  "step": 20,
  "loss": 2.198551936215672,
  "elapsedMs": 57077,
  "parameters": {
    "w": 2.1658660691779428,
    "b": 0.20693634076631043
  }
}