{
  "timestamp": "2025-10-10T17:13:45.676Z",
  "runId": "cmgl3kbtb0039h6q6lb066m12",
  "step": 66,
  "loss": 0.2630039503664723,
  "elapsedMs": 520313,
  "parameters": {
    "w": 2.4882997280289643,
    "b": 0.987937958884708
  }
}