{
  "timestamp": "2025-10-10T20:43:05.357Z",
  "runId": "cmglb7cuq00014nhizxmusl2p",
  "step": 32,
  "loss": 0.2573256334462453,
  "elapsedMs": 248163,
  "parameters": {
    "w": 2.5020316997677745,
    "b": 0.9886218128358135
  }
}