{
  "timestamp": "2025-10-10T17:58:20.524Z",
  "runId": "cmgl5dqby00yz59p3mdjadbc9",
  "step": 19,
  "loss": 0.2672123658114607,
  "elapsedMs": 144067,
  "parameters": {
    "w": 2.500430773768147,
    "b": 0.8415955883184577
  }
}