{
  "timestamp": "2025-10-10T17:17:37.866Z",
  "runId": "cmgl3kbtb0039h6q6lb066m12",
  "step": 95,
  "loss": 0.2630027467244621,
  "elapsedMs": 752496,
  "parameters": {
    "w": 2.488313379855851,
    "b": 0.988880431517675
  }
}