{
  "timestamp": "2025-10-10T19:38:33.863Z",
  "runId": "cmgl90un200vk6wcdsop962ok",
  "step": 6,
  "loss": 17.26792674644199,
  "elapsedMs": 40015,
  "parameters": {
    "w": 1.2414351140173578,
    "b": 0.07057990475068708
  }
}