{
  "timestamp": "2025-10-10T19:13:43.201Z",
  "runId": "cmgl836h500596wcddnzwnuoz",
  "step": 16,
  "loss": 0.3821915968506373,
  "elapsedMs": 120119,
  "parameters": {
    "w": 2.4965719658648027,
    "b": 0.6520186091728087
  }
}