{
  "timestamp": "2025-10-10T17:35:56.354Z",
  "runId": "cmgl4kebm00c359p3j7bxwbeg",
  "step": 22,
  "loss": 0.3769383482250744,
  "elapsedMs": 168092,
  "parameters": {
    "w": 2.494982885609421,
    "b": 0.5983718636250565
  }
}