{
  "timestamp": "2025-10-10T18:49:31.230Z",
  "runId": "cmgl7afsf010p4bwg8hj2ac1n",
  "step": 4,
  "loss": 31.85820131724834,
  "elapsedMs": 9012,
  "parameters": {
    "w": 0.8227307281931803,
    "b": 0.047384184354697156
  }
}