{
  "timestamp": "2025-10-10T18:43:03.001Z",
  "runId": "cmgl72bgt00jx4bwgrwqopomd",
  "step": 1,
  "loss": 54.041167048339865,
  "elapsedMs": 0,
  "parameters": {
    "w": 0.5577602461929227,
    "b": 0.014481857515259416
  }
}