{
  "timestamp": "2025-10-10T19:27:41.212Z",
  "runId": "cmgl8lu1b00jt6wcdu8xpy8ib",
  "step": 12,
  "loss": 0.9772746472807414,
  "elapsedMs": 88058,
  "parameters": {
    "w": 2.3689456860020655,
    "b": 0.24279467438651275
  }
}