{
  "timestamp": "2025-10-10T18:50:52.332Z",
  "runId": "cmgl7afsf010p4bwg8hj2ac1n",
  "step": 31,
  "loss": 0.922655635612091,
  "elapsedMs": 90118,
  "parameters": {
    "w": 2.3947471437824666,
    "b": 0.2979048821084233
  }
}