{
  "timestamp": "2025-10-10T17:10:17.523Z",
  "runId": "cmgl3kbtb0039h6q6lb066m12",
  "step": 40,
  "loss": 0.2632892666561312,
  "elapsedMs": 312159,
  "parameters": {
    "w": 2.4880932116798866,
    "b": 0.97368081887866
  }
}