{
  "timestamp": "2025-10-10T19:38:57.874Z",
  "runId": "cmgl90un200vk6wcdsop962ok",
  "step": 9,
  "loss": 9.2017462085433,
  "elapsedMs": 64028,
  "parameters": {
    "w": 1.6078783795881524,
    "b": 0.10508125263884359
  }
}