{
  "timestamp": "2025-10-10T20:39:53.210Z",
  "runId": "cmglb7cuq00014nhizxmusl2p",
  "step": 8,
  "loss": 0.4734631729581752,
  "elapsedMs": 56020,
  "parameters": {
    "w": 2.509418512616108,
    "b": 0.6020052980333892
  }
}