{
  "timestamp": "2025-10-10T17:34:12.312Z",
  "runId": "cmgl4kebm00c359p3j7bxwbeg",
  "step": 9,
  "loss": 0.7466489127748159,
  "elapsedMs": 64044,
  "parameters": {
    "w": 2.4361590875592896,
    "b": 0.32880064765891837
  }
}