{
  "timestamp": "2025-10-10T20:41:53.286Z",
  "runId": "cmglb7cuq00014nhizxmusl2p",
  "step": 23,
  "loss": 0.2652269572597374,
  "elapsedMs": 176093,
  "parameters": {
    "w": 2.5030477230590638,
    "b": 0.9354510052654645
  }
}