{
  "timestamp": "2025-10-10T17:38:06.001Z",
  "runId": "cmgl4p8ro00fv59p3xmz642an",
  "step": 10,
  "loss": 1.1192270010036123,
  "elapsedMs": 72031,
  "parameters": {
    "w": 2.339760196228398,
    "b": 0.21160873580521605
  }
}