{
  "timestamp": "2025-10-10T17:06:41.398Z",
  "runId": "cmgl3kbtb0039h6q6lb066m12",
  "step": 13,
  "loss": 0.34699115193251695,
  "elapsedMs": 96035,
  "parameters": {
    "w": 2.4845329365609277,
    "b": 0.7278924464282078
  }
}