{
  "timestamp": "2025-10-10T17:50:50.760Z",
  "runId": "cmgl54fs100rr59p3m5p675ua",
  "step": 17,
  "loss": 1.241541304897455,
  "elapsedMs": 128073,
  "parameters": {
    "w": 2.309182639620372,
    "b": 0.26463407759091656
  }
}