{
  "timestamp": "2025-10-10T17:08:20.369Z",
  "runId": "cmgl3g3cz0001h6q6xmybpgpv",
  "step": 50,
  "loss": 0.2422560938052544,
  "elapsedMs": 392159,
  "parameters": {
    "w": 2.500255314574501,
    "b": 1.0072693036653984
  }
}