{
  "timestamp": "2025-10-10T18:53:32.656Z",
  "runId": "cmgl7foml01c34bwg1tweenyt",
  "step": 3,
  "loss": 36.799635959161776,
  "elapsedMs": 6008,
  "parameters": {
    "w": 0.5495359795555832,
    "b": 0.023953570124627368
  }
}