{
  "timestamp": "2025-10-10T17:31:53.885Z",
  "runId": "cmgl4fvzq008l59p3ozsfa6tx",
  "step": 18,
  "loss": 0.3827075263438463,
  "elapsedMs": 136074,
  "parameters": {
    "w": 2.5049556363392464,
    "b": 0.6068060565577721
  }
}