{
  "timestamp": "2025-10-10T19:32:14.779Z",
  "runId": "cmgl8qo2800nl6wcd5h2kd6qf",
  "step": 18,
  "loss": 0.8394932998692962,
  "elapsedMs": 136111,
  "parameters": {
    "w": 2.4147940621930184,
    "b": 0.29418312595362117
  }
}