{
  "timestamp": "2025-10-10T18:47:56.327Z",
  "runId": "cmgl7856900vy4bwg1x0y62xj",
  "step": 8,
  "loss": 11.195315316167182,
  "elapsedMs": 21019,
  "parameters": {
    "w": 1.4875896613236872,
    "b": 0.07909033064389756
  }
}