{
  "timestamp": "2025-10-10T17:11:21.625Z",
  "runId": "cmgl3kbtb0039h6q6lb066m12",
  "step": 48,
  "loss": 0.26305597667064673,
  "elapsedMs": 376262,
  "parameters": {
    "w": 2.488218866176068,
    "b": 0.9823555497290358
  }
}