{
  "timestamp": "2025-10-10T19:32:46.804Z",
  "runId": "cmgl8qo2800nl6wcd5h2kd6qf",
  "step": 22,
  "loss": 0.6946573313771828,
  "elapsedMs": 168136,
  "parameters": {
    "w": 2.4598976714910603,
    "b": 0.35039930276018344
  }
}