{
  "timestamp": "2025-10-10T17:54:36.299Z",
  "runId": "cmgl59m5400vt59p3z5r7qzff",
  "step": 15,
  "loss": 2.9358978838254846,
  "elapsedMs": 112105,
  "parameters": {
    "w": 2.068661501909172,
    "b": 0.19767849926597836
  }
}