{
  "timestamp": "2025-10-10T17:12:34.120Z",
  "runId": "cmgl3kopi003ph6q6ljucg8co",
  "step": 55,
  "loss": 0.24950495661594982,
  "elapsedMs": 432224,
  "parameters": {
    "w": 2.508643436863721,
    "b": 0.9746377501134099
  }
}