{
  "timestamp": "2025-10-10T17:29:26.433Z",
  "runId": "cmgl4bpjs005d59p39f6kzn3x",
  "step": 24,
  "loss": 0.2978245885015905,
  "elapsedMs": 184123,
  "parameters": {
    "w": 2.5008606685421926,
    "b": 0.8094146046370213
  }
}