{
  "timestamp": "2025-10-10T19:28:05.234Z",
  "runId": "cmgl8lu1b00jt6wcdu8xpy8ib",
  "step": 15,
  "loss": 0.7440062118214241,
  "elapsedMs": 112078,
  "parameters": {
    "w": 2.4326190303326563,
    "b": 0.29619041948445196
  }
}