{
  "timestamp": "2025-10-10T20:02:08.332Z",
  "runId": "cmgl9rwek01gx6wcdq62ivwmo",
  "step": 25,
  "loss": 1.5835958651788264,
  "elapsedMs": 192070,
  "parameters": {
    "w": 2.2380942189155073,
    "b": 0.24839374200040815
  }
}