{
  "timestamp": "2025-10-10T17:09:56.401Z",
  "runId": "cmgl3g3cz0001h6q6xmybpgpv",
  "step": 62,
  "loss": 0.24222680889784418,
  "elapsedMs": 488192,
  "parameters": {
    "w": 2.500206670611614,
    "b": 1.010913120482986
  }
}