{
  "timestamp": "2025-10-10T20:14:40.143Z",
  "runId": "cmglabyaw00813dxhj9238x6l",
  "step": 2,
  "loss": 18.389124294721558,
  "elapsedMs": 8004,
  "parameters": {
    "w": 1.615757030243163,
    "b": 0.0707283070958023
  }
}