{
  "timestamp": "2025-10-10T18:53:25.227Z",
  "runId": "cmgl7cxp1015v4bwguml7zqxc",
  "step": 43,
  "loss": 0.7264163998917486,
  "elapsedMs": 126300,
  "parameters": {
    "w": 2.4327479878441185,
    "b": 0.34840189464614685
  }
}