{
  "timestamp": "2025-10-10T20:47:21.464Z",
  "runId": "cmglb7cuq00014nhizxmusl2p",
  "step": 64,
  "loss": 0.25592299084787634,
  "elapsedMs": 504273,
  "parameters": {
    "w": 2.5014086461929894,
    "b": 1.0212276221857972
  }
}