{
  "timestamp": "2025-10-10T20:19:33.648Z",
  "runId": "cmglaifc40028owootgmhaq8r",
  "step": 1,
  "loss": 54.10820434701926,
  "elapsedMs": 0,
  "parameters": {
    "w": 1.7008472301089654,
    "b": 0.06162088418024605
  }
}