{
  "timestamp": "2025-10-10T20:10:43.906Z",
  "runId": "cmgla4oab002f3dxhzweq11sz",
  "step": 15,
  "loss": 0.35454359851155665,
  "elapsedMs": 112140,
  "parameters": {
    "w": 2.5121213930706316,
    "b": 0.7206231652702122
  }
}