{
  "timestamp": "2025-10-10T17:42:23.542Z",
  "runId": "cmgl4urll00k759p3ddddxdkz",
  "step": 10,
  "loss": 1.447534521806365,
  "elapsedMs": 72033,
  "parameters": {
    "w": 2.282492805685783,
    "b": 0.2494954531265596
  }
}