{
  "timestamp": "2025-10-10T20:38:16.155Z",
  "runId": "cmglb15x5000410aty7a0wpll",
  "step": 32,
  "loss": 0.25671833956766593,
  "elapsedMs": 248154,
  "parameters": {
    "w": 2.496200263870941,
    "b": 0.9646152265058097
  }
}