{
  "timestamp": "2025-10-10T20:43:03.981Z",
  "runId": "cmglbcb2y001p4nhiwgg4wuky",
  "step": 3,
  "loss": 0.973371368738294,
  "elapsedMs": 16008,
  "parameters": {
    "w": 2.4845056674933246,
    "b": 0.2534688712405337
  }
}