{
  "timestamp": "2025-10-10T18:02:22.121Z",
  "runId": "cmgl5fha7011s59p318sj78n8",
  "step": 39,
  "loss": 0.7618404118185522,
  "elapsedMs": 304130,
  "parameters": {
    "w": 2.414700800680086,
    "b": 0.3101859016327297
  }
}