{
  "timestamp": "2025-10-10T18:01:50.082Z",
  "runId": "cmgl5fha7011s59p318sj78n8",
  "step": 35,
  "loss": 0.8469743070212168,
  "elapsedMs": 272114,
  "parameters": {
    "w": 2.3865113507706304,
    "b": 0.28039997894307656
  }
}