{
  "timestamp": "2025-10-10T18:00:06.059Z",
  "runId": "cmgl5fha7011s59p318sj78n8",
  "step": 22,
  "loss": 1.87236422288141,
  "elapsedMs": 168073,
  "parameters": {
    "w": 2.1703156158576307,
    "b": 0.1766446357717679
  }
}