{
  "timestamp": "2025-10-10T18:09:43.264Z",
  "runId": "cmgl5u8r5005hcwvace9t3wiy",
  "step": 8,
  "loss": 0.6764265060201583,
  "elapsedMs": 56030,
  "parameters": {
    "w": 2.495804277347019,
    "b": 0.40003533163616956
  }
}