{
  "timestamp": "2025-10-10T17:13:48.531Z",
  "runId": "cmgl3g3cz0001h6q6xmybpgpv",
  "step": 91,
  "loss": 0.2422242664710786,
  "elapsedMs": 720322,
  "parameters": {
    "w": 2.5001883857515765,
    "b": 1.0122828008412252
  }
}