{
  "timestamp": "2025-10-10T18:47:47.317Z",
  "runId": "cmgl7856900vy4bwg1x0y62xj",
  "step": 5,
  "loss": 21.135379434272917,
  "elapsedMs": 12009,
  "parameters": {
    "w": 1.0802947451612028,
    "b": 0.04784110027528739
  }
}