{
  "timestamp": "2025-10-10T19:10:37.425Z",
  "runId": "cmgl7zjlv002g6wcdql2u3d53",
  "step": 14,
  "loss": 0.3455387801916095,
  "elapsedMs": 104042,
  "parameters": {
    "w": 2.492440747857126,
    "b": 0.6912239834084741
  }
}