{
  "timestamp": "2025-10-10T17:12:52.504Z",
  "runId": "cmgl3g3cz0001h6q6xmybpgpv",
  "step": 84,
  "loss": 0.24222428564032122,
  "elapsedMs": 664294,
  "parameters": {
    "w": 2.5001893740386074,
    "b": 1.0122087703410263
  }
}