{
  "timestamp": "2025-10-10T18:45:52.745Z",
  "runId": "cmgl74eri00o94bwg2vepljfr",
  "step": 25,
  "loss": 0.6258057313924461,
  "elapsedMs": 72162,
  "parameters": {
    "w": 2.4828292877610285,
    "b": 0.3918881310623428
  }
}