{
  "timestamp": "2025-10-10T18:10:19.600Z",
  "runId": "cmgl5w87m006wcwvaoazi1va1",
  "step": 1,
  "loss": 51.82480807208535,
  "elapsedMs": 0,
  "parameters": {
    "w": 2.016063333422171,
    "b": 0.12785484362009528
  }
}