{
  "timestamp": "2025-10-10T17:36:20.365Z",
  "runId": "cmgl4kebm00c359p3j7bxwbeg",
  "step": 25,
  "loss": 0.3435231049027736,
  "elapsedMs": 192104,
  "parameters": {
    "w": 2.494549950713944,
    "b": 0.6422523855517537
  }
}