{
  "timestamp": "2025-10-10T20:35:12.037Z",
  "runId": "cmglb15x5000410aty7a0wpll",
  "step": 9,
  "loss": 0.43400715500528186,
  "elapsedMs": 64035,
  "parameters": {
    "w": 2.4984867945163125,
    "b": 0.6178506702699882
  }
}