{
  "timestamp": "2025-10-10T19:47:15.456Z",
  "runId": "cmgl96vw2010b6wcdbnqi98ym",
  "step": 36,
  "loss": 0.8764082628747293,
  "elapsedMs": 280134,
  "parameters": {
    "w": 2.3706426790069637,
    "b": 0.2767055502199569
  }
}