{
  "timestamp": "2025-10-10T16:59:36.837Z",
  "runId": "cmgl3d9qe00011qpodoj7t04t",
  "step": 1,
  "loss": 54.197901157879265,
  "elapsedMs": 0,
  "parameters": {
    "w": 2.12452695204392,
    "b": 0.09448304196807997
  }
}