{
  "timestamp": "2025-10-10T20:20:47.498Z",
  "runId": "cmglaigvp002cowooff7wk6rf",
  "step": 10,
  "loss": 0.40687092384310053,
  "elapsedMs": 72026,
  "parameters": {
    "w": 2.4979224052149203,
    "b": 0.639266979823989
  }
}