{
  "timestamp": "2025-10-10T18:36:49.481Z",
  "runId": "cmgl6tsm0002f4bwgl80qap6b",
  "step": 9,
  "loss": 0.5230562790599677,
  "elapsedMs": 24043,
  "parameters": {
    "w": 2.4895896607197656,
    "b": 0.5164673296197324
  }
}