{
  "timestamp": "2025-10-10T18:00:30.054Z",
  "runId": "cmgl5fha7011s59p318sj78n8",
  "step": 25,
  "loss": 1.4215977825835016,
  "elapsedMs": 192084,
  "parameters": {
    "w": 2.245865642531004,
    "b": 0.2014176368745115
  }
}