{
  "timestamp": "2025-10-10T17:06:36.332Z",
  "runId": "cmgl3g3cz0001h6q6xmybpgpv",
  "step": 37,
  "loss": 0.2427150815434885,
  "elapsedMs": 288121,
  "parameters": {
    "w": 2.5004538488955874,
    "b": 0.9923975157781926
  }
}