{
  "timestamp": "2025-10-10T18:13:48.973Z",
  "runId": "cmgl60jkk0001dkqperk9p40e",
  "step": 2,
  "loss": 2.10658522724251,
  "elapsedMs": 8006,
  "parameters": {
    "w": 2.445969868171334,
    "b": 0.1947052193502002
  }
}