{
  "timestamp": "2025-10-10T19:27:25.194Z",
  "runId": "cmgl8lu1b00jt6wcdu8xpy8ib",
  "step": 10,
  "loss": 1.3868363705462758,
  "elapsedMs": 72039,
  "parameters": {
    "w": 2.2902598113437573,
    "b": 0.20506723719949307
  }
}