{
  "timestamp": "2025-10-10T17:15:45.739Z",
  "runId": "cmgl3kbtb0039h6q6lb066m12",
  "step": 81,
  "loss": 0.2630027954129869,
  "elapsedMs": 640372,
  "parameters": {
    "w": 2.4883111003495775,
    "b": 0.9887230626690007
  }
}