{
  "timestamp": "2025-10-10T17:10:18.070Z",
  "runId": "cmgl3kopi003ph6q6ljucg8co",
  "step": 38,
  "loss": 0.2498907599928031,
  "elapsedMs": 296164,
  "parameters": {
    "w": 2.5086149388050707,
    "b": 0.9596989022760267
  }
}