{
  "timestamp": "2025-10-10T17:22:43.371Z",
  "runId": "cmgl44rnc000159p35n5uexhp",
  "step": 14,
  "loss": 0.3092695002132002,
  "elapsedMs": 104082,
  "parameters": {
    "w": 2.4959072511520546,
    "b": 0.7619346127157975
  }
}