{
  "timestamp": "2025-10-10T18:49:41.655Z",
  "runId": "cmgl7afsf010p4bwg8hj2ac1n",
  "step": 7,
  "loss": 18.041565746638888,
  "elapsedMs": 18021,
  "parameters": {
    "w": 1.257465825050226,
    "b": 0.08053744578977946
  }
}