{
  "timestamp": "2025-10-10T20:44:57.406Z",
  "runId": "cmglb7cuq00014nhizxmusl2p",
  "step": 46,
  "loss": 0.2559954213283532,
  "elapsedMs": 360215,
  "parameters": {
    "w": 2.5015345477178954,
    "b": 1.014638909298044
  }
}