{
  "timestamp": "2025-10-10T19:07:39.844Z",
  "runId": "cmgl7wdqj00026wcditavcuvj",
  "step": 10,
  "loss": 0.4014477568435524,
  "elapsedMs": 72020,
  "parameters": {
    "w": 2.509417015364174,
    "b": 0.6608155732120146
  }
}