{
  "timestamp": "2025-10-10T18:01:58.082Z",
  "runId": "cmgl5fha7011s59p318sj78n8",
  "step": 36,
  "loss": 0.822203408349014,
  "elapsedMs": 280117,
  "parameters": {
    "w": 2.3945792062094253,
    "b": 0.2879482211889671
  }
}