{
  "timestamp": "2025-10-10T18:45:34.712Z",
  "runId": "cmgl74eri00o94bwg2vepljfr",
  "step": 19,
  "loss": 0.7696651974294575,
  "elapsedMs": 54129,
  "parameters": {
    "w": 2.4420627005941493,
    "b": 0.31215738226840606
  }
}