{
  "timestamp": "2025-10-10T20:14:13.943Z",
  "runId": "cmgla7z4y004y3dxh5c4aap3d",
  "step": 22,
  "loss": 0.28659795502345736,
  "elapsedMs": 168062,
  "parameters": {
    "w": 2.5012411548835876,
    "b": 0.7829119195012277
  }
}