{
  "timestamp": "2025-10-10T20:27:24.963Z",
  "runId": "cmglas6ov0002lfunaib5ijsh",
  "step": 3,
  "loss": 0.9396842879747628,
  "elapsedMs": 16028,
  "parameters": {
    "w": 2.4916216350764304,
    "b": 0.2721984283850951
  }
}