{
  "timestamp": "2025-10-10T18:51:42.953Z",
  "runId": "cmgl7cxp1015v4bwguml7zqxc",
  "step": 9,
  "loss": 14.096582563219496,
  "elapsedMs": 24023,
  "parameters": {
    "w": 1.3406196173654505,
    "b": 0.08272737019794284
  }
}