{
  "timestamp": "2025-10-10T18:52:13.061Z",
  "runId": "cmgl7cxp1015v4bwguml7zqxc",
  "step": 19,
  "loss": 3.304813467172585,
  "elapsedMs": 54132,
  "parameters": {
    "w": 2.0048030381575703,
    "b": 0.16920589651819073
  }
}