{
  "timestamp": "2025-10-10T18:38:45.202Z",
  "runId": "cmgl6v8sc005d4bwg0lsq0cvg",
  "step": 25,
  "loss": 0.30474742384405407,
  "elapsedMs": 72165,
  "parameters": {
    "w": 2.5033106110563375,
    "b": 0.823689568576204
  }
}