{
  "timestamp": "2025-10-10T17:10:26.064Z",
  "runId": "cmgl3kopi003ph6q6ljucg8co",
  "step": 39,
  "loss": 0.2498153619772069,
  "elapsedMs": 304168,
  "parameters": {
    "w": 2.508618358946315,
    "b": 0.9614917601776833
  }
}