{
  "timestamp": "2025-10-10T17:58:21.988Z",
  "runId": "cmgl5fha7011s59p318sj78n8",
  "step": 9,
  "loss": 12.374684051997297,
  "elapsedMs": 64025,
  "parameters": {
    "w": 1.4257062635892517,
    "b": 0.06755045650623456
  }
}