{
  "timestamp": "2025-10-10T18:05:15.627Z",
  "runId": "cmgl5na850001cwva9g70z3sf",
  "step": 15,
  "loss": 0.2871403425992727,
  "elapsedMs": 112133,
  "parameters": {
    "w": 2.499871524395309,
    "b": 0.7896588256156792
  }
}