{
  "timestamp": "2025-10-10T17:40:38.061Z",
  "runId": "cmgl4p8ro00fv59p3xmz642an",
  "step": 29,
  "loss": 0.4432938603641027,
  "elapsedMs": 224093,
  "parameters": {
    "w": 2.4759053188564293,
    "b": 0.5701430401868594
  }
}