{
  "timestamp": "2025-10-10T18:52:28.146Z",
  "runId": "cmgl7cxp1015v4bwguml7zqxc",
  "step": 24,
  "loss": 1.8898910167232774,
  "elapsedMs": 69215,
  "parameters": {
    "w": 2.1756382981962537,
    "b": 0.20987389442920037
  }
}