{
  "timestamp": "2025-10-10T20:45:28.041Z",
  "runId": "cmglbcb2y001p4nhiwgg4wuky",
  "step": 21,
  "loss": 0.26275827285333125,
  "elapsedMs": 160070,
  "parameters": {
    "w": 2.504224288236727,
    "b": 0.880745126446416
  }
}