{
  "timestamp": "2025-10-10T17:47:29.278Z",
  "runId": "cmgl4zfkb00nu59p3nhm3kcwp",
  "step": 21,
  "loss": 0.6928909945963423,
  "elapsedMs": 160065,
  "parameters": {
    "w": 2.4636325025636605,
    "b": 0.364765921779993
  }
}