{
  "timestamp": "2025-10-10T17:10:49.612Z",
  "runId": "cmgl3kbtb0039h6q6lb066m12",
  "step": 44,
  "loss": 0.263126244461909,
  "elapsedMs": 344249,
  "parameters": {
    "w": 2.4881690657074644,
    "b": 0.9789175059304561
  }
}