{
  "timestamp": "2025-10-10T20:03:36.447Z",
  "runId": "cmgl9rwek01gx6wcdq62ivwmo",
  "step": 36,
  "loss": 0.8064247532024564,
  "elapsedMs": 280141,
  "parameters": {
    "w": 2.409220952855127,
    "b": 0.3291575094552657
  }
}