{
  "timestamp": "2025-10-10T17:07:29.970Z",
  "runId": "cmgl3kopi003ph6q6ljucg8co",
  "step": 17,
  "loss": 0.28263581531592363,
  "elapsedMs": 128073,
  "parameters": {
    "w": 2.5083365794613486,
    "b": 0.8137813178537977
  }
}