{
  "timestamp": "2025-10-10T20:49:05.509Z",
  "runId": "cmglb7cuq00014nhizxmusl2p",
  "step": 77,
  "loss": 0.2559214127733136,
  "elapsedMs": 608319,
  "parameters": {
    "w": 2.501391979519853,
    "b": 1.0220998270631605
  }
}