{
  "timestamp": "2025-10-10T20:48:24.117Z",
  "runId": "cmglbcb2y001p4nhiwgg4wuky",
  "step": 43,
  "loss": 0.24772182883142557,
  "elapsedMs": 336146,
  "parameters": {
    "w": 2.5050633300816805,
    "b": 0.9807390809461135
  }
}