{
  "timestamp": "2025-10-10T17:27:02.341Z",
  "runId": "cmgl4bpjs005d59p39f6kzn3x",
  "step": 6,
  "loss": 0.7922275151007941,
  "elapsedMs": 40031,
  "parameters": {
    "w": 2.480590084639523,
    "b": 0.33831256897182116
  }
}