{
  "timestamp": "2025-10-10T18:42:25.553Z",
  "runId": "cmgl70ak600fq4bwgf9uu5c69",
  "step": 20,
  "loss": 0.5641912186267107,
  "elapsedMs": 57109,
  "parameters": {
    "w": 2.4801521017424535,
    "b": 0.44976347049278304
  }
}