{
  "timestamp": "2025-10-10T18:16:15.895Z",
  "runId": "cmgl63irq0001phvacuo2rrtr",
  "step": 3,
  "loss": 1.053035497621141,
  "elapsedMs": 16016,
  "parameters": {
    "w": 2.4558552343958815,
    "b": 0.2118624850217173
  }
}