{
  "timestamp": "2025-10-10T20:49:53.575Z",
  "runId": "cmglb7cuq00014nhizxmusl2p",
  "step": 83,
  "loss": 0.25592133400963285,
  "elapsedMs": 656348,
  "parameters": {
    "w": 2.5013893094234954,
    "b": 1.0222395592728948
  }
}