{
  "timestamp": "2025-10-10T17:59:34.025Z",
  "runId": "cmgl5fha7011s59p318sj78n8",
  "step": 18,
  "loss": 3.006643151473007,
  "elapsedMs": 136056,
  "parameters": {
    "w": 2.0294096818073832,
    "b": 0.14309475566020524
  }
}