{
  "timestamp": "2025-10-10T18:47:27.226Z",
  "runId": "cmgl766gt00rw4bwglngil2h1",
  "step": 29,
  "loss": 0.6090728542852099,
  "elapsedMs": 84171,
  "parameters": {
    "w": 2.4781432514239383,
    "b": 0.4136178822845226
  }
}