{
  "timestamp": "2025-10-10T17:59:26.016Z",
  "runId": "cmgl5h0vn014459p363ew48tj",
  "step": 8,
  "loss": 0.5486039703829096,
  "elapsedMs": 56024,
  "parameters": {
    "w": 2.504542944383459,
    "b": 0.4861038277107889
  }
}