{
  "timestamp": "2025-10-10T19:25:55.796Z",
  "runId": "cmgl8gnp400fr6wcdg48gl9pr",
  "step": 29,
  "loss": 0.4266749510930599,
  "elapsedMs": 224165,
  "parameters": {
    "w": 2.5051006744588027,
    "b": 0.6404850196592599
  }
}