{
  "timestamp": "2025-10-10T18:47:38.311Z",
  "runId": "cmgl7856900vy4bwg1x0y62xj",
  "step": 2,
  "loss": 40.78218290833163,
  "elapsedMs": 3003,
  "parameters": {
    "w": 0.5069420947973494,
    "b": 0.018228974821015854
  }
}