{
  "timestamp": "2025-10-10T18:46:18.091Z",
  "runId": "cmgl766gt00rw4bwglngil2h1",
  "step": 6,
  "loss": 12.714741241517224,
  "elapsedMs": 15037,
  "parameters": {
    "w": 1.4974244645236754,
    "b": 0.119482613553804
  }
}