{
  "timestamp": "2025-10-10T18:47:09.208Z",
  "runId": "cmgl766gt00rw4bwglngil2h1",
  "step": 23,
  "loss": 0.7452598135582045,
  "elapsedMs": 66155,
  "parameters": {
    "w": 2.432721627368978,
    "b": 0.350810588599456
  }
}