{
  "timestamp": "2025-10-10T19:09:25.393Z",
  "runId": "cmgl7zjlv002g6wcdql2u3d53",
  "step": 5,
  "loss": 0.7277982207045555,
  "elapsedMs": 32015,
  "parameters": {
    "w": 2.4865723009121115,
    "b": 0.35340766134935864
  }
}