{
  "timestamp": "2025-10-10T18:38:46.518Z",
  "runId": "cmgl6wtld008l4bwggktwxv95",
  "step": 1,
  "loss": 51.266935090336105,
  "elapsedMs": 0,
  "parameters": {
    "w": 1.0246493411172288,
    "b": 0.04754897171647775
  }
}