{
  "timestamp": "2025-10-10T18:14:29.021Z",
  "runId": "cmgl60jkk0001dkqperk9p40e",
  "step": 7,
  "loss": 0.5174080079644006,
  "elapsedMs": 48049,
  "parameters": {
    "w": 2.4957984324442397,
    "b": 0.5148013162461008
  }
}