{
  "timestamp": "2025-10-10T18:02:32.470Z",
  "runId": "cmgl5ku9x01af59p3n22aaa4d",
  "step": 9,
  "loss": 0.5905099112461418,
  "elapsedMs": 64020,
  "parameters": {
    "w": 2.4989563120140903,
    "b": 0.43836646527940837
  }
}