{
  "timestamp": "2025-10-10T20:34:56.029Z",
  "runId": "cmglb15x5000410aty7a0wpll",
  "step": 7,
  "loss": 0.5276325294701144,
  "elapsedMs": 48028,
  "parameters": {
    "w": 2.4990685383069926,
    "b": 0.5286270598293181
  }
}