{
  "timestamp": "2025-10-10T19:21:30.297Z",
  "runId": "cmgl8btqb00bz6wcdppfmiop5",
  "step": 24,
  "loss": 0.43850776871117875,
  "elapsedMs": 184083,
  "parameters": {
    "w": 2.5001851085951134,
    "b": 0.6294456224633723
  }
}