{
  "timestamp": "2025-10-10T17:02:44.312Z",
  "runId": "cmgl3g3cz0001h6q6xmybpgpv",
  "step": 8,
  "loss": 0.4615940952624676,
  "elapsedMs": 56028,
  "parameters": {
    "w": 2.505817650108987,
    "b": 0.5905168803985229
  }
}