{
  "timestamp": "2025-10-10T20:54:40.268Z",
  "runId": "cmglbcb2y001p4nhiwgg4wuky",
  "step": 90,
  "loss": 0.24757421961222834,
  "elapsedMs": 712296,
  "parameters": {
    "w": 2.505154457692676,
    "b": 0.991599338086278
  }
}