{
  "timestamp": "2025-10-10T17:00:40.745Z",
  "runId": "cmgl3d9qe00011qpodoj7t04t",
  "step": 9,
  "loss": 0.4335014544853991,
  "elapsedMs": 64022,
  "parameters": {
    "w": 2.493434508337749,
    "b": 0.6151067740679146
  }
}