{
  "timestamp": "2025-10-10T17:21:15.300Z",
  "runId": "cmgl44rnc000159p35n5uexhp",
  "step": 3,
  "loss": 0.9641768378947877,
  "elapsedMs": 16009,
  "parameters": {
    "w": 2.4800048084874815,
    "b": 0.24916169328001644
  }
}