{
  "timestamp": "2025-10-10T19:19:06.227Z",
  "runId": "cmgl8btqb00bz6wcdppfmiop5",
  "step": 6,
  "loss": 1.9050242579926762,
  "elapsedMs": 40014,
  "parameters": {
    "w": 2.269003602289341,
    "b": 0.20796518467412645
  }
}