{
  "timestamp": "2025-10-10T19:30:46.704Z",
  "runId": "cmgl8qo2800nl6wcd5h2kd6qf",
  "step": 7,
  "loss": 6.370705665933883,
  "elapsedMs": 48037,
  "parameters": {
    "w": 1.8296096842848217,
    "b": 0.11813249986296095
  }
}