{
  "timestamp": "2025-10-10T18:35:35.820Z",
  "runId": "cmgl6slj300014bwgepuoxl5u",
  "step": 3,
  "loss": 0.9110635656701545,
  "elapsedMs": 6005,
  "parameters": {
    "w": 2.502090023432664,
    "b": 0.2735030957346862
  }
}