{
  "timestamp": "2025-10-10T17:57:00.462Z",
  "runId": "cmgl59m5400vt59p3z5r7qzff",
  "step": 33,
  "loss": 0.7301619952775243,
  "elapsedMs": 256269,
  "parameters": {
    "w": 2.4491120162830904,
    "b": 0.3791164297533669
  }
}