{
  "timestamp": "2025-10-10T17:40:22.056Z",
  "runId": "cmgl4p8ro00fv59p3xmz642an",
  "step": 27,
  "loss": 0.4693120752534055,
  "elapsedMs": 208087,
  "parameters": {
    "w": 2.4744311085104305,
    "b": 0.541705245088997
  }
}