{
  "timestamp": "2025-10-10T20:20:31.492Z",
  "runId": "cmglaigvp002cowooff7wk6rf",
  "step": 8,
  "loss": 0.48801345780695293,
  "elapsedMs": 56019,
  "parameters": {
    "w": 2.4971880709092513,
    "b": 0.556203658706335
  }
}