{
  "timestamp": "2025-10-10T18:45:43.729Z",
  "runId": "cmgl74eri00o94bwg2vepljfr",
  "step": 22,
  "loss": 0.684128776452825,
  "elapsedMs": 63147,
  "parameters": {
    "w": 2.4682524700445048,
    "b": 0.3532456396770467
  }
}