{
  "timestamp": "2025-10-10T19:28:45.275Z",
  "runId": "cmgl8lu1b00jt6wcdu8xpy8ib",
  "step": 20,
  "loss": 0.5995912555199832,
  "elapsedMs": 152120,
  "parameters": {
    "w": 2.473199687404594,
    "b": 0.3767630788320656
  }
}