{
  "timestamp": "2025-10-10T20:49:52.155Z",
  "runId": "cmglbcb2y001p4nhiwgg4wuky",
  "step": 54,
  "loss": 0.24758876708733282,
  "elapsedMs": 424180,
  "parameters": {
    "w": 2.5051262894298882,
    "b": 0.9882423470083274
  }
}