{
  "timestamp": "2025-10-10T17:59:10.014Z",
  "runId": "cmgl5fha7011s59p318sj78n8",
  "step": 15,
  "loss": 4.610615848382857,
  "elapsedMs": 112049,
  "parameters": {
    "w": 1.882297062371622,
    "b": 0.11773886318725116
  }
}