{
  "timestamp": "2025-10-10T20:54:16.259Z",
  "runId": "cmglbcb2y001p4nhiwgg4wuky",
  "step": 87,
  "loss": 0.24757422614695934,
  "elapsedMs": 688288,
  "parameters": {
    "w": 2.505154216002789,
    "b": 0.9915705343648705
  }
}