{
  "timestamp": "2025-10-10T18:07:33.119Z",
  "runId": "cmgl5qlvy002ncwvauonxnqvu",
  "step": 13,
  "loss": 0.35807353654744284,
  "elapsedMs": 96075,
  "parameters": {
    "w": 2.50804240413612,
    "b": 0.6740524767600826
  }
}