{
  "timestamp": "2025-10-10T18:13:04.382Z",
  "runId": "cmgl5z2hw0001m5uqlbdm4yho",
  "step": 5,
  "loss": 0.6772048098863805,
  "elapsedMs": 32012,
  "parameters": {
    "w": 2.5074184559810124,
    "b": 0.40783428778721953
  }
}