{
  "timestamp": "2025-10-10T19:52:12.992Z",
  "runId": "cmgl9dryo015r6wcdpzs47l9c",
  "step": 33,
  "loss": 1.0361384076373248,
  "elapsedMs": 256171,
  "parameters": {
    "w": 2.3421745412305306,
    "b": 0.2844314235456685
  }
}