{
  "timestamp": "2025-10-10T19:20:02.249Z",
  "runId": "cmgl8btqb00bz6wcdppfmiop5",
  "step": 13,
  "loss": 0.6754757186070293,
  "elapsedMs": 96035,
  "parameters": {
    "w": 2.4844530369352635,
    "b": 0.4092337553143806
  }
}