{
  "timestamp": "2025-10-10T17:42:31.543Z",
  "runId": "cmgl4urll00k759p3ddddxdkz",
  "step": 11,
  "loss": 1.1657548315921908,
  "elapsedMs": 80035,
  "parameters": {
    "w": 2.33016896576747,
    "b": 0.26882395053020547
  }
}