{
  "timestamp": "2025-10-10T19:34:24.311Z",
  "runId": "cmgl8vo8r00ri6wcdlenesao3",
  "step": 5,
  "loss": 16.891893181061665,
  "elapsedMs": 32032,
  "parameters": {
    "w": 1.3097177326251175,
    "b": 0.08969804331975095
  }
}