{
  "timestamp": "2025-10-10T19:13:11.041Z",
  "runId": "cmgl836h500596wcddnzwnuoz",
  "step": 12,
  "loss": 0.47869883155999493,
  "elapsedMs": 88030,
  "parameters": {
    "w": 2.4962231858692703,
    "b": 0.546571449772269
  }
}