{
  "timestamp": "2025-10-10T20:21:35.515Z",
  "runId": "cmglaigvp002cowooff7wk6rf",
  "step": 16,
  "loss": 0.2957378907298415,
  "elapsedMs": 120043,
  "parameters": {
    "w": 2.4993875372825443,
    "b": 0.8052289421072324
  }
}