{
  "timestamp": "2025-10-10T17:14:52.561Z",
  "runId": "cmgl3g3cz0001h6q6xmybpgpv",
  "step": 99,
  "loss": 0.24222426182878454,
  "elapsedMs": 784349,
  "parameters": {
    "w": 2.500187869164281,
    "b": 1.0123214973076247
  }
}