{
  "timestamp": "2025-10-10T17:51:54.800Z",
  "runId": "cmgl54fs100rr59p3m5p675ua",
  "step": 25,
  "loss": 0.7147543141581045,
  "elapsedMs": 192114,
  "parameters": {
    "w": 2.4453814730469468,
    "b": 0.35963019227390863
  }
}