{
  "timestamp": "2025-10-10T17:37:57.994Z",
  "runId": "cmgl4p8ro00fv59p3xmz642an",
  "step": 9,
  "loss": 1.3398383400380458,
  "elapsedMs": 64026,
  "parameters": {
    "w": 2.2960335461501864,
    "b": 0.18715753016325196
  }
}