{
  "timestamp": "2025-10-10T18:02:56.371Z",
  "runId": "cmgl5m7by01ch59p3aivgbmz9",
  "step": 4,
  "loss": 32.94746252214225,
  "elapsedMs": 24013,
  "parameters": {
    "w": 0.7809973217074216,
    "b": 0.03608522506664041
  }
}