{
  "timestamp": "2025-10-10T17:10:12.406Z",
  "runId": "cmgl3g3cz0001h6q6xmybpgpv",
  "step": 64,
  "loss": 0.24222593357402825,
  "elapsedMs": 504196,
  "parameters": {
    "w": 2.500203028542371,
    "b": 1.0111859402199217
  }
}