{
  "timestamp": "2025-10-10T19:08:35.840Z",
  "runId": "cmgl7wdqj00026wcditavcuvj",
  "step": 17,
  "loss": 0.2871225123952587,
  "elapsedMs": 128020,
  "parameters": {
    "w": 2.5084341064979,
    "b": 0.8415953556410086
  }
}