{
  "timestamp": "2025-10-10T18:42:46.607Z",
  "runId": "cmgl70ak600fq4bwgf9uu5c69",
  "step": 27,
  "loss": 0.44876007375366567,
  "elapsedMs": 78163,
  "parameters": {
    "w": 2.486780961465438,
    "b": 0.5614526058315288
  }
}