{
  "timestamp": "2025-10-10T18:46:30.124Z",
  "runId": "cmgl766gt00rw4bwglngil2h1",
  "step": 10,
  "loss": 4.411587262559866,
  "elapsedMs": 27070,
  "parameters": {
    "w": 1.957534879885158,
    "b": 0.18407384810018937
  }
}