{
  "timestamp": "2025-10-10T18:07:41.123Z",
  "runId": "cmgl5qlvy002ncwvauonxnqvu",
  "step": 14,
  "loss": 0.3396667122257688,
  "elapsedMs": 104079,
  "parameters": {
    "w": 2.5075130447289604,
    "b": 0.6995308547044301
  }
}