{
  "timestamp": "2025-10-10T18:39:07.574Z",
  "runId": "cmgl6wtld008l4bwggktwxv95",
  "step": 8,
  "loss": 0.7787644569536157,
  "elapsedMs": 21054,
  "parameters": {
    "w": 2.463038848254732,
    "b": 0.3365983861362601
  }
}