{
  "timestamp": "2025-10-10T18:47:00.187Z",
  "runId": "cmgl766gt00rw4bwglngil2h1",
  "step": 20,
  "loss": 0.892683708325867,
  "elapsedMs": 57133,
  "parameters": {
    "w": 2.3885620942545316,
    "b": 0.3165726128096403
  }
}