{
  "timestamp": "2025-10-10T17:56:20.482Z",
  "runId": "cmgl5dqby00yz59p3mdjadbc9",
  "step": 4,
  "loss": 0.7772239189764066,
  "elapsedMs": 24015,
  "parameters": {
    "w": 2.4935818014334283,
    "b": 0.32058021522459973
  }
}