{
  "timestamp": "2025-10-10T20:16:03.836Z",
  "runId": "cmglacw590001owoouwrbu1dl",
  "step": 7,
  "loss": 0.5431879972020899,
  "elapsedMs": 48026,
  "parameters": {
    "w": 2.500531287050548,
    "b": 0.5199586630364315
  }
}