{
  "timestamp": "2025-10-10T19:18:26.214Z",
  "runId": "cmgl8btqb00bz6wcdppfmiop5",
  "step": 1,
  "loss": 51.33700046838689,
  "elapsedMs": 0,
  "parameters": {
    "w": 0.8212236541358362,
    "b": 0.03476853611095774
  }
}