{
  "timestamp": "2025-10-10T19:25:31.787Z",
  "runId": "cmgl8gnp400fr6wcdg48gl9pr",
  "step": 26,
  "loss": 0.46284209236060486,
  "elapsedMs": 200157,
  "parameters": {
    "w": 2.5047469723047984,
    "b": 0.5993885833846948
  }
}