{
  "timestamp": "2025-10-10T17:04:20.277Z",
  "runId": "cmgl3g3cz0001h6q6xmybpgpv",
  "step": 20,
  "loss": 0.2597840820352173,
  "elapsedMs": 152066,
  "parameters": {
    "w": 2.501780733652777,
    "b": 0.8930033729836012
  }
}