{
  "timestamp": "2025-10-10T17:05:29.905Z",
  "runId": "cmgl3kopi003ph6q6ljucg8co",
  "step": 2,
  "loss": 2.3681650756061208,
  "elapsedMs": 8005,
  "parameters": {
    "w": 2.443711216133294,
    "b": 0.18199207266059703
  }
}