{
  "timestamp": "2025-10-10T18:38:39.188Z",
  "runId": "cmgl6v8sc005d4bwg0lsq0cvg",
  "step": 23,
  "loss": 0.3184581616231229,
  "elapsedMs": 66150,
  "parameters": {
    "w": 2.5031134570434435,
    "b": 0.795523982727055
  }
}