{
  "timestamp": "2025-10-10T19:11:59.012Z",
  "runId": "cmgl836h500596wcddnzwnuoz",
  "step": 3,
  "loss": 3.3930782154269297,
  "elapsedMs": 16006,
  "parameters": {
    "w": 2.250761066272239,
    "b": 0.17784512652495924
  }
}