{
  "timestamp": "2025-10-10T17:08:58.028Z",
  "runId": "cmgl3kopi003ph6q6ljucg8co",
  "step": 28,
  "loss": 0.25275785091050923,
  "elapsedMs": 216132,
  "parameters": {
    "w": 2.5085510527406334,
    "b": 0.926209456301305
  }
}