{
  "timestamp": "2025-10-10T18:43:24.053Z",
  "runId": "cmgl72bgt00jx4bwgrwqopomd",
  "step": 8,
  "loss": 2.5375622857525197,
  "elapsedMs": 21050,
  "parameters": {
    "w": 2.1572749285143034,
    "b": 0.15367543249051138
  }
}