{
  "timestamp": "2025-10-10T18:44:36.228Z",
  "runId": "cmgl72bgt00jx4bwgrwqopomd",
  "step": 32,
  "loss": 0.47454749369091276,
  "elapsedMs": 93225,
  "parameters": {
    "w": 2.4879666188253537,
    "b": 0.559414328623943
  }
}