{
  "timestamp": "2025-10-10T20:17:15.867Z",
  "runId": "cmglacw590001owoouwrbu1dl",
  "step": 16,
  "loss": 0.2936987158265401,
  "elapsedMs": 120057,
  "parameters": {
    "w": 2.501959240659072,
    "b": 0.818669988407521
  }
}