{
  "timestamp": "2025-10-10T18:14:04.991Z",
  "runId": "cmgl60jkk0001dkqperk9p40e",
  "step": 4,
  "loss": 0.7494196366594349,
  "elapsedMs": 24023,
  "parameters": {
    "w": 2.4955526988553376,
    "b": 0.34334071190247173
  }
}