{
  "timestamp": "2025-10-10T17:14:44.558Z",
  "runId": "cmgl3g3cz0001h6q6xmybpgpv",
  "step": 98,
  "loss": 0.24222426207679096,
  "elapsedMs": 776348,
  "parameters": {
    "w": 2.5001879125732343,
    "b": 1.0123182456343474
  }
}