{
  "timestamp": "2025-10-10T17:56:36.484Z",
  "runId": "cmgl5dqby00yz59p3mdjadbc9",
  "step": 6,
  "loss": 0.5933922588463513,
  "elapsedMs": 40024,
  "parameters": {
    "w": 2.496689615575822,
    "b": 0.4451851026709051
  }
}