{
  "timestamp": "2025-10-10T18:10:51.623Z",
  "runId": "cmgl5w87m006wcwvaoazi1va1",
  "step": 5,
  "loss": 0.6458139227019092,
  "elapsedMs": 32026,
  "parameters": {
    "w": 2.503284863441033,
    "b": 0.43092744060794297
  }
}