{
  "timestamp": "2025-10-10T20:37:28.137Z",
  "runId": "cmglb15x5000410aty7a0wpll",
  "step": 26,
  "loss": 0.26028840520087426,
  "elapsedMs": 200135,
  "parameters": {
    "w": 2.496396416946172,
    "b": 0.9348698432266309
  }
}