{
  "timestamp": "2025-10-10T17:22:59.396Z",
  "runId": "cmgl44rnc000159p35n5uexhp",
  "step": 16,
  "loss": 0.285873950861364,
  "elapsedMs": 120104,
  "parameters": {
    "w": 2.496420685222512,
    "b": 0.8065367089118567
  }
}