{
  "timestamp": "2025-10-10T18:08:55.233Z",
  "runId": "cmgl5u8r5005hcwvace9t3wiy",
  "step": 2,
  "loss": 12.897213926804039,
  "elapsedMs": 8002,
  "parameters": {
    "w": 1.9224994009025793,
    "b": 0.11153428565544271
  }
}