{
  "timestamp": "2025-10-10T19:41:45.975Z",
  "runId": "cmgl90un200vk6wcdsop962ok",
  "step": 30,
  "loss": 0.7669120488567003,
  "elapsedMs": 232108,
  "parameters": {
    "w": 2.4257715377796676,
    "b": 0.3193434490434392
  }
}