{
  "timestamp": "2025-10-10T17:05:53.910Z",
  "runId": "cmgl3kopi003ph6q6ljucg8co",
  "step": 5,
  "loss": 0.6649724049692327,
  "elapsedMs": 32013,
  "parameters": {
    "w": 2.507287285879053,
    "b": 0.39751647580084687
  }
}