{
  "timestamp": "2025-10-10T17:54:44.304Z",
  "runId": "cmgl59m5400vt59p3z5r7qzff",
  "step": 16,
  "loss": 2.5084765726955833,
  "elapsedMs": 120110,
  "parameters": {
    "w": 2.1164888732300966,
    "b": 0.2090843752875981
  }
}