{
  "timestamp": "2025-10-10T18:49:25.217Z",
  "runId": "cmgl7afsf010p4bwg8hj2ac1n",
  "step": 2,
  "loss": 46.8394051209736,
  "elapsedMs": 3003,
  "parameters": {
    "w": 0.45205420214607317,
    "b": 0.024190306776719028
  }
}