{
  "timestamp": "2025-10-10T18:08:47.621Z",
  "runId": "cmgl5u8r5005hcwvace9t3wiy",
  "step": 1,
  "loss": 51.98440044811668,
  "elapsedMs": 0,
  "parameters": {
    "w": 1.298007584030382,
    "b": 0.05523982748792648
  }
}