{
  "timestamp": "2025-10-10T20:34:48.024Z",
  "runId": "cmglb15x5000410aty7a0wpll",
  "step": 6,
  "loss": 0.5914866419278414,
  "elapsedMs": 40022,
  "parameters": {
    "w": 2.4993769418117306,
    "b": 0.47645204839272093
  }
}