{
  "timestamp": "2025-10-10T20:43:27.988Z",
  "runId": "cmglbcb2y001p4nhiwgg4wuky",
  "step": 6,
  "loss": 0.6051602232059272,
  "elapsedMs": 40016,
  "parameters": {
    "w": 2.5005543144222857,
    "b": 0.45334451311660917
  }
}