{
  "timestamp": "2025-10-10T17:43:51.623Z",
  "runId": "cmgl4urll00k759p3ddddxdkz",
  "step": 21,
  "loss": 0.5522652207823117,
  "elapsedMs": 160114,
  "parameters": {
    "w": 2.4873620905605507,
    "b": 0.43263631364987687
  }
}