{
  "timestamp": "2025-10-10T19:43:23.371Z",
  "runId": "cmgl96vw2010b6wcdbnqi98ym",
  "step": 7,
  "loss": 17.878923881442407,
  "elapsedMs": 48040,
  "parameters": {
    "w": 1.1329452708734893,
    "b": 0.04910273543891851
  }
}