{
  "timestamp": "2025-10-10T18:43:30.063Z",
  "runId": "cmgl72bgt00jx4bwgrwqopomd",
  "step": 10,
  "loss": 1.510792378317491,
  "elapsedMs": 27060,
  "parameters": {
    "w": 2.286752532069773,
    "b": 0.19582132235508903
  }
}