{
  "timestamp": "2025-10-10T17:57:41.969Z",
  "runId": "cmgl5fha7011s59p318sj78n8",
  "step": 4,
  "loss": 30.444788672004336,
  "elapsedMs": 24006,
  "parameters": {
    "w": 0.7850920298044887,
    "b": 0.028062811837462908
  }
}