{
  "timestamp": "2025-10-10T17:55:08.326Z",
  "runId": "cmgl59m5400vt59p3z5r7qzff",
  "step": 19,
  "loss": 1.6724408879855528,
  "elapsedMs": 144125,
  "parameters": {
    "w": 2.230573738758219,
    "b": 0.24225666545911015
  }
}