{
  "timestamp": "2025-10-10T20:45:53.427Z",
  "runId": "cmglb7cuq00014nhizxmusl2p",
  "step": 53,
  "loss": 0.2559383305150407,
  "elapsedMs": 416234,
  "parameters": {
    "w": 2.5014573402482094,
    "b": 1.0186793516273203
  }
}