{
  "timestamp": "2025-10-10T19:49:24.860Z",
  "runId": "cmgl9dryo015r6wcdpzs47l9c",
  "step": 12,
  "loss": 9.106437642256605,
  "elapsedMs": 88042,
  "parameters": {
    "w": 1.579927296943135,
    "b": 0.11289528725130507
  }
}