{
  "timestamp": "2025-10-10T19:16:24.779Z",
  "runId": "cmgl87bxu008h6wcdl4542jih",
  "step": 12,
  "loss": 0.5829487299578751,
  "elapsedMs": 88024,
  "parameters": {
    "w": 2.4965251451812254,
    "b": 0.4885581433486584
  }
}