{
  "timestamp": "2025-10-10T20:36:16.454Z",
  "runId": "cmglb15x5000410aty7a0wpll",
  "step": 17,
  "loss": 0.28844380054498,
  "elapsedMs": 128111,
  "parameters": {
    "w": 2.4970581583438465,
    "b": 0.8345209117372286
  }
}