{
  "timestamp": "2025-10-10T18:39:16.600Z",
  "runId": "cmgl6wtld008l4bwggktwxv95",
  "step": 11,
  "loss": 0.6170544226833868,
  "elapsedMs": 30081,
  "parameters": {
    "w": 2.4925585352024595,
    "b": 0.43320354205140565
  }
}