{
  "timestamp": "2025-10-10T19:57:58.398Z",
  "runId": "cmgl9l0fl01bh6wcdrrxrxgke",
  "step": 34,
  "loss": 0.9711520434953956,
  "elapsedMs": 264015,
  "parameters": {
    "w": 2.365995540521178,
    "b": 0.28671024977441695
  }
}