{
  "timestamp": "2025-10-10T17:14:10.402Z",
  "runId": "cmgl3kopi003ph6q6ljucg8co",
  "step": 67,
  "loss": 0.24949479875350283,
  "elapsedMs": 528279,
  "parameters": {
    "w": 2.5086475300257858,
    "b": 0.9767834094376373
  }
}