{
  "timestamp": "2025-10-10T19:11:41.446Z",
  "runId": "cmgl7zjlv002g6wcdql2u3d53",
  "step": 22,
  "loss": 0.2660380967549622,
  "elapsedMs": 168069,
  "parameters": {
    "w": 2.4911081151900243,
    "b": 0.8383530876099302
  }
}