{
  "timestamp": "2025-10-10T17:53:32.237Z",
  "runId": "cmgl59m5400vt59p3z5r7qzff",
  "step": 7,
  "loss": 13.849320426813547,
  "elapsedMs": 48043,
  "parameters": {
    "w": 1.3978445047364823,
    "b": 0.09926510581514734
  }
}