{
  "timestamp": "2025-10-10T18:08:45.170Z",
  "runId": "cmgl5qlvy002ncwvauonxnqvu",
  "step": 22,
  "loss": 0.26479804832378306,
  "elapsedMs": 168118,
  "parameters": {
    "w": 2.5045435569461056,
    "b": 0.8423232421260703
  }
}