{
  "timestamp": "2025-10-10T20:51:20.192Z",
  "runId": "cmglbcb2y001p4nhiwgg4wuky",
  "step": 65,
  "loss": 0.24757564729686776,
  "elapsedMs": 512220,
  "parameters": {
    "w": 2.505146058992776,
    "b": 0.9905984115881042
  }
}