{
  "timestamp": "2025-10-10T19:08:27.842Z",
  "runId": "cmgl7wdqj00026wcditavcuvj",
  "step": 16,
  "loss": 0.2950785822853478,
  "elapsedMs": 120021,
  "parameters": {
    "w": 2.508534251987488,
    "b": 0.823178462403988
  }
}