{
  "timestamp": "2025-10-10T18:43:15.038Z",
  "runId": "cmgl72bgt00jx4bwgrwqopomd",
  "step": 5,
  "loss": 8.030949454794788,
  "elapsedMs": 12034,
  "parameters": {
    "w": 1.7861401123455687,
    "b": 0.09021256084683597
  }
}