{
  "timestamp": "2025-10-10T17:10:28.413Z",
  "runId": "cmgl3g3cz0001h6q6xmybpgpv",
  "step": 66,
  "loss": 0.24222535893832103,
  "elapsedMs": 520204,
  "parameters": {
    "w": 2.5002000776040627,
    "b": 1.011406988794059
  }
}