{
  "timestamp": "2025-10-10T17:14:26.180Z",
  "runId": "cmgl3kopi003ph6q6ljucg8co",
  "step": 69,
  "loss": 0.24949449593621284,
  "elapsedMs": 544282,
  "parameters": {
    "w": 2.5086478361296174,
    "b": 0.9769438708437207
  }
}