{
  "timestamp": "2025-10-10T20:06:58.374Z",
  "runId": "cmgla1jtd00013dxhvorihs03",
  "step": 5,
  "loss": 0.6946214629686038,
  "elapsedMs": 32006,
  "parameters": {
    "w": 2.501458902069898,
    "b": 0.4108938046167866
  }
}