{
  "timestamp": "2025-10-10T17:23:31.412Z",
  "runId": "cmgl44rnc000159p35n5uexhp",
  "step": 20,
  "loss": 0.2604376208735135,
  "elapsedMs": 152123,
  "parameters": {
    "w": 2.497173668673595,
    "b": 0.871948498430434
  }
}