{
  "timestamp": "2025-10-10T19:43:55.373Z",
  "runId": "cmgl96vw2010b6wcdbnqi98ym",
  "step": 11,
  "loss": 9.403438371796495,
  "elapsedMs": 80052,
  "parameters": {
    "w": 1.5290560510956737,
    "b": 0.08034559514792844
  }
}