{
  "timestamp": "2025-10-10T20:44:16.006Z",
  "runId": "cmglbcb2y001p4nhiwgg4wuky",
  "step": 12,
  "loss": 0.34863488513816937,
  "elapsedMs": 88036,
  "parameters": {
    "w": 2.5027537146525227,
    "b": 0.705487851170895
  }
}