{
  "timestamp": "2025-10-10T19:17:12.791Z",
  "runId": "cmgl87bxu008h6wcdl4542jih",
  "step": 18,
  "loss": 0.42867603831328976,
  "elapsedMs": 136036,
  "parameters": {
    "w": 2.4985123102102103,
    "b": 0.6358475318032435
  }
}