{
  "timestamp": "2025-10-10T19:16:16.780Z",
  "runId": "cmgl87bxu008h6wcdl4542jih",
  "step": 11,
  "loss": 0.6198582868412449,
  "elapsedMs": 80023,
  "parameters": {
    "w": 2.494594941423438,
    "b": 0.4591652695094536
  }
}