{
  "timestamp": "2025-10-10T19:52:45.004Z",
  "runId": "cmgl9dryo015r6wcdpzs47l9c",
  "step": 37,
  "loss": 0.8745073193348328,
  "elapsedMs": 288186,
  "parameters": {
    "w": 2.3878080492482368,
    "b": 0.3134013044724661
  }
}