{
  "timestamp": "2025-10-10T20:30:53.052Z",
  "runId": "cmglas6ov0002lfunaib5ijsh",
  "step": 29,
  "loss": 0.25969099873163215,
  "elapsedMs": 224117,
  "parameters": {
    "w": 2.4966177983320947,
    "b": 0.9616999484922925
  }
}