{
  "timestamp": "2025-10-10T18:45:40.723Z",
  "runId": "cmgl74eri00o94bwg2vepljfr",
  "step": 21,
  "loss": 0.7083015692546665,
  "elapsedMs": 60140,
  "parameters": {
    "w": 2.4611668787408814,
    "b": 0.3398263889107992
  }
}