{
  "timestamp": "2025-10-10T19:37:36.403Z",
  "runId": "cmgl8vo8r00ri6wcdlenesao3",
  "step": 29,
  "loss": 0.6522506518355858,
  "elapsedMs": 224125,
  "parameters": {
    "w": 2.4686180628283667,
    "b": 0.4032620167717117
  }
}