{
  "timestamp": "2025-10-10T19:31:10.720Z",
  "runId": "cmgl8qo2800nl6wcd5h2kd6qf",
  "step": 10,
  "loss": 2.675519752797698,
  "elapsedMs": 72052,
  "parameters": {
    "w": 2.1182644591765873,
    "b": 0.16883860975734902
  }
}