{
  "timestamp": "2025-10-10T18:49:46.491Z",
  "runId": "cmgl7afsf010p4bwg8hj2ac1n",
  "step": 9,
  "loss": 12.46491412328019,
  "elapsedMs": 24031,
  "parameters": {
    "w": 1.4831400647915172,
    "b": 0.10167350472402614
  }
}