{
  "timestamp": "2025-10-10T19:14:55.150Z",
  "runId": "cmgl836h500596wcddnzwnuoz",
  "step": 25,
  "loss": 0.2858931524885443,
  "elapsedMs": 192143,
  "parameters": {
    "w": 2.4967700531640578,
    "b": 0.8082040914161923
  }
}