{
  "timestamp": "2025-10-10T19:17:44.806Z",
  "runId": "cmgl87bxu008h6wcdl4542jih",
  "step": 22,
  "loss": 0.3684942410842589,
  "elapsedMs": 168050,
  "parameters": {
    "w": 2.498289288853347,
    "b": 0.711172817159029
  }
}