{
  "timestamp": "2025-10-10T17:02:12.225Z",
  "runId": "cmgl3g3cz0001h6q6xmybpgpv",
  "step": 4,
  "loss": 0.7521965760873658,
  "elapsedMs": 24012,
  "parameters": {
    "w": 2.507032043602353,
    "b": 0.3697618391207548
  }
}