{
  "timestamp": "2025-10-10T20:50:32.172Z",
  "runId": "cmglbcb2y001p4nhiwgg4wuky",
  "step": 59,
  "loss": 0.24757929003326865,
  "elapsedMs": 464198,
  "parameters": {
    "w": 2.505138086230204,
    "b": 0.9896482467511005
  }
}