{
  "timestamp": "2025-10-10T19:27:33.204Z",
  "runId": "cmgl8lu1b00jt6wcdu8xpy8ib",
  "step": 11,
  "loss": 1.137735387722912,
  "elapsedMs": 80050,
  "parameters": {
    "w": 2.334543214683096,
    "b": 0.22414070544000125
  }
}