{
  "timestamp": "2025-10-10T18:49:28.270Z",
  "runId": "cmgl7afsf010p4bwg8hj2ac1n",
  "step": 3,
  "loss": 38.60991157886837,
  "elapsedMs": 6007,
  "parameters": {
    "w": 0.6465813139807384,
    "b": 0.03590460365538585
  }
}