{
  "timestamp": "2025-10-10T18:40:27.035Z",
  "runId": "cmgl6yiy100c34bwgpi1gkjqk",
  "step": 8,
  "loss": 0.8986906894793979,
  "elapsedMs": 21052,
  "parameters": {
    "w": 2.437192000684182,
    "b": 0.345203740362343
  }
}