{
  "timestamp": "2025-10-10T19:06:51.823Z",
  "runId": "cmgl7wdqj00026wcditavcuvj",
  "step": 4,
  "loss": 0.7800156376965758,
  "elapsedMs": 24003,
  "parameters": {
    "w": 2.508145785862925,
    "b": 0.35532827616254
  }
}