{
  "timestamp": "2025-10-10T19:42:51.330Z",
  "runId": "cmgl96vw2010b6wcdbnqi98ym",
  "step": 3,
  "loss": 34.88375536218303,
  "elapsedMs": 16008,
  "parameters": {
    "w": 0.5710455862658019,
    "b": 0.01981464181094752
  }
}