{
  "timestamp": "2025-10-10T19:39:45.900Z",
  "runId": "cmgl90un200vk6wcdsop962ok",
  "step": 15,
  "loss": 3.005539842362903,
  "elapsedMs": 112053,
  "parameters": {
    "w": 2.0533491540154842,
    "b": 0.17148981276860903
  }
}