{
  "timestamp": "2025-10-10T17:00:56.747Z",
  "runId": "cmgl3d9qe00011qpodoj7t04t",
  "step": 11,
  "loss": 0.36743293285130735,
  "elapsedMs": 80027,
  "parameters": {
    "w": 2.493693205784631,
    "b": 0.6900578968697437
  }
}