{
  "timestamp": "2025-10-10T18:51:10.346Z",
  "runId": "cmgl7afsf010p4bwg8hj2ac1n",
  "step": 37,
  "loss": 0.7594363101758936,
  "elapsedMs": 108132,
  "parameters": {
    "w": 2.4464891560779543,
    "b": 0.3427468910250982
  }
}