{
  "timestamp": "2025-10-10T17:17:45.864Z",
  "runId": "cmgl3kbtb0039h6q6lb066m12",
  "step": 96,
  "loss": 0.2630027462118232,
  "elapsedMs": 760500,
  "parameters": {
    "w": 2.488313447573568,
    "b": 0.9888851065033606
  }
}