{
  "timestamp": "2025-10-10T17:16:10.225Z",
  "runId": "cmgl3kopi003ph6q6ljucg8co",
  "step": 82,
  "loss": 0.249493955525848,
  "elapsedMs": 648324,
  "parameters": {
    "w": 2.5086488094107557,
    "b": 0.9774540704683952
  }
}