{
  "timestamp": "2025-10-10T17:05:29.371Z",
  "runId": "cmgl3kbtb0039h6q6lb066m12",
  "step": 4,
  "loss": 0.8237835516062004,
  "elapsedMs": 24006,
  "parameters": {
    "w": 2.4748546509341107,
    "b": 0.3161978278779801
  }
}