{
  "timestamp": "2025-10-10T20:50:01.580Z",
  "runId": "cmglb7cuq00014nhizxmusl2p",
  "step": 84,
  "loss": 0.25592132810492524,
  "elapsedMs": 664350,
  "parameters": {
    "w": 2.5013890062327233,
    "b": 1.0222554259349521
  }
}