{
  "timestamp": "2025-10-10T18:15:16.710Z",
  "runId": "cmgl62lbu001gdkqpfjwsax3u",
  "step": 1,
  "loss": 53.231796711634,
  "elapsedMs": 0,
  "parameters": {
    "w": 2.0724856923741672,
    "b": 0.12066767630097404
  }
}