{
  "timestamp": "2025-10-10T17:06:12.321Z",
  "runId": "cmgl3g3cz0001h6q6xmybpgpv",
  "step": 34,
  "loss": 0.24314701732603913,
  "elapsedMs": 264113,
  "parameters": {
    "w": 2.5005527100758296,
    "b": 0.9849920329639505
  }
}