{
  "timestamp": "2025-10-10T19:57:02.381Z",
  "runId": "cmgl9l0fl01bh6wcdrrxrxgke",
  "step": 27,
  "loss": 1.4333542699501043,
  "elapsedMs": 207999,
  "parameters": {
    "w": 2.2598198036984694,
    "b": 0.23318147721953172
  }
}