{
  "timestamp": "2025-10-10T18:42:37.580Z",
  "runId": "cmgl70ak600fq4bwgf9uu5c69",
  "step": 24,
  "loss": 0.4916732540571861,
  "elapsedMs": 69136,
  "parameters": {
    "w": 2.4849496656711283,
    "b": 0.5167211529632457
  }
}