{
  "timestamp": "2025-10-10T17:10:04.403Z",
  "runId": "cmgl3g3cz0001h6q6xmybpgpv",
  "step": 63,
  "loss": 0.24222632535677088,
  "elapsedMs": 496194,
  "parameters": {
    "w": 2.5002047538657366,
    "b": 1.0110566998800756
  }
}