{
  "timestamp": "2025-10-10T19:45:39.410Z",
  "runId": "cmgl96vw2010b6wcdbnqi98ym",
  "step": 24,
  "loss": 1.7682583698030256,
  "elapsedMs": 184088,
  "parameters": {
    "w": 2.172157966459925,
    "b": 0.18503582399625365
  }
}