{
  "timestamp": "2025-10-10T20:16:27.853Z",
  "runId": "cmglacw590001owoouwrbu1dl",
  "step": 10,
  "loss": 0.4056518059133277,
  "elapsedMs": 72040,
  "parameters": {
    "w": 2.5011691216251957,
    "b": 0.6521002815412029
  }
}