{
  "timestamp": "2025-10-10T17:39:18.030Z",
  "runId": "cmgl4p8ro00fv59p3xmz642an",
  "step": 19,
  "loss": 0.6164844225033007,
  "elapsedMs": 144062,
  "parameters": {
    "w": 2.461589113115975,
    "b": 0.4074631028659116
  }
}