{
  "timestamp": "2025-10-10T19:31:26.736Z",
  "runId": "cmgl8qo2800nl6wcd5h2kd6qf",
  "step": 12,
  "loss": 1.709576317871265,
  "elapsedMs": 88068,
  "parameters": {
    "w": 2.2376542122703187,
    "b": 0.20168570543275824
  }
}