{
  "timestamp": "2025-10-10T19:07:23.834Z",
  "runId": "cmgl7wdqj00026wcditavcuvj",
  "step": 8,
  "loss": 0.47913378088258923,
  "elapsedMs": 56012,
  "parameters": {
    "w": 2.509855655268434,
    "b": 0.5795412817736625
  }
}