{
  "timestamp": "2025-10-10T17:10:02.073Z",
  "runId": "cmgl3kopi003ph6q6ljucg8co",
  "step": 36,
  "loss": 0.250098760509085,
  "elapsedMs": 280153,
  "parameters": {
    "w": 2.5086069162882194,
    "b": 0.955493452354699
  }
}