{
  "timestamp": "2025-10-10T20:52:16.216Z",
  "runId": "cmglbcb2y001p4nhiwgg4wuky",
  "step": 72,
  "loss": 0.24757454075954638,
  "elapsedMs": 568244,
  "parameters": {
    "w": 2.505150778312135,
    "b": 0.9911608428996367
  }
}