{
  "timestamp": "2025-10-10T18:52:58.208Z",
  "runId": "cmgl7cxp1015v4bwguml7zqxc",
  "step": 34,
  "loss": 0.9562100541297679,
  "elapsedMs": 99269,
  "parameters": {
    "w": 2.3596371926477304,
    "b": 0.2858920568128136
  }
}