{
  "timestamp": "2025-10-10T20:19:51.475Z",
  "runId": "cmglaigvp002cowooff7wk6rf",
  "step": 3,
  "loss": 0.962923442786064,
  "elapsedMs": 16003,
  "parameters": {
    "w": 2.484260576995838,
    "b": 0.25318068933395343
  }
}