{
  "timestamp": "2025-10-10T17:56:20.451Z",
  "runId": "cmgl59m5400vt59p3z5r7qzff",
  "step": 28,
  "loss": 0.8582827725783667,
  "elapsedMs": 216256,
  "parameters": {
    "w": 2.407239968487908,
    "b": 0.3333441151203044
  }
}