{
  "timestamp": "2025-10-10T20:12:45.903Z",
  "runId": "cmgla7z4y004y3dxh5c4aap3d",
  "step": 11,
  "loss": 0.47194815731745254,
  "elapsedMs": 80027,
  "parameters": {
    "w": 2.506031267355897,
    "b": 0.544984176555917
  }
}