{
  "timestamp": "2025-10-10T18:36:34.453Z",
  "runId": "cmgl6tsm0002f4bwgl80qap6b",
  "step": 4,
  "loss": 0.992456105684184,
  "elapsedMs": 9016,
  "parameters": {
    "w": 2.4490559298730026,
    "b": 0.26028529223635644
  }
}