{
  "timestamp": "2025-10-10T20:08:02.406Z",
  "runId": "cmgla1jtd00013dxhvorihs03",
  "step": 13,
  "loss": 0.3400366371280089,
  "elapsedMs": 96037,
  "parameters": {
    "w": 2.5018396096119973,
    "b": 0.7490434612308833
  }
}