{
  "timestamp": "2025-10-10T20:41:21.277Z",
  "runId": "cmglb7cuq00014nhizxmusl2p",
  "step": 19,
  "loss": 0.2774867848706475,
  "elapsedMs": 144080,
  "parameters": {
    "w": 2.503915534606342,
    "b": 0.8900364550446959
  }
}