{
  "timestamp": "2025-10-10T20:21:59.523Z",
  "runId": "cmglaigvp002cowooff7wk6rf",
  "step": 19,
  "loss": 0.27522962627730063,
  "elapsedMs": 144049,
  "parameters": {
    "w": 2.4998380015215047,
    "b": 0.8562559789097188
  }
}