{
  "timestamp": "2025-10-10T20:46:33.443Z",
  "runId": "cmglb7cuq00014nhizxmusl2p",
  "step": 58,
  "loss": 0.25592725796133237,
  "elapsedMs": 456252,
  "parameters": {
    "w": 2.501428299291363,
    "b": 1.02019913088965
  }
}