{
  "timestamp": "2025-10-10T18:38:03.102Z",
  "runId": "cmgl6v8sc005d4bwg0lsq0cvg",
  "step": 11,
  "loss": 0.5478737248321532,
  "elapsedMs": 30065,
  "parameters": {
    "w": 2.5004168471250896,
    "b": 0.5201815505365327
  }
}