{
  "timestamp": "2025-10-10T19:08:03.850Z",
  "runId": "cmgl7wdqj00026wcditavcuvj",
  "step": 13,
  "loss": 0.33199423516341814,
  "elapsedMs": 96025,
  "parameters": {
    "w": 2.5089065161196746,
    "b": 0.7547184443509233
  }
}