{
  "timestamp": "2025-10-10T18:38:52.534Z",
  "runId": "cmgl6wtld008l4bwggktwxv95",
  "step": 3,
  "loss": 7.140461569646275,
  "elapsedMs": 6014,
  "parameters": {
    "w": 1.9859376668624815,
    "b": 0.13924219251433204
  }
}