{
  "timestamp": "2025-10-10T18:42:34.570Z",
  "runId": "cmgl70ak600fq4bwgf9uu5c69",
  "step": 23,
  "loss": 0.5079974028494362,
  "elapsedMs": 66127,
  "parameters": {
    "w": 2.484103015535475,
    "b": 0.5007983094383642
  }
}