{
  "timestamp": "2025-10-10T19:44:03.374Z",
  "runId": "cmgl96vw2010b6wcdbnqi98ym",
  "step": 12,
  "loss": 8.055646082433926,
  "elapsedMs": 88053,
  "parameters": {
    "w": 1.608274794197254,
    "b": 0.08833386286372474
  }
}