{
  "timestamp": "2025-10-10T19:33:42.834Z",
  "runId": "cmgl8qo2800nl6wcd5h2kd6qf",
  "step": 29,
  "loss": 0.5669906184955178,
  "elapsedMs": 224167,
  "parameters": {
    "w": 2.4899051833526107,
    "b": 0.43852685559813237
  }
}