{
  "timestamp": "2025-10-10T19:47:31.463Z",
  "runId": "cmgl96vw2010b6wcdbnqi98ym",
  "step": 38,
  "loss": 0.8248137405039756,
  "elapsedMs": 296141,
  "parameters": {
    "w": 2.3879350121586875,
    "b": 0.2911674471520629
  }
}