{
  "timestamp": "2025-10-10T18:51:24.937Z",
  "runId": "cmgl7cxp1015v4bwguml7zqxc",
  "step": 3,
  "loss": 37.4891860194257,
  "elapsedMs": 6008,
  "parameters": {
    "w": 0.5652670448664469,
    "b": 0.027967069208488276
  }
}