{
  "timestamp": "2025-10-10T18:52:49.185Z",
  "runId": "cmgl7cxp1015v4bwguml7zqxc",
  "step": 31,
  "loss": 1.1099427912647626,
  "elapsedMs": 90258,
  "parameters": {
    "w": 2.319826835504055,
    "b": 0.2638261858897986
  }
}