{
  "timestamp": "2025-10-10T20:15:15.812Z",
  "runId": "cmglacw590001owoouwrbu1dl",
  "step": 1,
  "loss": 52.957955608831284,
  "elapsedMs": 0,
  "parameters": {
    "w": 2.0688402787136924,
    "b": 0.09212144126329558
  }
}