{
  "timestamp": "2025-10-10T18:03:55.507Z",
  "runId": "cmgl5na850001cwva9g70z3sf",
  "step": 5,
  "loss": 0.6843522685381319,
  "elapsedMs": 32013,
  "parameters": {
    "w": 2.495670757995339,
    "b": 0.3954749484902161
  }
}