{
  "timestamp": "2025-10-10T19:58:14.399Z",
  "runId": "cmgl9l0fl01bh6wcdrrxrxgke",
  "step": 36,
  "loss": 0.9029435833455991,
  "elapsedMs": 280018,
  "parameters": {
    "w": 2.3861254315638694,
    "b": 0.30138756102122866
  }
}