{
  "timestamp": "2025-10-10T17:36:53.967Z",
  "runId": "cmgl4p8ro00fv59p3xmz642an",
  "step": 1,
  "loss": 48.9692429569178,
  "elapsedMs": 0,
  "parameters": {
    "w": 0.6362106771363059,
    "b": 0.009785248247609736
  }
}