{
  "timestamp": "2025-10-10T19:43:39.370Z",
  "runId": "cmgl96vw2010b6wcdbnqi98ym",
  "step": 9,
  "loss": 12.912374398599212,
  "elapsedMs": 64048,
  "parameters": {
    "w": 1.3482632886609036,
    "b": 0.06455269179139685
  }
}