{
  "timestamp": "2025-10-10T19:55:42.359Z",
  "runId": "cmgl9l0fl01bh6wcdrrxrxgke",
  "step": 17,
  "loss": 4.150133826285877,
  "elapsedMs": 127977,
  "parameters": {
    "w": 1.933923786547664,
    "b": 0.15100436256820407
  }
}