{
  "timestamp": "2025-10-10T18:43:09.021Z",
  "runId": "cmgl72bgt00jx4bwgrwqopomd",
  "step": 3,
  "loss": 20.264691247254916,
  "elapsedMs": 6019,
  "parameters": {
    "w": 1.325078446934662,
    "b": 0.04993148955621194
  }
}