{
  "timestamp": "2025-10-10T18:46:48.162Z",
  "runId": "cmgl766gt00rw4bwglngil2h1",
  "step": 16,
  "loss": 1.3621246818037303,
  "elapsedMs": 45109,
  "parameters": {
    "w": 2.2875012723605423,
    "b": 0.26741687629361655
  }
}