{
  "timestamp": "2025-10-10T18:49:43.279Z",
  "runId": "cmgl7afsf010p4bwg8hj2ac1n",
  "step": 8,
  "loss": 14.979134058070606,
  "elapsedMs": 21027,
  "parameters": {
    "w": 1.375898312302242,
    "b": 0.09119582729719465
  }
}